,0,1,2,3,4,5,6,7,8,9,10,11,12,13,14,15,16,17,18,19,20,21,22,23,24,25,26,27,28,29,30,31,32,33,34,35,36,37,38,39,40,41,42,43,44,45,46,47,48,49,51,52,53,54,55,56,57,58,59,60,61,62,63,64,65,66,67,68,69,70,71,72,73,74,75,76,77,78,79,80,81,82,83,84,85,86,87,88,89,90,91,92,93,94,95,96,97,98,99,100,101,102,103,104,105,106,107,108,109,110,111,112,113,114,115,116,117,118,119,120,121,122,123,124,125,126,127,128,129,130,131,132,133,134,135,136,137,138,139,140,141,142,143,144,145,146,147,148,149,150,151,152,153,154,155,156,157,158,159,160,161,162,163,164,165,167,168,169,170,171,172,173,174,175,176,177,178,179,180,181,182,183,184,185,186,187,188,189,190,191,192,193,194,195,196,197,198,199,200,201,202,203,204,205,206,207,208,209,210,211,212,213,214,215,216,217,218,219,220,221,222,223,224,225,226,227,228,229,230,231
0,0.0,13.228239326474,11.249758262827,8.48258106659175,8.66969237465129,10.287847879142,11.654370025841,11.360873935099,12.7428680866434,12.3125676878272,12.2016742263948,11.0275723066884,8.11439686055217,8.51070287012056,7.6594400466584,8.65232134825878,8.27404032931425,8.22661593110471,7.8362332718145,10.4713091750152,6.92462790639313,6.7435829766148,7.85000243648844,9.51754932040042,11.3021413685983,11.9543348727597,12.737747441822,12.6674594808881,2.59837131854994,2.1369276763904,8.03184446449572,11.0037127743445,10.2989476664883,9.77887338689044,9.72319410428622,8.17679058558554,5.30686827763887,3.42727301323827,4.68295713253192,6.39778308112983,7.85768034603762,5.54088867671786,6.79134283867435,5.13315763743421,8.71502664171454,7.84360901474321,9.53379846338669,11.965412872023,6.95381667094116,6.02214607258663,4.44909288836167,6.89160524906185,6.05532984561657,4.13417142912086,6.85691903199138,5.93693270309538,4.84530377539189,5.46799868544709,8.57606919071652,6.42538006462339,8.17457808627135,6.80114835722191,5.89117470635734,13.2703831289984,9.00041961623343,4.82510761731487,7.24105060387201,6.99880982224263,8.4736963410895,9.45583290898976,6.31166219424102,8.08756357938883,7.55174566143008,8.56513243702445,6.96425619875506,9.70772003000892,2.50309135862503,4.14894789942523,6.35833190458541,10.9470845165358,8.10833627907061,7.9191406444836,9.11053128251346,10.0093511552155,7.03717333853143,10.0564360976451,3.3728337056622,1.74398248869641,2.12434840289151,4.98359349273077,3.38690036446246,9.3369491615181,11.5463702237073,11.9853742886349,10.2450560999145,12.3044759609844,13.1519931131884,12.4407099871905,11.7716754753358,13.0649334128205,12.1177440674291,8.02702308859703,9.99304919799989,6.06923054507096,4.24419358408907,16.9215220595496,14.5406037539136,12.8766558293107,10.6145036377281,11.5987788190285,9.77558168865415,8.30158804533046,12.7993306970906,11.1615496474912,7.88788864315831,16.3653163573703,15.8435939060093,15.4847756155881,16.0659842775751,14.9955312191514,13.4929818636658,14.344087687279,12.6117363773631,13.8318514116289,21.0997879323085,13.8516624032386,13.7399727423804,9.78495533040729,10.4333165229853,9.80820030816162,10.5163626173649,10.0716491004258,10.178903905694,9.77071157269358,11.6916612782024,13.1893168230398,11.0723846486523,10.8868213693723,11.3138986768793,12.6853261207273,12.8920209724514,19.4749028138287,20.0956533411553,14.578001663809,14.6591388393136,18.4321695892285,15.3868565334137,16.6157069891155,17.9770995175662,17.0643655067877,17.6271310995927,12.6331242847205,16.4331488861597,14.4312086209715,14.3594329893932,11.4575451588695,17.4328814413645,18.5353360676092,16.2253093722513,14.8863019547948,17.0254830099311,12.4004369471902,13.8009018787846,17.2851338723681,15.9321282753387,19.8087847045445,20.8769811810873,20.7171412358204,18.6787368978832,20.3951742589964,20.3303642235749,19.6822940369437,19.1200972979114,20.6920230432326,20.2222988103065,20.6655101969575,19.526500046428,17.3485418784258,18.2140540821138,21.2830335234952,17.5503160613125,18.1136830988088,18.1081203186972,17.2745379779296,16.1239972138529,19.7589704794901,15.1750556945757,17.3192708504249,19.074299597997,13.8015347653747,14.0442524297733,16.7287038083269,16.9497463234983,17.9564643914145,12.6061806950517,20.4197297008294,19.2074881060662,19.0750944494171,17.0361029563651,18.9195036910408,16.7589553530388,17.1856615106319,17.3723332801628,16.5066917688986,18.672257521007,17.7079582482713,20.0854809451169,20.2239108683076,21.4971472070852,21.3552715136667,22.2077499627924,21.3418262449711,21.0359221550827,17.5941955208549,19.9843591742939,19.6786723413577,20.1098241530356,19.2163036046619,18.9345819921444,18.1465198250268,20.58268228298,19.8712014954665,21.456253653968,17.6531437322114,21.102476690261,21.5218081618689,20.7458542842263,16.7680945860834,14.0831922189933,15.6558711407729
1,13.228239326474,0.0,2.5187570318563,5.90534547482628,6.04954969454888,5.65480006973514,3.52184994969745,6.09145547857321,3.87913714544715,24.9325768538835,21.907891703589,20.6550707147648,15.4993015862578,16.5030475314964,13.4068416299653,7.07528800158357,7.92802883678719,8.43639951487444,10.7925560606565,6.72891907415993,16.8027020105635,15.046160854459,16.2198616740185,17.8713280923052,3.3421287550924,3.7920705919511,16.3049295678182,16.793774709533,12.030031677054,12.7361971178649,7.01074405413652,2.87713495760105,3.59342970017407,4.88982567168428,4.27395102528774,7.3458589376045,11.592594671875,10.0428693228968,9.28183535621171,7.4910532362416,9.11253064863417,8.70823970954361,9.1169748766024,8.32763818698522,5.03096166385788,5.99918791671945,5.90567173333299,2.96471559198609,11.5899240660572,18.107443047002,16.1329865855801,15.4911985518003,17.8065470386854,16.051382744642,16.3412880711706,16.5696995101119,14.6816730008336,14.4596373490648,14.4457674381271,13.866811849751,13.7615210901888,13.2477534201537,11.779159978001,16.1597768779945,20.16899451931,12.2361914020142,9.81759714497507,13.365625405871,20.7440523757423,20.9909208814586,18.9049135611541,8.46351747722801,9.13737066825527,21.3975158360941,17.3443026424435,19.8551494503827,15.5114418595582,17.0635712281342,19.2381590344816,20.1385631688035,17.9588191445129,12.9554195670396,13.0648517194247,11.4016517304903,10.0470999859918,21.046936063173,14.3513304528532,14.5400812126142,14.114697851953,12.0763426088897,12.8019013527849,13.3548857541343,15.417147559041,18.6544979681987,19.0252930475647,22.6181704936174,19.5131219040081,21.3453380430308,19.1954160079845,19.7758772584941,20.5961762103889,16.0167898358552,12.0690404485081,14.492728678107,17.1476239556501,27.9218147006808,25.9822860861997,24.6159850017789,22.5447256895921,23.1102516386377,22.1672567164594,20.9195405863948,23.7629861685394,21.0436703513969,19.5663986920912,15.9930087641961,4.65890182365644,6.44161773383627,9.51764823361001,8.99529316346187,7.39875517586331,5.81622416636847,6.75447237370011,4.84090088451924,26.6357580139439,22.2277547013829,21.115842342958,15.7725502708091,16.8404576675379,13.8131091385858,7.47585650183525,8.41844127633641,8.95466785475928,11.2471189808534,7.17709035918405,18.2416971714612,15.9380225460232,16.704611655054,18.0821342054892,4.50876179671281,4.56538376429917,18.1444690354968,18.6353366764559,14.2860354094652,14.9810751612132,11.4546481249804,6.48974813379198,7.88080959741517,9.60876091952436,9.01490502320944,11.3351476912473,13.1370528938939,13.228346122802,11.7946591018412,10.1970757980874,10.1868191467552,12.4748066907109,13.1282802889038,11.7223715212174,8.30247615554582,10.1258395147152,7.32984481242279,4.77635062441099,14.3669150302392,19.7046446580176,19.1379319491818,18.842128122982,20.7791967633133,18.7254661816097,19.3696978728781,19.6709781165373,17.7880487847552,17.4488023130464,17.7202229642953,17.234860976479,17.1748282854728,16.4034249074175,14.9141709427097,17.4043877762051,22.6997941079359,15.2272369239305,13.3464268159138,16.0393497332324,22.2318813283589,22.0949480616577,21.4034390276742,10.9130876906395,12.5029211725494,23.2313992090622,18.4853573319477,20.6618678123381,17.8064908265241,19.1103180731814,21.1798490624906,20.4649209324731,20.6793352700362,15.93166065379,15.9846537122226,13.6024379516658,13.9296355678821,22.2101283002246,16.8774591206973,17.114393364287,16.5552887783503,15.3875792832476,15.7399171400582,16.4127217510782,17.7699403880085,20.8644598855357,21.5676643312708,24.6252705256843,21.500523805634,23.1170001234099,20.2055354669013,21.3647812002822,22.2168251245347,18.7402435838646,14.861760257322,17.2135778389542,19.4561473437878,28.5708781940959,26.9971182140829,26.2313748027492,23.7820065103418,24.8070408841667,24.4349033308175,23.2279357566265,24.4958826163081,21.5920785470329,20.8158400557839
2,11.249758262827,2.5187570318563,0.0,3.45733308627693,3.54770714745589,3.51959849130983,1.77824242574491,4.32772619702455,2.91132206921653,22.8455456620221,20.150564127858,18.6912178644938,13.8962858033648,14.9676991175389,12.1749003109552,5.69467000290846,6.76271784915901,7.43323372723221,9.75235715757202,4.90685092290799,14.8387344688269,13.2461928826903,14.4254150600392,16.4585249068154,2.83349806375676,2.83152312498421,13.8915407593343,14.3560571388242,10.324599995169,10.9547789759576,5.14816761250672,3.10546706412658,3.02579676416588,3.25290393164834,2.20836178281776,5.01204428430836,10.2791090013417,8.14022558094409,7.78503836313056,6.20049323153673,8.31226131920875,6.68823108857077,6.95595202454598,6.54615088076308,4.16249587414183,4.41822333451805,5.52788520174033,3.74244059596945,9.08604142235452,16.2826331917876,13.881841887001,13.1080722790866,15.5041711338594,13.7721608734201,13.9133489145638,14.2076754291678,12.3801645388947,12.05576202523,12.0121695836,11.5137800118398,11.3677075691485,10.8284758889056,9.30900370915765,13.8123119024186,17.7424823255859,9.83383562001361,7.41456938565674,10.8632647675882,18.8482122414495,19.2019462725424,16.6501003135617,5.95470396824538,6.67188953939541,19.3625425515055,15.7535690231479,18.2878178813229,13.5967603857078,15.0840082148019,17.2348772479249,18.4711174021461,15.4892574876132,10.4901545842214,10.5840338361223,8.96063109015465,7.76803819523334,18.8505765873929,12.0426660762445,12.4308007587241,11.9210821608366,9.77648672264023,10.5285422302911,10.9172261187944,12.9708126346291,16.1492395670067,16.5158316218635,20.1327399219995,17.0198065529681,18.8413999482328,16.764812437442,17.2932077916412,18.1195813504537,13.5305380768491,9.65331634576509,12.0507640677319,14.9932769479173,25.8016714919541,23.8487692049205,22.2780325566292,20.676387459409,20.7190962247032,19.8525624723346,18.6495900217026,21.9958113187463,19.4880590716511,17.7642552287751,15.4504686079573,6.06817085176855,6.93926635263486,9.43433982740158,8.61086293605548,6.64201139382024,5.71878913027838,5.54446419637007,4.50935512273149,25.3665389031703,20.6118758405658,19.4036806709184,14.3245008007965,15.4740648251079,12.8061214114365,6.57763145717575,7.6177831302585,8.30244004095692,10.4578817770447,5.80679907275525,16.8017465440468,14.5271164951274,15.190354354838,16.8399743878692,4.63413537863452,4.16546456469026,16.7821225544323,17.346088683076,13.7837719042315,14.3844210410581,11.8392521820246,7.5406800497094,8.84735351400714,10.2712434326873,9.4709409782388,11.2972966784266,12.6166899742846,13.0626116995641,11.6363485735818,10.275513603529,9.89585822427583,12.5047992773477,13.1130447897631,11.765509540551,8.80840487180907,10.6025732061911,7.5361899180139,5.80307811664795,13.5839697830916,18.7485679495737,18.5052466619588,18.2315451404669,20.0174421595992,17.9192270790937,18.5607778808373,18.9161341352206,17.2588653396067,16.7479314226073,17.0598782769057,16.7656557491462,16.6594776759952,15.8465836510869,14.1563300683648,15.8576663979048,21.6042816003882,14.5685114731489,12.9988827659624,15.1558508922288,21.122452184144,20.8994964051777,20.4761511768101,10.1169513036237,12.0586668728542,22.1594328214979,17.4883163985385,19.4626101148446,17.1348032423165,18.262808632086,20.2297339056645,18.9424799271668,19.6396362830073,15.2621502875606,15.1556092658912,12.5479403324488,13.7482626352258,20.6679014275867,16.0559696713681,16.4735022645084,15.7727664419746,15.0030530895981,15.1911768421977,15.7418959451609,16.7065223096858,19.657937920916,20.4175919206664,23.2622137129514,20.1120259832383,21.6517006889635,18.5091707950097,19.8055744089358,20.6440640006771,17.8294384651255,14.1758504470982,16.4425695160721,18.6144623354079,26.8142368168914,25.3795130276412,24.7661568243019,22.5374179423288,23.4145330163146,23.2932625117212,22.1870257884105,23.0850517201716,20.2893397176981,19.6906711361168
3,8.48258106659175,5.90534547482628,3.45733308627693,0.0,1.22289272653357,3.37654042918315,3.85563628039917,4.70469955286719,5.1253067381017,19.9996590260395,18.1405288942159,16.4408702399464,12.3109492257164,13.3863148743181,11.1210674132369,5.57264526840917,6.58280528497763,7.28864134230329,9.19334932642555,4.81149815834689,12.5287743011654,11.310426828522,12.5074394101751,14.9551298404666,5.10420288003398,4.98663311891865,11.2169802149837,11.5593051001294,8.18078810688707,8.65697287098066,2.97219253926645,5.23330680559937,4.27736809977851,2.75998819609955,2.02920859971809,1.86128329812508,8.95213033914564,5.54988932218231,6.18965435073843,5.26732023099132,8.10312311227646,3.86539321477338,3.84553877643615,4.36574862456863,4.57964545110134,3.17914780275125,6.44836196573609,6.32461024496693,5.73010956267707,13.8521134544682,10.5779981281699,9.658031151233,12.1501620551796,10.5090088166999,10.4634556560512,10.7914909357164,8.98970648619307,8.61395741661403,8.6592153095081,8.08446520793116,8.01323203845097,7.38967029204037,5.88478215110091,11.4122190180481,14.3736308367585,6.40892627247135,4.03604651031049,7.49235916043459,16.3068366015064,16.8940037644292,13.4372358885735,3.09447503499499,3.31297510480807,16.5450653223029,13.7971954362886,16.3995675684465,10.91608663393,12.3402618826219,14.4559355030488,16.6211035233601,12.0893183602061,7.13892630126062,7.41904825615177,6.31669873244142,4.48686623407719,16.0963902393688,8.81471718262208,9.41128012300364,8.8627575908296,6.38741516610439,7.22184006659264,7.72563720596834,10.0495814157798,12.9809553127847,13.165987740804,16.8361114639467,13.9881805410777,15.6595084135824,13.9277461850913,14.3396670066423,15.0735453748327,10.1183225594313,6.71936759254922,8.60435069334161,11.9489957535996,23.1825851774978,21.1440555973167,19.1805615679937,18.2198851799828,17.5220396774575,16.6213339869448,15.4445130120806,19.7981037181386,17.6529615067793,15.421121158272,15.8725289569818,9.19841286683359,9.40827089627492,11.1087831920527,10.0254693905684,7.89953127558872,7.8855453798868,6.46231470730689,6.75383023976271,24.3919217495649,18.9280610937032,17.7351607893341,13.0873819712134,14.2719820051972,12.213475026878,7.19626065765296,8.02705751058705,8.73714408559384,10.3710798069542,6.31510023345888,15.7076744183375,13.476118689942,13.9144590386467,15.7097800813464,6.95075742138695,6.34430681269794,16.4143008136483,17.075749420481,14.2260573308229,14.6693535701724,13.8200118301366,10.1837714600753,11.4220058043276,12.6223197281612,11.6848792484092,12.9109458787004,12.9167257697008,14.1622783419012,12.6621680042994,11.68574526592,10.5846850303913,13.9827095882932,14.6017758232214,13.1995143753271,10.8428057717974,12.6511179131299,9.15147915208061,8.46895424178246,14.1125210994239,18.2810989225415,18.8736570251854,18.7697824964686,20.1759864770342,18.0493648805859,18.7986099657391,19.1664470423853,17.8673655342088,17.1776877035283,17.6530745087116,17.5510045000201,17.4516157553906,16.5762764053461,14.6483144547134,15.2102555900067,21.2765284846616,15.1369975629331,14.1454168667627,15.4640589558718,20.369280193012,19.9360368427129,20.2975407488815,10.8835215870466,13.1488389909095,21.5422986287322,16.8579546893971,18.4039734985315,17.2589895486234,18.0983148567156,19.8399510258024,17.4172510019876,19.4997882618771,15.905390595459,15.6154138984072,12.8491037861799,15.0449570740991,19.41899221257,16.2250910854462,16.7962333754497,15.9366283753735,15.9193976371954,15.8106946710454,16.4083846201802,16.8079379739345,19.4027942820148,20.152822500558,22.5299354301543,19.5593279295307,20.8341658681916,17.3612687733037,18.9360785052911,19.6552276846353,18.0022703844446,14.9188242454279,16.8123791700489,18.560470248058,25.0289054456927,23.853136263128,23.6747642243195,21.510752895805,22.5203928035507,22.7526910322733,21.7982033145264,21.6929084612379,19.0202073233913,18.8947380085952
4,8.66969237465129,6.04954969454888,3.54770714745589,1.22289272653357,0.0,2.29499484859713,3.37712482584081,3.61816420250511,4.50470954765134,19.7916398041608,17.5631297142908,15.8122660366427,11.6971727376342,12.8423682242934,10.6806338777058,4.87005672554989,6.03762680206084,6.84663855331207,8.7740560171985,3.64273211324447,12.0252487024134,10.7451453423022,11.8940780885566,14.4845114472033,4.71648457583159,4.33120494167071,10.7329797251764,11.1487120227321,8.24508241692533,8.69097074425085,4.16890759604687,5.57750672864983,4.97825104765721,3.83559221823068,2.85888376268778,2.76298039154145,8.84274239344033,6.02018799977733,6.40261808221434,5.5350534362234,7.92933345486868,4.68533972103798,4.74216848447571,4.96609568856114,4.95505149824173,4.14691448829565,6.35589710499317,6.29165413823838,5.66791223275202,13.7148687619012,10.8206767140476,9.9466258373618,12.3292231645878,10.6070568818139,10.5871006758897,10.9703551756213,9.31943371798218,8.78172699893596,8.861906894468,8.47196180073584,8.33340687455535,7.65928180485815,5.92361501311067,10.7464714214884,14.3099546559873,6.57656322800189,4.4783358905337,7.41618125149749,16.1148477929014,16.6087098613884,13.4681814675146,2.47694910192285,3.55318673560113,16.4324426394086,13.5482904876965,16.0394904601502,11.0134779323924,12.3266865690405,14.3896298451456,16.0476154397627,12.0301999969953,7.2617293909229,7.34303014017303,5.82992651405902,5.17925737889621,15.6331950824272,8.81996435855778,9.58318597727441,8.89709959889646,6.84170501761836,7.50748112966795,7.82767323310578,9.80455815792505,12.7508733191972,13.0273504049705,16.5995677444111,13.6224650866192,15.2996101145639,13.3046751548774,13.8483064914184,14.5932074813501,10.1287585868882,6.69363316367661,8.70908152241343,11.9747784261117,22.6503065023917,20.6910972948775,18.8744898188195,17.9460974071861,17.2645184378057,16.5350059578496,15.4129536596889,19.3809075427167,17.2263263657839,15.182613715078,14.8888100776539,8.75970823123736,8.65298014328119,10.1061980471393,8.97850455384562,6.84631131813585,7.05164971604604,5.38171448193687,5.99569366048374,23.4597785768408,18.2306447147777,16.9082749432615,12.3620413801089,13.597577488465,11.6227473436535,6.36782621579192,7.32282141447061,8.11600111122557,9.79636926522708,5.18165198208675,14.7924082488548,12.6270163383468,13.0970764194612,15.112476521693,6.36212509912078,5.5940101303344,15.2221274796431,15.8753664862386,13.3397425736546,13.7686654318845,12.8862531919421,9.64851243017262,10.7680326467685,11.7915358137352,10.817890719926,11.8712234440869,12.1929173597937,13.1951926045085,11.8332596155437,10.9152100971712,10.0308417575728,12.991935947879,13.5526184560514,12.280043244963,10.1555434346131,11.8063352686718,8.64543385022717,8.09204318106948,12.9219156386724,17.4159457567907,17.757704650668,17.5932752276858,19.0424231104148,16.9282965628066,17.611621977278,18.0064513354339,16.7326997191843,16.0093127414289,16.4526814214247,16.3915126700306,16.2699680107317,15.4015551547474,13.4699613165305,14.0445107440419,20.1162491016785,13.983632808255,13.0191440460633,14.2592317263828,19.5044660982834,19.1483344752393,19.2106589424924,9.72024262367781,12.0148636365441,20.5937379183191,16.1175396042321,17.7301984635247,16.3010400983037,17.1298502937741,18.8864180653316,16.7313474004987,18.3100601072402,14.7117838454809,14.4058775689746,11.6442781759184,13.9446982282878,18.4404789486611,15.1074053444441,15.7464197493426,14.8671871045924,14.7990715497847,14.7020557311798,15.2108941284819,15.5962927770525,18.185566924074,18.9442644060509,21.3691644561029,18.3597550516559,19.6626216623291,16.2203392650743,17.7604368878037,18.5012436398642,16.7912742924066,13.7345634118309,15.6278723644603,17.5092012740573,24.1818877712395,22.9628400779692,22.6260051621615,20.6877133868882,21.4217642740297,21.6598625736637,20.715123651139,20.973154860441,18.3831659867151,18.0740237301614
5,10.287847879142,5.65480006973514,3.51959849130983,3.37654042918315,2.29499484859713,0.0,2.2684749235296,1.3530401889942,2.82702021598308,20.8049861133531,17.7647992546823,16.0351157988553,11.7536539799417,12.9886094243492,10.8099724365133,4.32372353334012,5.75219359150601,6.68794812146205,8.77199361746028,1.69510013548442,12.5227461834608,11.0344897344249,12.0780251462857,14.6924559136786,3.77703646521402,2.687435283693,11.2149666222397,11.7780920910813,9.51654700539565,9.97315704806046,6.30817685757975,5.86206938215028,5.90498567527466,5.4182479828944,4.20430365819153,4.96692145400472,9.58273977969258,7.8964403899887,7.68179938586139,6.65832251037415,8.17276588789871,6.87878129893585,7.03104949136937,6.8174023942796,5.77293874977751,5.92862300605715,6.34516493343923,5.83179452244407,7.24217077807144,14.7462543354435,12.6237801835033,11.8103743551097,14.0517367991373,12.241094968903,12.2694209319965,12.7179656616684,11.2478663783234,10.5548808460229,10.5640542912215,10.4479763145504,10.1723916229714,9.5226943540784,7.63983258429373,10.851202843872,15.7006921196341,8.41203177383959,6.53502364380742,8.90219860813015,17.0835888208585,17.3617831070649,14.9666759482948,3.71027684880724,5.50361869461701,17.5967155515275,14.2596845256114,16.5400003639601,12.4626695841633,13.6429442138162,15.6240555390793,16.2115039803497,13.4527980812915,8.92311664884647,8.68362788514562,6.50521103980356,7.37625143953705,16.2825472459799,10.3754121562383,11.2497062498463,10.4353745655319,8.9174137931835,9.41154388038686,9.35148437358027,10.7327097186532,13.7791972528982,14.2853186296344,17.68963261426,14.3969804190243,16.1732890857462,13.7076047558472,14.4339912660429,15.2630954034571,11.6471759636782,7.98116854800798,10.4064463245405,13.4401889774429,23.0862453107079,21.2915664453713,19.8192535822745,18.7547356098356,18.3175213402077,17.8499905260131,16.8069084991099,19.879722691292,17.5983848039128,16.0283586237671,13.4228991428299,7.17113104989487,6.63921524236113,7.92269744650017,6.78672029039712,4.60975029320566,4.92378808881759,3.09570844362142,3.9612476919815,22.6515357224706,18.1152711467921,16.5788488740254,12.0860100553895,13.3766052133663,11.313785277115,5.13154774314468,6.43973301650313,7.36612542383726,9.32731767912219,3.06103897380132,14.100932412821,12.0572518552024,12.6701833632154,14.9725140831176,4.8578157010471,3.67557053622837,13.5561103948328,14.1583002148239,12.0546736953356,12.5250143321688,10.7644764575984,8.08409760742055,8.97221222484761,9.70051224183884,8.69887993113805,9.65974539821761,11.2754984108484,11.4466200393147,10.3985602170471,9.42181207193547,9.26767412963943,11.0034563956097,11.4215654664127,10.467684860788,8.54712679805565,9.85098006817427,7.59653431388724,6.87431140261429,10.9172550223515,16.5458648656054,16.0502436011343,15.6665033690218,17.3926081220635,15.3133075285855,15.7984391537023,16.2544672574937,14.8693544128343,14.1455956658285,14.4167684337857,14.3788837554567,14.1865996727829,13.3663475387629,11.5288619431361,12.5407411670317,18.6128776818218,12.0751993939809,10.8596808646619,12.3408418718714,18.7420567279217,18.602914291011,17.8015638637308,7.59280578181197,9.84413851507749,19.6247408620433,15.5359473505938,17.4192383069648,15.0158231644709,15.9464558793908,17.8207805874124,16.5873021359134,16.6573006237078,12.6536093304571,12.3771130277179,9.63613483484064,11.7891933825646,17.6689787254328,13.4774402946305,14.1928678874164,13.3422507202649,12.806007369618,12.8812167969666,13.1169987953601,13.7001950921143,16.4737580003529,17.2900482937956,20.0168798324189,16.8003830383102,18.3096916358705,15.0620598955921,16.3937042882217,17.2533693359996,14.9365412707682,11.5962543112568,13.7489264139644,16.1187839283542,23.8138564083401,22.4335823462579,21.6443229130267,20.0997109153837,20.2690561829417,20.3840960242675,19.3993451940853,20.6958745144808,18.2086908463183,17.4112209931471
6,11.654370025841,3.52184994969745,1.77824242574491,3.85563628039917,3.37712482584081,2.2684749235296,0.0,2.69914730505828,1.33905356050744,22.7314348007977,19.6896800841661,18.1090409283115,13.4896140079196,14.6564222998684,12.0884924269263,5.32277943958157,6.62078569435265,7.43722838570525,9.75013395426007,3.52768268345304,14.4753408023057,12.8742412380592,13.9700791129919,16.254807856524,2.77889975134506,1.6376411778039,13.0286233292896,13.5775020799153,10.7344187660314,11.3015703960983,6.27638534844496,4.52088145772227,4.72639551502263,4.66509199940093,3.48472012454271,5.50404660796934,10.6135058809026,8.82902971246315,8.44341919763642,7.01857222332665,8.68412847213765,7.51941171189573,7.66510402538756,7.41157342391481,5.32802282404652,5.72132160336351,6.10801522789315,4.48256146330854,8.89338606052108,16.3856223382306,14.1619079760182,13.2803181938017,15.689489317209,13.9177486248376,13.9366331267531,14.3455719649978,12.6835258132748,12.1525525813523,11.9912640872945,11.776988286322,11.4740815165636,10.9394627084691,9.26080288471287,12.7466743462952,17.6018492542644,9.95341327983391,7.63307956026762,10.6452540369765,18.8474076416327,19.1224780573638,16.7353421497409,5.46571894670101,6.71715787502749,19.3958068450456,15.7996041334956,18.1811685839698,13.9294785880657,15.2708884596744,17.3432554657181,18.0532675945329,15.313015446291,10.4012845412055,10.2516258911666,8.21513012924102,8.2443523033849,18.3987760233878,12.1030857269168,12.7491387011806,12.0791851126492,10.1615977322894,10.8406318567963,10.7451557646745,12.3829587742605,15.6248609405805,16.180809985739,19.7332474214237,16.3290557075232,18.2592650847968,15.9158524722576,16.497145628222,17.4205246329562,13.3732405290136,9.31815129968269,12.0557523184858,15.139752681418,25.2399470343387,23.401995064256,21.9196604179124,20.5766149709623,20.3893573677718,19.7687626013519,18.6552624004877,21.7375316998576,19.2886387980247,17.7471268772465,14.4592432734399,5.61832707850943,5.88866592653403,8.07534257661918,7.16787561365901,5.09406563762385,4.36744039220182,3.85789538692074,3.06152150780477,24.4062564438637,20.0063760934536,18.5817276840133,13.7733770825309,14.9978100543571,12.522610337779,5.88529163106661,7.18378354492935,8.00955960373442,10.2324015827595,4.28833821927495,15.9093226024907,13.7797720922066,14.4731458943016,16.4827366310806,4.07461635331078,2.95358024464994,15.0564670134715,15.6156983286496,12.99052438064,13.568126268983,10.6665204529848,7.12972227066209,8.17892241239355,9.20700407884698,8.32463548022969,9.88993543255186,12.1310019775058,12.0392860059383,10.9145709271024,9.6232273923894,9.70441421106602,11.3442626895365,11.7796554343911,10.7886608992505,8.2156847832401,9.64433201292756,7.37911450281348,5.746252569477,12.0188152837544,17.9778411077142,17.2135069304993,16.7473380030698,18.6883828425617,16.6254935228454,17.0717158869841,17.5115002668216,15.8947288332871,15.3012177597067,15.4477602053686,15.2924412002398,15.0850844953529,14.3195680252947,12.656710081433,14.1627661803616,20.1923848068638,13.1439976242193,11.4972754776979,13.5816966675967,20.3256348605638,20.2239719482624,19.2605981862023,8.53144983527978,10.5221406816045,21.2100434784649,16.9335190320858,18.9767890933008,16.2031899893637,17.3065936936891,19.2898799876064,18.3882876735688,18.1487654427286,13.657412803772,13.4847767598044,10.8157429365309,12.3099200024546,19.6025533277095,14.7717094941309,15.3426040251948,14.6051442306371,13.6218963016367,13.8917446315088,14.0760497658118,14.9683950028816,17.9793434293197,18.8390226478094,21.7935992157973,18.4427187532059,20.1242733929398,17.0268427864934,18.2072956037513,19.1471857509714,16.2475634277518,12.4717284626511,14.9474141483942,17.4854163255764,25.886579930267,24.4235979210248,23.5433890848279,21.7866620370498,22.1043796628581,22.0371489403035,20.9674439325199,22.4703990638659,19.8378823697091,18.9762013027774
7,11.360873935099,6.09145547857321,4.32772619702455,4.70469955286719,3.61816420250511,1.3530401889942,2.69914730505828,0.0,2.5697840113255,21.4313828300631,18.0185060652052,16.2633200789129,12.0527041316776,13.3326047963812,11.2609263898246,4.77322255483335,6.23470270798196,7.19656866124751,9.25144250238447,1.32724020157075,12.9758261069617,11.4434576059052,12.3980042552701,15.0706991977351,4.14262013847115,2.63480134018602,11.3760384629749,12.0154554141315,10.5139435041824,10.948054551029,7.63631267574827,6.69069276443197,6.9640366678613,6.62716181559401,5.40327933785276,6.22543610103244,10.3938752199239,9.13934861985811,8.77679175078677,7.76001655969227,8.85022405187606,8.21298771823958,8.32448182162551,8.10426583523069,6.82760861535242,7.23466288538708,7.02017175498072,6.30005979813727,8.12976855519522,15.5034397915536,13.6601275395753,12.8065999287406,15.0191243383035,13.1994848487303,13.1726976123491,13.6823422789134,12.3272654952642,11.5351520715476,11.44275123735,11.5144658365411,11.1340054874312,10.5229948106934,8.61335872343762,10.8041570335404,16.4423947563525,9.45916857920065,7.66620930244254,9.71549833589995,17.7640908504673,17.9441593015887,15.841024270455,4.63101109872585,6.60102239693136,18.3432648023033,14.90101517018,17.0348881752109,13.439696217914,14.5233138370433,16.4340661411103,16.4823824211934,14.2031706827631,9.80346642366794,9.38476158971853,6.91941595032035,8.58362551867799,16.6978282378452,11.3149222629607,12.292299744731,11.4081355939003,10.0812880575802,10.5255112673013,10.1359346250428,11.1550250379493,14.2382151518714,14.9051968093306,18.2208851944861,14.7030352953814,16.5684677414414,13.8706971397504,14.6481088647061,15.558896306862,12.437421336612,8.66174666243884,11.3338360581224,14.3474384312884,23.3430573408722,21.6577527335135,20.3291921612915,19.3370246941895,18.8767904264092,18.5868067174956,17.6084358857632,20.2950653472771,18.0072554722039,16.6742037155192,12.8232619638015,6.73114724177087,5.81990713189348,6.84037704859955,5.68294060946948,3.47792507223004,3.99886615652816,1.82939583438493,3.16436769316903,22.2944402967471,18.1958761603278,16.5049457764371,12.1994009286281,13.5172489796328,11.5195769896954,5.04989491901071,6.52289775430383,7.50117736235774,9.5328028357549,2.1052927356971,13.8819679530875,11.9776095087876,12.6495654655372,15.1636870350125,4.66470363309828,3.14226272325921,12.4783650661774,13.0554733707792,11.6352344503204,12.1107239820706,9.74912055389287,7.67766024781864,8.33570877058693,8.74533714981221,7.72011957735826,8.50906134975888,11.1487811181942,10.7105981114954,9.95516122059789,8.98812847128978,9.34546726240043,10.0818342581309,10.3388767379308,9.72537076501443,8.07837424296812,9.02930580295118,7.58995858172157,6.79170911326148,9.8012762464318,16.2730591950958,15.1882343639372,14.6086175004541,16.535788263448,14.5006362131169,14.7953421173235,15.3196247209016,13.9033774401755,13.1458518030994,13.2404421257548,13.286004559943,13.0052120443782,12.239910917617,10.4790023861978,11.5513491386351,17.7810841168198,11.0768854086345,9.68886821291328,11.2564203028715,18.4884484818644,18.4850394691761,17.104492480671,6.4248106975482,8.6564312090447,19.2197087440053,15.4732572193716,17.4730511403082,14.5094807416021,15.46998873111,17.3888340316829,16.6901104083577,15.7263415346178,11.4762131499577,11.1766075782054,8.41079461090764,10.6435849903278,17.3100031750269,12.6756316708144,13.4875744239084,12.644310103658,11.775593046123,11.9804071132306,11.8815067130223,12.5140707021981,15.4084746052085,16.3092866034563,19.2168988602707,15.8039382280165,17.4823081424214,14.3501383459292,15.522268858252,16.4889374557534,13.8680599717464,10.3145298537624,12.7196351895673,15.4770348871544,23.6364219645937,22.1898311139496,21.1095764296682,19.9265653880362,19.6295028324351,19.7167222256069,18.7345260271916,20.6930158122365,18.321702207019,17.2400763165247
8,12.7428680866434,3.87913714544715,2.91132206921653,5.1253067381017,4.50470954765134,2.82702021598308,1.33905356050744,2.5697840113255,0.0,23.5187392732653,20.1272845259664,18.5456373808584,13.9276908971658,15.1281065805193,12.6031271130236,5.7789958347735,7.1075448769455,7.94347705491196,10.2548133434655,3.58850332311347,15.0782290852946,13.4168498831616,14.4478809664175,16.7474935232718,3.11212480970224,1.41631455232413,13.4334621689621,14.0455730913678,11.7322064803402,12.2898902991032,7.60973516159287,5.36061421518364,5.84347861234315,5.95380580137645,4.8036462089101,6.73995263154322,11.4271339867825,10.0369405173477,9.49933973589806,8.07431058966781,9.33583311496567,8.81715682940389,8.94313558967281,8.65206249132337,6.3722350564442,7.02958097646179,6.73260246909424,4.8628059683048,9.83315464066955,17.2326202185234,15.2631181547494,14.3535639509689,16.7480576971955,14.9528293517879,14.9400187321908,15.3969804408972,13.8135572517449,13.2010064873791,12.9622378852687,12.8948709483276,12.5071795119795,11.9971801072856,10.270327605065,12.9864562205665,18.4954166942274,11.0287062831134,8.76106493366193,11.5502558848339,19.6485557614742,19.8328676160488,17.7186718310669,6.33179443998118,7.79527434213925,20.2669908343643,16.5260884661966,18.7934002632232,14.9523231530839,16.22694002171,18.2549261181534,18.4911695149883,16.2045788208885,11.3590976873385,11.0664660728874,8.7880833140948,9.45062017940612,19.010863103156,13.1067056446596,13.8313450935767,13.1010407686646,11.3387450192595,11.9754532462373,11.6295164754832,12.9907298511146,16.2846592947468,16.9748392916004,20.4686236713427,16.8681923531126,18.8811416600398,16.3431394824245,16.9658069090289,17.9592696735082,14.2852939966502,10.1048692556423,13.0629311474144,16.1315111583931,25.7281572334142,23.9795399927022,22.6320229697959,21.2995762049445,21.1424210069237,20.658455875445,19.5896981153779,22.3142968966089,19.8314567457938,18.5060941191905,14.0154222346719,4.78766399815833,4.83572462674089,7.05301774573193,6.20899372467159,4.21076230166094,3.23240734336861,3.12609640217575,1.80653053540949,24.2766938721683,20.2859856052254,18.7458175621895,14.0470816191545,15.2868899827628,12.8134576918729,5.8828820754836,7.31387449956595,8.17196587172287,10.4861163686812,3.8633544257542,15.9200007543705,13.8959510169116,14.6507374487023,16.8024235701803,3.70812876954631,2.15667991890326,14.336583793304,14.8587482086666,12.6911669333217,13.2897055589311,9.62735142548172,6.49849804752581,7.34073395581126,8.12377522968546,7.24623782573548,8.81783541074264,12.0799288841691,11.4015089571293,10.527919611732,9.1927179446448,9.78646632891711,10.4913539734419,10.7875602434932,10.0943896501254,7.65074390204825,8.76129995575086,7.30006776169495,5.45014953995074,11.1817119317848,17.8765275480707,16.5578446887659,15.9134380771239,18.057718381249,16.0443007213739,16.3233443495246,16.8130183402204,15.1293437073104,14.5399652054636,14.5161487777887,14.4005800691133,14.1197428439544,13.4161893422604,11.8703539450904,13.554368783088,19.6352147963781,12.3801710839135,10.5032344447763,12.7874712143059,20.2625799681223,20.2864310219009,18.7949223957703,7.66744538853013,9.53531721423921,21.013636158615,17.0127134296989,19.1821153175666,15.8611920444128,17.0176358509856,19.0536157232857,18.6726205747018,17.5012886494983,12.731971046027,12.5714518811043,9.94406419699552,11.3008789141273,19.5113571744652,14.2060207722906,14.8257811752315,14.1203888741627,12.7700333501112,13.189490936026,13.092562254418,14.1012027086529,17.2368775560799,18.1627919184845,21.3002004722473,17.7870865493006,19.6259189266027,16.6711673747469,17.6893130854326,18.7216836749557,15.4614766527411,11.4485960040339,14.1745594882713,17.0553258892339,25.9709979706833,24.4353661543977,23.2895759158933,21.8098461338718,21.7532379638042,21.6259687610057,20.5448551394974,22.6582238409401,20.1065973857568,18.9839478222747
9,12.3125676878272,24.9325768538835,22.8455456620221,19.9996590260395,19.7916398041608,20.8049861133531,22.7314348007977,21.4313828300631,23.5187392732653,0.0,7.92906994122566,7.78810869205593,11.8306101565445,11.2320525908504,14.1370850232262,18.7860354995655,18.2048354461529,18.0314644797312,16.3845827546146,20.3039385473602,9.0296352402403,11.1460413453051,10.581596246569,10.9796529716759,22.3635290585276,22.724551026111,17.9113937407586,17.584946947633,13.4242741662021,12.6177946281172,20.0957640255612,22.8493455125022,22.4156299138618,21.8433868738289,21.608250719505,19.646433087647,14.6721353782904,15.7143329326365,16.3037052814543,18.1090779548936,17.8366672675371,17.6382848183076,18.3650840732297,17.3732778358309,20.5606242725563,20.0648663271745,20.5237604695422,23.3400959012874,16.1954724522894,7.51483121600188,11.17750548931,14.0441751167261,10.2148411999756,10.4253513637477,12.6469138191696,11.6864121234646,13.2033446891367,13.3740929357526,16.2592736450273,15.1575720811591,16.5957913634748,15.6055772083328,15.4192658685225,18.2434307134021,9.16099738431011,14.6317731674256,17.9273915472926,14.9581561881152,4.90660103937287,5.76326219762997,7.73001017964099,18.3228030500436,18.2187702025917,3.83703868864353,9.42547820861782,8.50491769038358,10.0883506631189,8.25511069266631,6.05158513758566,8.9820281874416,11.4044259209505,16.4727584271429,17.166333161489,18.4653904330526,18.0120510100685,5.77504575973299,11.5768019057347,11.2524417819895,11.3448079643082,15.383702482159,13.7144584631062,17.5384464328251,17.7666034055511,15.3494269142186,12.669725052695,9.98330376899324,15.6321214354981,11.8612051476465,12.6504927270626,14.6557432414382,11.8047621331491,13.8458959987812,18.7363772664095,13.6553744875784,8.49074977890446,6.81380586897504,4.49636006393294,5.25215071163889,4.12669237068446,6.57007716099072,5.72487963258195,6.09798886216011,5.96698847176215,8.5511733563877,6.49495360403872,20.8589283978805,26.5101870655067,25.3057126191608,24.4881732856796,23.5008997491674,22.6777927856161,24.2764539203616,22.1693584043096,24.1606861010218,17.6950905113394,10.3789273762759,11.5223932686768,13.1181596004682,12.8294806515255,15.5142596320782,19.9360260383369,19.2042188989629,19.1281918071061,17.4803295068448,21.0605204910115,14.3260970023677,14.2095911173308,13.1627300935306,12.8007252219356,23.1613677372245,23.276848349438,23.5061218939107,23.973172612529,20.0350706419174,19.5771575615014,26.4592413142533,25.4167605291169,26.1791153346079,26.8852413286782,26.0073791759575,25.410180532298,18.8824664320145,22.9209144673263,21.6151370527506,22.497604734302,19.804529085283,24.5846559339998,25.5408477766863,23.6252774419548,24.0433926882138,25.491979237923,22.0915622496539,24.4004942069046,23.0119337282507,17.0796948901871,22.95906521941,24.7098645041825,22.8935594328965,21.611283168541,23.5493581223501,23.2243066664467,23.8338011471089,23.2472859898861,25.3068151343764,25.0003474746021,25.6731835791684,24.6111491000122,22.7029103625101,22.4163545144666,21.9585873743189,22.7598181511248,24.7960870140917,22.9040774134485,16.3721551015572,14.7480642417219,20.8671437999305,22.6400478853737,24.2956784122027,18.095767220475,15.5374076762087,13.4494621353618,19.9070451075725,18.9849630209508,18.4891054848115,11.028325023001,22.4519289270736,24.5110118411859,24.3208092355623,23.3419408893219,25.5097932262895,15.0820661327832,21.0271301783875,21.2140959326732,20.4275070870613,24.1966873625042,22.6490733941319,25.4252648791222,24.7413275225073,24.0864568459742,23.1449466369723,21.6143899952164,23.3724373559545,21.2292354643398,18.7425624552378,21.3729160953619,19.9423178703084,23.6457452262607,25.3333080882833,23.15518210415,20.2825987078252,13.9766932350634,14.7172802599799,18.5698306191873,15.172784880001,19.5162012294837,20.6819824272768,20.652724429205,12.6944965520731,12.3039477640632,15.4627856121744
10,12.2016742263948,21.907891703589,20.150564127858,18.1405288942159,17.5631297142908,17.7647992546823,19.6896800841661,18.0185060652052,20.1272845259664,7.92906994122566,0.0,3.04419229285677,6.50458432978368,5.75605127078595,9.45011122928157,14.9210734574194,14.1931327829558,13.9612771258352,12.0067174131755,16.72648347892,5.7693560754974,6.92115080374098,5.73031922975147,5.39291234568078,18.7900737182143,19.1441159638311,17.7273275426598,17.7958880645987,11.8646457225713,11.287186029189,19.1677741104143,20.0365741494622,20.2161519670825,20.2689523341682,19.6325374736645,18.5310752627728,11.7036119259917,14.9108980570885,14.2917303277796,15.7644426498858,14.1339255360123,16.9379587303086,18.0665718460683,16.0754774865369,17.9925135136849,18.517034291581,16.9850401620966,19.8416232451659,15.8593369712186,7.18073559403451,13.4259483311373,16.067815358492,13.3444830146001,12.2125551424675,14.7728919006579,14.0984211935639,14.892799068248,14.6529718938527,17.5128364541747,16.5493577875573,17.7670706705009,16.5087022703936,15.2687535493629,17.2990512857608,12.8272920252411,14.8282828621927,17.5422074059029,15.2480686818194,6.0536354467344,4.55603552893665,11.0988301519208,16.5196595418095,17.3695843581524,7.73809828725155,6.58602458644401,4.3641264817541,10.5190169468408,9.15257271390641,8.18359012855359,1.9957284943883,13.8026791655758,16.9812076896932,17.3161715514804,17.3270087306956,17.9809497238824,6.02489515345427,12.1467239647286,12.0502890147126,11.6114007856587,15.9668227909091,14.2603797933684,18.104325737577,18.1503312404144,16.9424084335385,15.0668921173509,13.6191266281585,16.8702115578189,14.0477190553786,12.441210909493,15.4245840147126,12.9821363196428,15.4534965432383,18.5851523040822,14.8229271274779,10.3541821533109,7.96932870156916,6.79797352486885,10.0186574948908,4.94693075769354,10.8821558873189,10.929713178163,10.720217333897,3.20809485099532,3.38332798010046,5.49365434830059,13.6363867644994,22.1592732845432,20.5020467655912,19.0067135196391,18.2665998802698,18.095890851868,19.8706924610406,18.1459409299173,20.2116837146591,10.4643812481592,2.5576074400836,4.43345680292136,6.84871203610363,6.19948030053495,9.79143705341171,15.3359876366449,14.4374224476919,14.2427530028374,12.2596208907571,16.9349579551233,7.04848255609792,7.5518933542568,6.45987910510736,6.06350525225716,18.9324390992125,19.2465136007404,18.6238382352579,18.8877652668952,13.194144545523,12.5804197951146,20.4147298292796,20.4949469209249,20.891482767064,21.2828797810935,20.5468386626618,19.5691780673469,12.5918003482106,16.2856040088681,15.356629117925,16.6346268623506,14.5010560103692,18.2035406372506,19.2037213440501,17.3334706103247,18.631913279265,19.6250883492583,17.2504527638607,20.023908063113,16.9142758183716,9.26987434599057,15.5581840502579,17.7385210129573,15.4547697649637,14.3015648525311,16.6169745156044,16.0257926382692,16.7033794321383,16.3628700599565,18.86668639969,18.169251017408,19.139559564846,18.0339162419459,16.3412474391341,18.0172590064325,14.9137010024001,16.1528886390604,18.6585494889537,16.6369993718199,8.45454557594866,6.87780423016806,13.264970866395,17.2686593884979,18.3973884609595,10.2512745516474,8.10326910725528,5.90566143415836,12.3530245835549,11.260199187342,10.5974004689782,3.22940615633097,15.6305597517391,18.2562812084977,18.3820752396929,18.17802564972,19.1583730896819,8.0357969474918,13.9609279507797,13.8781002611231,13.251473200732,17.452292884848,15.7265585534997,19.3569349322705,19.2723089898967,18.3326512573505,16.7665490251689,15.3171380754298,18.0472118166971,15.4156905222866,13.5927759576674,16.2248895206133,14.3631608961736,17.1327853957507,19.6529917220127,16.446632310081,12.6626988855304,9.17764854429431,8.63598108006686,12.051971050086,7.44265971927703,12.8411264871875,13.3596910454015,13.1112824476569,5.42474005451898,4.85552534603819,7.57024008192572
11,11.0275723066884,20.6550707147648,18.6912178644938,16.4408702399464,15.8122660366427,16.0351157988553,18.1090409283115,16.2633200789129,18.5456373808584,7.78810869205593,3.04419229285677,0.0,6.12756666699081,5.9939727849144,9.50466399056922,13.7930948362804,13.3295273219669,13.2982922994747,11.7162984837749,15.0317085763122,4.29536317556681,5.92587532835278,4.7554321163243,6.56458982805917,17.6002853204618,17.7140445524313,14.8195333157058,14.882801180927,11.0779809344904,10.4529096660297,17.6199484215328,19.0034640564962,19.0370821727535,18.7648192120814,18.1125309553694,16.7016402414744,11.3723788110405,13.661509230945,13.4464055079213,14.8791754535198,13.768162301019,15.4479455533908,16.3131666253897,14.8594047989598,17.0086736060007,17.2242437936796,16.2797913195536,18.9015491808879,13.5710428231182,7.05589915754376,11.6930801714455,13.8853721076361,11.5056758916619,10.4037873744058,12.5018271691714,12.0454577087506,12.9823367819148,12.5051933242158,15.0949543634033,14.4426006860471,15.4552508877916,14.2815998986992,13.0900521277192,14.383796419885,10.5638136375181,12.7880113721316,15.5008934900283,12.8341012559965,6.237360325122,5.52236396704699,9.45698920432084,14.4575143793793,15.3152521413004,7.28969230838431,7.0998817533943,5.99766855307347,9.67281206963417,8.29889870798785,7.53052472133185,3.58291565727049,11.3407090300015,14.6021238612976,14.7902941561951,14.8210540702791,16.0462153998861,3.71529644743159,10.2400035289724,10.6544051139691,9.99448172699874,14.0726761262379,12.4728436985855,15.6217144268214,15.3668733561019,14.0816590760806,12.3854266451307,11.0816248021307,13.9104649242346,11.2090760322075,9.40840882961646,12.4181936046703,10.0369196568815,12.9556015076891,16.1042893964153,12.5612490033469,8.94389479417174,7.6298145215378,6.23689124139316,8.24252464228073,5.83048209761456,8.74646044432351,9.24802472929287,9.14715264945628,5.37833104310649,5.69975325055119,5.88636814190166,13.6231468030334,21.0869776727888,19.365536851216,17.8729245290822,16.9985798793731,16.6282207969774,18.5037638605389,16.4884158442913,18.7181432840369,11.6023016901783,4.44686348369274,4.09180689919179,6.70929512054802,6.68976104707867,10.0504223681775,14.3344677844891,13.706448510351,13.7228571042837,12.1262366478098,15.3345944619988,6.76909678853611,7.17800591540867,6.06523091249687,7.37921067696204,17.856565962654,17.8902780607786,16.5177483848227,16.871272669865,13.2352023539301,12.67937371321,19.6135532018818,19.7583765559239,20.1527555779162,20.384103656673,19.5537720412389,18.4811910002653,12.7727945832897,15.919716065062,15.1472242026708,16.2726478545371,14.3806737783197,17.5697176570821,18.3621554480909,16.8540427621231,18.0581863239517,18.9520727076926,16.7450205857399,19.2177890925911,15.6163459147721,10.2385333896631,15.2638427849382,16.9527414694389,15.1668103121869,13.8875143943194,15.7692618436004,15.4481876571197,16.1491889272593,15.5366318687729,17.6636749268689,17.3359332057206,18.04538256766,17.0052051719704,15.2093671264236,15.719301179519,14.3089623735819,15.2285913050398,17.5391441490174,15.3422590393082,9.77266866456102,8.57928734534973,13.2619118716565,15.8150832919397,17.1612432583216,11.2093729274632,9.29143081600992,7.85688564036425,12.6904704822979,11.6908472172881,11.3520369682424,4.81522814494808,14.6969470121131,16.987339053575,16.8840448357316,16.3574139702413,18.1960800836666,7.704435309477,13.3734956235667,13.7195748487477,12.8878878364896,16.6958634188619,15.1208881621023,17.9453785913339,17.4560346474205,16.66984288704,15.5208097220848,14.3264228402952,16.186695241637,13.9553923429356,11.5940218299488,14.285600985717,12.7177364312435,15.9373660541807,18.0776880647307,15.4596852078178,12.7151023778709,9.59303197541199,9.22259807307573,11.857887736415,9.12716195862051,12.3388031987593,13.3564038280735,13.2035542882834,7.71277986891812,7.20282583799717,8.88775701752622
12,8.11439686055217,15.4993015862578,13.8962858033648,12.3109492257164,11.6971727376342,11.7536539799417,13.4896140079196,12.0527041316776,13.9276908971658,11.8306101565445,6.50458432978368,6.12756666699081,0.0,1.39293978764541,3.50082779941611,8.49165453040808,7.70006022525082,7.48073207490209,5.67360111450253,10.7317521844572,3.46549638151684,1.70921935906097,1.6678909683345,3.30855035453215,12.3518404193766,12.8389006361689,14.952915176963,15.2066763380183,6.81978920800801,6.5588159071236,13.5814995959455,13.6563230171335,14.0019451807984,14.3351843594864,13.5935864306727,13.0567606924766,5.98477795182483,9.74782184094114,8.52969860290647,9.70305921438645,7.87044270089233,11.6312387761892,12.9854388384676,10.4789672305328,11.7295721660177,12.6260570175029,10.5460965823231,13.3543689589833,11.5568216590881,6.20221432740181,11.0028347325236,13.2103323629371,11.7670945839315,9.84954558745392,12.4070854075851,11.8757915581428,11.7529584326447,11.4721796816682,14.1652848752643,13.0336401807055,14.1583088408926,12.7903475104653,11.0109271461714,14.4710100023852,12.5824110766705,10.7139146037313,12.6911426373955,11.6245888784557,7.70491516653933,6.93355047502486,10.4430360937902,11.1909032037966,12.3204896433138,9.38538812127304,4.46029484825211,5.33855537475834,7.58659437447819,7.35535443187934,8.1393438679718,4.66000561630711,12.3112052762273,13.1525324117965,13.50634001022,12.9304105213729,13.1822371236053,8.24096743263781,8.87984002624669,8.75966393589601,8.10605862570747,11.7895668964717,10.3084084502567,14.3451576756251,15.0555295009509,15.2323371089032,13.8563391981504,14.3949881453032,15.4934698608802,14.0935159405039,11.7148877146621,14.4167189309724,12.8971667701613,12.899101570165,14.387144317041,11.6634003451665,8.68191823481252,13.6371392989176,11.9695810352384,12.9931202879357,8.51647528397412,12.7247900852864,12.1923169796499,11.3137299542744,8.69069977230605,6.03790133859485,6.19257789218228,9.68590352961036,15.7585011280562,14.2923753452607,13.2656969318418,12.4813985344756,12.1258485471005,13.6925156735352,12.1908401109848,14.0148580740109,13.2407355768155,6.90811493911614,6.71640262571446,1.82377906477271,2.46196402784907,4.12251118305844,8.93915972306888,7.99164472713434,7.8269441545865,6.0528529576631,10.9478136010204,5.39974830834588,3.38956684966191,3.02746251414742,3.92623742965962,12.4981515557464,12.9456037777722,15.7385595291492,16.0883109802159,8.42590913107897,8.12232050427188,14.8932109640286,14.1538370994834,14.7127467952635,15.4062929773198,14.6326479819568,14.1735097139569,7.19487550311228,11.2438011293176,9.78493503006422,10.7221149163818,8.35692376425052,12.9714015533843,14.1677756415125,11.8652833432043,12.4655630703849,13.8178820992533,10.8644722186238,13.5539703432412,12.5883300728759,7.9240916832884,12.8841111440927,14.7165293890889,13.5481671713343,11.7129684574673,14.0368374609594,13.593583984152,13.3580424586379,13.0340833487712,15.4092286533627,14.504194792447,15.4148784589548,14.1735391514139,12.1757015145946,15.0621776816345,14.1808660858491,12.0313645669441,13.828046431962,12.9199532328838,9.18130549052939,8.175388083476,12.1423879634333,11.9869906017285,13.4022542354698,10.9804587622765,6.01135990505875,6.40904832265355,9.35536699727546,9.19076319202699,9.92022017543061,5.20240607619017,13.8632913739206,14.3075371535152,14.5319729026589,13.7648595698947,14.3893612118092,9.38170413151444,10.6085052078624,10.491116582348,9.73183452637393,13.2054391628749,11.7131867784607,15.4849017285877,16.0246492974388,16.3175053143408,15.239608514945,15.5452087524311,16.431185404508,15.0426052398574,12.4880088612407,15.0152885745282,13.9238543770433,14.3342008582852,15.3535048290657,13.0749256655912,10.6149222480773,14.1457706675307,12.8150535245818,14.1679409506406,9.76039640003174,13.8964137561237,13.8560870080903,13.0018803666923,9.48569510314644,6.78151263463894,7.57948330611585
13,8.51070287012056,16.5030475314964,14.9676991175389,13.3863148743181,12.8423682242934,12.9886094243492,14.6564222998684,13.3326047963812,15.1281065805193,11.2320525908504,5.75605127078595,5.9939727849144,1.39293978764541,0.0,3.7126160663468,9.5696863164962,8.64931868960345,8.30541093454647,6.25837903533866,12.0137031093647,3.77244074320461,2.63422419216059,2.32167562132432,1.92767363294905,13.3964599445339,13.9979144647658,16.0988609507208,16.3082393998508,7.21133435286256,6.90713494909641,14.4646874182002,14.5220720230204,14.8699076169387,15.2889243523222,14.6052714796531,14.088606826521,6.30164974452961,10.3984255254264,9.12489753086641,10.4006273247412,8.41528095885309,12.4300660794386,13.8657149265156,11.2114339992107,12.5329235113411,13.461127676663,11.3133520199131,14.2513746156233,12.602189645097,5.65956288154648,11.3965102968313,13.8935851748954,12.096070875554,10.2694965151917,13.0582395575382,12.3950809506227,12.3457071053466,12.1978841749321,15.0619040634253,13.7900373107703,15.041702540735,13.6541452562436,11.9804708044967,15.6775148118604,12.9474966458845,11.5697867780825,13.6943999339879,12.5929384403689,6.98897258228815,5.99040273178585,10.5671910068005,12.3884675537623,13.3917729458488,8.8900328699074,3.57244189439672,4.07131333453802,7.61905963539312,7.24043574334997,7.78788546052037,3.80320957868493,12.9275486617054,14.1286427184993,14.5746598174456,14.1608542003177,14.1007130553539,8.25770297975183,9.50760715149663,9.12610382588177,8.63001614184125,12.5637387616889,10.9917439494261,15.3643060855512,16.1479276723898,16.126844118463,14.5592608352495,14.8105596055262,16.4156459656395,14.7376565748178,12.5793719930582,15.3223404605197,13.6084714507982,13.7039394923777,15.5086413636496,12.4469799079631,8.81445133755628,13.2264349939239,11.5486511971406,12.9396316933135,7.64273273553836,12.8543347597538,12.1788458751055,11.2995597870959,7.68959617154699,4.77639016716715,5.38622912551403,10.2756917110478,16.7999174328479,15.4066706526149,14.4136510198147,13.6831788649817,13.3832250606892,14.8868165615416,13.4833218224967,15.2264275026392,12.9583947886256,6.27956336246042,6.706065350112,2.43123328666581,2.20381616745014,4.37148127330878,10.0259808691899,8.95108091150318,8.66256478840749,6.64659366308918,12.2381541316756,5.81292632820096,4.11939749936226,3.61703648075961,3.01490809482679,13.5510221675434,14.1123598935691,16.9701801111618,17.2939639013522,9.00515446348748,8.65730657497345,15.898291769549,15.0771060863124,15.6607123148697,16.443645339604,15.7120216023902,15.2964290138508,7.6533275295556,12.0559572119634,10.5135124970728,11.5195368272719,8.95252731639504,13.9091912532634,15.1847449477962,12.7360834548069,13.3459660006568,14.7663733917284,11.6635794883095,14.4697115268676,13.739555087481,7.82334534132673,13.5379303941978,15.5887695502969,14.1429961326865,12.4009230906962,14.8911763234544,14.3390277983388,14.1659783529511,13.9427199114443,16.4583255415618,15.4422210752012,16.4489794077808,15.1959343858154,13.2599902550659,16.3327058153491,14.780681953429,13.037746661464,14.9445336211203,14.0202932814356,8.87156450753808,7.63644650745337,12.5538679768009,13.2468288677011,14.5698604341483,10.8652563287993,5.66027498611068,5.58395451744227,9.71010752693262,9.44386888155675,9.95295925228052,4.5250945996315,14.6668137814495,15.4171999027481,15.7038272652768,15.0682632084231,15.4424777582071,9.60225711692825,11.4232045035406,11.1244118632838,10.4628282924418,14.1534440738881,12.5865847527465,16.6318043409861,17.2286320290019,17.360618843676,16.116765984031,16.1619060222336,17.4757825982051,15.8395568793152,13.4625798950127,16.0178298444961,14.7580504312525,15.3215125516273,16.5799974495593,14.0438743314488,11.0607392962936,13.8641368387829,12.5753211093595,14.3526709354316,9.25589493807646,14.2750817681505,14.1437477445305,13.30236814648,8.71365387460921,5.80738465433276,7.23226561675483
14,7.6594400466584,13.4068416299653,12.1749003109552,11.1210674132369,10.6806338777058,10.8099724365133,12.0884924269263,11.2609263898246,12.6031271130236,14.1370850232262,9.45011122928157,9.50466399056922,3.50082779941611,3.7126160663468,0.0,6.82724708477899,5.60417463168126,5.01281559875396,2.71321369400446,9.99871066018288,6.22090961169408,4.16851249895315,4.95989609883771,4.5651574859859,10.4060423873758,11.3332763313106,16.4575777240623,16.7373054464736,5.45952680815801,5.59878283982367,12.106848359758,11.2628074454603,11.7927477283671,12.6402331627796,11.9586584653171,12.0913344518344,3.3966145230733,8.43503750669188,6.4103710338106,7.36503845956615,4.81951611724778,10.3601424730592,12.0568690628154,8.79047580499657,9.34677162255593,10.7380960297887,7.86595229916118,10.9331365787082,11.8712457723548,7.2434287556589,11.5824930219613,13.8101255713353,12.7584994058924,10.6936559476255,13.3961814750802,12.7606911867477,12.0740573656461,12.0718626006303,14.749228790501,13.265402127133,14.4996117758989,13.1044050932209,11.2515921588377,16.0986848211748,14.4381703216448,10.8660648867824,12.3000609878511,12.3561811626585,9.45078161383309,8.8333494237219,11.8395637317714,10.9072500451984,11.9244754479099,11.1555327986164,5.08000046127069,6.87162017337218,7.63137644541259,8.14228296535551,9.48970602917658,7.48225004623435,13.8683267729969,13.5881934154229,14.1324553838161,13.4605492590139,12.6086051724736,11.2370695931987,9.56617169633978,8.9006376050917,8.51212950745659,11.5864738644367,10.2776552029598,14.8448753112933,16.1966278319869,16.9578944412132,15.635758730088,16.8004008107879,17.4848563347891,16.5291830222496,14.3044606689703,16.6884846576815,15.4733713418478,14.014297378173,14.7406926764181,12.3817814844571,9.69968710844666,16.8279018234828,15.0098847336693,15.7547370245013,10.6068830874796,15.29215810288,14.2533895179124,13.0988069051932,11.0888114518239,7.89929858321696,7.81272749465162,9.68826505753753,13.7938720266274,12.7629644881072,12.3772369407772,11.71176289734,11.2964543997276,12.4063369609588,11.446887309956,12.7297921720899,15.6102301032661,9.80840112419115,9.98549346040441,4.04347581557214,4.35712053831613,2.25435517662222,7.3391232404779,6.01515940195097,5.52769303477034,3.48697576613721,10.2418632866898,7.90812590646566,5.41710281512897,5.70530467021435,5.03704715165159,10.5911363263119,11.4711518954848,17.3516905812663,17.6951685683236,7.73554104620055,7.73845519652536,13.8275871024529,11.9984492833871,12.8014947507424,14.0264431198548,13.3382581921377,13.5385648888961,5.56569946797957,10.4553565615839,8.30236951409409,8.90711479155908,5.74477610624073,12.1472535050757,13.649194912131,10.6999003143048,10.4627861607308,12.3587180758597,8.38566810975725,11.2226321161549,13.1239963924664,9.06422839801263,13.739989818642,15.5957020356485,14.7958652855658,12.8174766888944,15.2631206147021,14.7509507568632,13.9526458055602,13.8735353051437,16.2589928025184,15.018796547628,16.0201129489201,14.7227674057471,12.7483702551465,16.735330669521,16.1650711788005,12.4936924023456,13.7441770184494,13.840240096697,10.9530032231522,10.0392966553605,13.7071596288486,11.9057073281045,13.3014242361973,12.8329643263601,6.75447598739972,7.9239164486599,9.7852453420758,10.1965304610741,11.3572086368724,7.89531071668662,15.5792037511965,14.9530950315974,15.3694645925626,14.4472874723037,14.1908177820816,12.2758894648964,11.4873494007034,10.9872756340813,10.4173411292073,13.3351459180905,12.0222380942086,16.1958101130948,17.3043367750214,18.1540806048381,17.1567580699373,18.0411308617773,18.5280856300312,17.5406879211841,15.0417838686881,17.3749848776825,16.5192662509019,15.6362370625952,15.8798575125204,13.9977752440061,11.7848269723617,17.341137617721,15.8403597746891,16.9708736596583,11.8745022137667,16.5224749964294,16.0249049883619,14.9127350394749,11.8421024876834,8.58710230219021,9.2296905645529
15,8.65232134825878,7.07528800158357,5.69467000290846,5.57264526840917,4.87005672554989,4.32372353334012,5.32277943958157,4.77322255483335,5.7789958347735,18.7860354995655,14.9210734574194,13.7930948362804,8.49165453040808,9.5696863164962,6.82724708477899,0.0,1.46267473911636,2.43322146246599,4.54259103926517,3.73233249829339,10.1230670009601,8.17582232325621,9.27334439849696,11.0720808452875,3.86921430957212,4.52220445474538,13.5847210270564,14.0658673979789,6.93820793748013,7.49795971483327,7.61467393853599,5.74103144281427,6.43380055282683,7.20164323424391,6.14425237457595,7.18872777710864,5.99356173856802,6.84440389240932,5.22724762862187,4.4356106965444,4.19668058995448,7.13610693543068,8.35012673767475,5.95805392791387,4.62518255847426,6.24023862369233,3.53772163018958,5.20821347440767,8.82841398157371,12.0627945227367,12.167803044237,12.6349164634179,13.6817851830406,11.5833483545311,12.8111983369311,12.7973527238781,11.4239745320313,11.0412981355241,12.3149589976694,11.4511203795857,11.9067646093496,10.831481972539,8.71525527959358,13.1572467254031,15.5707144281006,8.97651487550733,8.44289239997125,10.1694872442916,14.5280476608216,14.491270754943,13.9713136566446,6.09571366699384,7.65548990784165,15.5097782170419,10.9711706202551,13.1917307486679,10.3880116765239,11.5533361430671,13.5094286605371,13.1452552585661,13.8530742170665,10.7454218202837,10.9176214357216,9.29980403368874,9.01617693106975,14.6971376499239,9.78431438986089,10.0077001664084,9.31128433961255,9.55713871768951,9.2933732975541,11.6345226002822,13.178481502536,15.4217724852432,15.1701206858925,17.8571355167706,16.0352315885939,16.7697675461187,14.1990273835048,15.7074386366047,15.7322857843428,12.7229957061034,10.7748105726824,11.1171745860391,12.0296349610515,21.2573895024864,19.4328617614078,18.8097027485687,16.0832412814739,17.6545422919714,16.9066910563948,15.7389232723761,16.9686382255139,14.2480838138078,13.2070977474241,10.5704169631925,7.73450005893532,6.94356698835946,7.67322474183596,6.74288991987239,5.43516581590681,6.10003045688153,5.16689500001102,6.07348985423946,19.8782529680291,15.154119486268,14.1126343316384,8.72065303236285,9.84337869353449,7.21995410890146,2.05652078602028,2.48963677070537,3.26764451681894,5.06933082637916,4.18424834132484,11.3434774339631,8.95040673960695,9.66069108197243,11.223327106826,4.38347936130832,4.8492813850349,14.6239322763558,15.0918585952857,8.73802859458939,9.21696936273476,9.97968168874949,7.00764301178916,8.05636964718969,9.33945180412178,8.44567346356388,9.39449828530587,7.36656428093461,9.07679159834654,7.26845098961533,6.56039818465405,5.23013600534394,9.44454529890235,10.5251137088898,8.31951941572563,6.5184381170753,8.53420948809067,4.60820730256647,5.80871408291367,10.4784390609793,13.1616226390657,14.0923816695742,14.5811788629948,15.5240445241789,13.3519103940863,14.6714644501026,14.7253909422421,13.290836418014,12.896587061973,14.1177671729478,13.388736526367,13.7616494633365,12.6625124326471,10.6747516139092,13.8629438041274,17.1289551625914,10.8449893368536,10.443401275064,11.8293997754972,15.502541476745,15.222893455319,15.5360165139304,7.69021284766448,9.64101724469015,16.6792190354926,11.8109741170627,13.7851088364957,11.9435883580505,12.9354958859131,14.7949783353638,13.4045353020125,15.5461203833964,12.4035761607186,12.554142974442,10.6052798944805,11.1442893174973,15.4653225283552,11.5302483695244,11.7136118238211,10.9806445244478,11.5231451328136,11.1070538423606,13.2994941587314,14.4685888377065,16.6464710932211,16.691800034633,18.9858551869181,17.1474582273773,17.7491239940412,14.7934163384145,16.5230733114625,16.7341293647188,14.3456652956984,12.2499415969404,12.7394847834248,13.5833237688193,21.6310773555627,20.0721896697983,19.7725159064347,16.8930088308535,18.6152647259279,18.3235053299731,17.1722363354174,17.4703090799053,14.6549659132812,14.028356319567
16,8.27404032931425,7.92802883678719,6.76271784915901,6.58280528497763,6.03762680206084,5.75219359150601,6.62078569435265,6.23470270798196,7.1075448769455,18.2048354461529,14.1931327829558,13.3295273219669,7.70006022525082,8.64931868960345,5.60417463168126,1.46267473911636,0.0,0.983327137554248,3.14968184949097,5.17732972320284,9.60925828140715,7.54789206349342,8.66240696773804,10.0103660463733,4.81451838591734,5.78658400467356,14.5557138458916,14.9927587158061,6.23660438030003,6.83254024465535,8.2242884787978,6.19211427374085,6.95949191991386,7.98626023565321,7.0542247470541,8.08806219749592,4.83444071776127,6.74879318074401,4.65985771105259,4.08502216007284,2.85708234594636,7.4680027606079,8.93798971078764,5.99973632370194,4.78395861907609,6.66223870791245,3.19772618381334,5.66117183763935,9.57958850016526,11.2593931540605,12.1243207096455,13.0039202882084,13.6523429234489,11.5137483467529,13.117981671256,12.9398481653633,11.6012943347892,11.3619309488635,12.9868430753475,11.8868173783806,12.5627730197246,11.3950072444155,9.31311673344048,14.1643527560664,15.6538713106578,9.38941638302168,9.23018672263636,10.7976016672653,13.7693430215631,13.6397595647786,13.7492173476852,7.18998095540882,8.55376036938935,14.8993847958562,9.95925474712628,12.1827331682779,9.79676385036253,10.9641436150574,12.8963292789534,12.3448206911373,14.1361866694953,11.4814791480374,11.7938796350265,10.4072373525341,9.68370341779317,14.4005519331327,9.81162518564273,9.7449702218582,9.1506384124771,9.92702894994212,9.44729263335505,12.4828960713075,14.1168047420636,16.1094708342358,15.6080385716417,18.060291789925,16.7502808829277,17.157107740474,14.6631849280087,16.3515680353287,16.1256114347876,13.2227665359036,11.7864792212385,11.5193595870819,11.6884574569986,20.8404793891539,18.9883743293504,18.6237803006094,15.2947079479434,17.5850929024932,16.6971541560562,15.4827198900387,16.1344487076035,13.2598834606224,12.3695303489845,10.1958340406568,8.51902284627435,7.80646344654822,8.41899414035714,7.61398608730491,6.60248111521957,7.23050754917527,6.53857434241411,7.33686985996789,19.3142015213835,14.4343223303727,13.6542727219284,7.94636144374689,8.94351299909855,6.04559745534777,2.56606829870773,1.98634027447728,2.35804573349024,3.83166515234646,5.52053967197331,10.877746401043,8.36447480025013,9.07178084163228,10.1725227589746,5.20394731257135,6.0356687961733,15.5121011214958,15.9432550411655,8.16969008462941,8.63512421525472,10.435666163601,7.36938086768802,8.45942170025514,9.92357874702445,9.11187434823438,10.0624696067065,6.43894745045455,8.98135023945968,6.85601053045974,6.30782162683443,4.20181786627785,9.66655532525977,10.9531770703571,8.34196468149178,6.61469749430423,8.84246332568885,4.31695434933336,6.19637251367062,11.0664392535526,12.4092549241819,14.034841337605,14.8493776248506,15.4705772288517,13.2995793278495,14.9150145610331,14.820542468147,13.4045690571252,13.138811681533,14.65886554951,13.7178521319848,14.27229044232,13.1055506263256,11.1197590441659,14.8101588941771,17.1765706595134,11.1538103158118,11.0414245273929,12.3480983934686,14.7722136754077,14.3953703560878,15.3034318606455,8.55602140215764,10.333114783505,16.0961374275413,10.8573933733241,12.8065851692763,11.4155440404176,12.4044905474997,14.2131453853237,12.610280223909,15.7639777251884,12.9975558654579,13.2687825495985,11.5740499100901,11.6441233347269,15.1666452464475,11.5296265412548,11.4835686829415,10.8179710258367,11.7943813250654,11.2008409259415,14.0036225109534,15.3011135526683,17.2621972907241,17.0624753371038,19.149388492456,17.791895642435,18.0825896135816,15.2369000229148,17.0885418257824,17.0806180415586,14.7769728091313,13.1077441502142,13.0693724984583,13.2719836273889,21.2151402690291,19.6252688018984,19.5814768608977,16.1357813894058,18.5391697938074,18.1173713071051,16.9210404120482,16.6462753370317,13.6818910257235,13.2317733119539
17,8.22661593110471,8.43639951487444,7.43323372723221,7.28864134230329,6.84663855331207,6.68794812146205,7.43722838570525,7.19656866124751,7.94347705491196,18.0314644797312,13.9612771258352,13.2982922994747,7.48073207490209,8.30541093454647,5.01281559875396,2.43322146246599,0.983327137554248,0.0,2.38997865640107,6.15740393196919,9.56145531116954,7.45326093718913,8.56733388267168,9.52640307755706,5.44468103447557,6.59147118390713,15.3443073243368,15.7537011936757,5.98855299898218,6.61473904386043,8.66530212715738,6.48332951349631,7.29703025003203,8.4996047642555,7.65288903627767,8.73262340735064,4.23359317247045,6.85471882566804,4.48281102135257,4.03118279367951,1.96947674126806,7.79703396202901,9.40607249318623,6.17108078133605,4.96668766564882,6.99239016758764,3.12981493069978,5.96573744571767,10.2229648066781,10.9362188851625,12.2729457274653,13.3962408983341,13.8131487864376,11.6683219770023,13.493550518773,13.210723210529,11.8789625538831,11.7462133169852,13.5576163892157,12.309524828198,13.1131782041207,11.9042114833807,9.87085713386774,14.9851646950722,15.9103310359594,9.83428040089844,9.84642994296643,11.3791635598079,13.4775161645277,13.289576660491,13.8045367692143,8.01200954257749,9.24026214721425,14.7021548592279,9.49264806522546,11.721304914528,9.60171817849704,10.7834136996705,12.697667190734,12.0673577300462,14.5166062876718,12.0965976794351,12.497393159169,11.2483232259748,10.2125420796012,14.4634193144137,10.0487175331198,9.77082082597375,9.26930232096621,10.3120291530858,9.7266755201973,13.1549530492271,14.867091515929,16.7308495248037,16.0832841541281,18.4039370571559,17.3989828684523,17.623698217582,15.2029464694535,16.9746202389009,16.609283556956,13.7210218497929,12.5473224480244,11.9571363678187,11.6730069419012,20.806511362854,18.9337506306259,18.7293889290898,14.9854085682595,17.7631939831562,16.766953503583,15.5180857758573,15.8022602803214,12.8169266075266,12.0294941604532,10.1707797121023,9.01167966668629,8.40264834723707,9.01536765497348,8.29963447501851,7.43836561983079,7.98808747520633,7.46878168166003,8.15006573665903,19.1739270668945,14.2110820151984,13.6306402676056,7.73848511126071,8.61559212284096,5.49130186338722,3.24906323796986,2.22238803184839,2.14267365849631,3.22381255773269,6.45958291184072,10.8621501407298,8.29304688927746,8.99194284324811,9.69879595605598,5.78223892703241,6.81184066790112,16.2722594814213,16.6800639711768,8.02167170237044,8.4845047664765,10.8291342441907,7.64068509667506,8.76566252124332,10.3637382665653,9.61553889622676,10.6139564514087,6.03326139246826,9.10564613063163,6.78399289907733,6.3141392582709,3.67531725145282,9.96126297822855,11.3690789184512,8.51917243480637,6.78410973188811,9.14201174554321,4.27485153285542,6.47711972588749,11.6415471925208,12.1405641639132,14.205491892307,15.2157627158262,15.6493569810218,13.4921261712047,15.282744453976,15.0941729400348,13.6753391082622,13.5033896522187,15.1877689395693,14.1114614138091,14.7730560002417,13.5744596682595,11.6147096475083,15.6095749916675,17.43833647219,11.5626110555746,11.5830773402267,12.8891593552732,14.5189959689677,14.0760429479894,15.3804521729635,9.27876983510228,10.9348660570522,15.9413425114682,10.4459137302883,12.3757894673687,11.2893025522339,12.2868332891958,14.0584383148499,12.3386276132539,16.1309165540737,13.5603811494437,13.9084001981087,12.359983577135,12.1150121247016,15.2396106368488,11.766059754402,11.5566342211385,10.9533883315247,12.1526078202125,11.4714313052835,14.6240174212824,16.0153837588147,17.8658277105235,17.5234804943604,19.4934771343295,18.4206840006901,18.5373868001222,15.7754310369959,17.6837599184046,17.5513923068896,15.2628619453264,13.8105797192045,13.491651364233,13.2994254895985,21.1911625849278,19.5811256396557,19.7046740289407,15.8648152675091,18.7365788121363,18.2167451076097,16.9879692947429,16.3293696873746,13.2549996068475,12.9376835646686
18,7.8362332718145,10.7925560606565,9.75235715757202,9.19334932642555,8.7740560171985,8.77199361746028,9.75013395426007,9.25144250238447,10.2548133434655,16.3845827546146,12.0067174131755,11.7162984837749,5.67360111450253,6.25837903533866,2.71321369400446,4.54259103926517,3.14968184949097,2.38997865640107,0.0,8.0856243991095,8.12390375376055,5.95528548007,6.97882710561739,7.27373175933631,7.83320685048502,8.92227363011829,16.1392924651363,16.4897854422705,5.38629696213847,5.86790391814919,10.3072958199792,8.67962778994672,9.38204422235367,10.4940755326899,9.75050921632098,10.4133445477004,2.99906758492636,7.44225721161795,4.99259389571914,5.33895663616511,2.37427316924891,8.96906007180148,10.7032069575045,7.26525358160905,6.93428167188671,8.71646798189405,5.19852713091277,8.24140121019194,11.1446938039451,9.25281284513065,12.0228779700274,13.7338164099305,13.4397175118989,11.2945107108641,13.6084467432208,13.1294316769767,12.0526002173318,12.0189865738503,14.3025826005519,12.8779886465595,13.9300108717623,12.6077442012617,10.6362440158906,15.7786970548302,15.428546312147,10.4017128672696,11.1167237536011,12.0027080384072,11.7050444235432,11.3202887732862,13.0127617400402,9.51531904193028,10.6301687212087,13.1700266569312,7.45704854188163,9.53418095451237,8.6086643110991,9.56708064370921,11.2808969107378,10.0589723569806,14.4136262330785,12.9700166504709,13.4691737508141,12.4982972391729,11.429714485908,13.1699659635418,9.88317692574412,9.33881398411527,8.91602271273569,10.9717663518073,10.0126529640463,14.1492291850313,15.7454164618447,17.1077365292639,16.1164604373016,17.9191383725801,17.7271681169225,17.3896841231583,15.0451357799871,17.1276327056611,16.3518810004228,14.0529665796105,13.7860751016505,12.2972783681786,10.8159445765005,19.17697814161,17.3224039919056,17.5825646746282,13.0705363567874,16.8496083264916,15.7855120691927,14.5504367139635,13.7338628016477,10.6050936334044,10.1532956709466,9.6337621738281,11.2104676001098,10.4136694746881,10.5194328103996,9.86688250434902,9.2982893948682,10.1073092356528,9.44766620474652,10.390991066914,17.5316599139107,12.2697806445084,12.0593077072469,5.97859570191634,6.6227095627315,3.42877411267337,5.0903611153949,3.70355132900085,3.17542437545237,2.03746361403785,8.32511124337667,9.47976857234765,6.86272067507461,7.45398836088767,7.49236445798836,8.03708000503967,9.0704523771648,16.9423901893617,17.3095062414107,7.43127571882991,7.72203177418999,12.0686083451309,9.50674189002407,10.4727851571591,11.9483379684909,11.2571575199278,11.8998843267517,5.09952258201947,9.41242024673761,7.00317276134493,7.10017760221377,3.78128298254088,10.757149083522,12.2900950768639,9.22923041451425,8.22958362115683,10.4269258475173,5.87584716206842,8.5768864309895,12.3078049100556,10.5368739857553,13.8527936443162,15.3306553088555,15.1645124418841,13.0662046969491,15.2404395858428,14.8628582142075,13.6754823712477,13.5982361293611,15.6868517700015,14.449597379085,15.3241763147773,14.054430143411,12.0838152473032,16.3257578794189,16.864166606766,11.893021945528,12.5236355311555,13.3265871054746,12.7847073494424,12.1504863106864,14.522096383508,10.5067759072929,11.9952181971068,14.4290880562101,8.53578190639201,10.250684750736,10.3158140088092,11.1213542724886,12.6726020012318,10.3484985756981,15.8896709575585,14.2010111498913,14.6297507220956,13.4275139925976,12.9822704769705,13.9433250416585,11.5018448316764,11.0709462479585,10.5119231892226,12.5655218627353,11.5578570866329,15.3851425003146,16.7328463602689,18.121414695909,17.4258786013388,18.9231269814441,18.629631600076,18.2095786090074,15.5960106492649,17.7100569720343,17.2200014027033,15.4530583044692,14.8290356660018,13.6779733690805,12.4485469552701,19.557037354218,17.9598277263893,18.5297435094182,13.9910264346295,17.7894144828096,17.2038761563518,15.9881981966953,14.2806551589628,11.0786636382351,11.1245346842775
19,10.4713091750152,6.72891907415993,4.90685092290799,4.81149815834689,3.64273211324447,1.69510013548442,3.52768268345304,1.32724020157075,3.58850332311347,20.3039385473602,16.72648347892,15.0317085763122,10.7317521844572,12.0137031093647,9.99871066018288,3.73233249829339,5.17732972320284,6.15740393196919,8.0856243991095,0.0,11.7384864660021,10.1542803374385,11.1021513415906,13.7559112382517,4.20382258451477,3.14667679062141,11.2865447116876,11.9057575677721,9.51153619523715,9.92320579662198,7.71520514853658,6.81353066922226,7.15717031755543,6.97303913635542,5.74332990276979,6.3615141467469,9.29770745474115,8.4923403989102,7.95595439059372,7.10457406233889,7.89673122277069,7.89552531637638,8.2399089373394,7.59132084736871,6.55290731890242,7.14629754054817,6.46821682049015,6.36590408428231,7.81598834897557,14.3320042275761,12.9537803455304,12.4004253055053,14.305294658611,12.405019278937,12.6439557283696,13.0636898152633,11.7818811506276,11.0043995735865,11.2696495053288,11.1840669303035,10.9894895768062,10.2336344955355,8.18602190893008,10.6819921872702,15.7068481421338,8.94656977350995,7.59169385200434,9.31119424968718,16.5772888850617,16.6992891551737,14.957452373081,4.437904467087,6.54491516044048,17.2363554756188,13.6541538273872,15.7416659100807,12.4379351917398,13.4657657990694,15.3444089815314,15.1721438484597,13.5896454032944,9.62209029882532,9.28984109539774,6.94055244564774,8.51484635254639,15.5855638405088,10.5068797766359,11.4348853873397,10.5216331045477,9.68254196925733,9.90867393280684,10.1081900823678,11.1195984076072,13.9415234599803,14.4020012666645,17.5205935555624,14.3881675295362,15.9523306498548,13.1797736013106,14.2027550347398,14.8871650599355,12.0142506334161,8.79138123946432,10.8375754573782,13.3971279632294,22.1956087912846,20.510143190944,19.3569867795963,18.1115402002148,17.982783644131,17.6765048390426,16.690406904047,19.0149742083642,16.6978327759195,15.4511792154842,11.8445575388884,7.23607217063507,6.09325318812321,6.71797567139353,5.50507354419244,3.4474990096368,4.4450511459616,2.16157663072407,3.96838325603663,21.1070257452507,16.8961356679915,15.2595627359357,10.8750689809454,12.1929999082995,10.2565631614039,4.08797798592958,5.48654399641718,6.4780291996941,8.37139348833628,1.58493283720884,12.6342562653462,10.68146994356,11.346335520846,13.8441181771608,4.65560375756439,3.53183887716169,12.2592176652363,12.8229222727633,10.596922096024,11.0360680567071,9.61357301034524,7.67467003331525,8.34830116546184,8.82545424998945,7.7806250213966,8.38295761989931,10.0390280950732,9.98038598960691,9.09872970524427,8.28847369845847,8.38092598252512,9.61554429598081,10.0282385367441,9.1309341087545,7.7074043140625,8.79065661317316,7.00582308404687,6.79390958307116,9.31760198533199,15.0556144517682,14.3734655452731,14.0253863834704,15.7007166045736,13.6233234695502,14.1304858343275,14.5696518327817,13.2181628757044,12.4822824975644,12.8593543047145,12.7779028383633,12.6403917661457,11.7778598537814,9.89000667734256,11.3407316924433,16.9351186151679,10.4279264820699,9.39058618669573,10.7191180144147,17.2514157085983,17.2038249135797,16.1208789366802,6.08084627543914,8.38433221183464,18.0481139937468,14.1996605692675,16.1607435002951,13.4392981103016,14.3526636028059,16.2363979513244,15.3742430699912,14.9882627687287,11.1018096100513,10.8696796198947,8.25967644835174,10.3409039803887,16.1563266869101,11.7912223158969,12.5493373032935,11.6806478677428,11.2191933994421,11.237510624535,11.6403853751534,12.3109994263723,14.9779004010604,15.6770073406698,18.4094473099434,15.3646727418179,16.761398681029,13.6112810530779,14.9562707512009,15.7382675372099,13.3113679453658,10.2181032301996,12.0928707160804,14.4586057683755,22.4597245649302,21.0017819376587,20.0667855980483,18.6613563991077,18.6549095577369,18.7198136603062,17.7271685136286,19.3904787598881,16.9995488144601,15.976068581406
20,6.92462790639313,16.8027020105635,14.8387344688269,12.5287743011654,12.0252487024134,12.5227461834608,14.4753408023057,12.9758261069617,15.0782290852946,9.0296352402403,5.7693560754974,4.29536317556681,3.46549638151684,3.77244074320461,6.22090961169408,10.1230670009601,9.60925828140715,9.56145531116954,8.12390375376055,11.7384864660021,0.0,2.27893833217802,1.97972293315504,5.09089564984497,13.8884684276831,14.1837673342627,13.1296623786119,13.2145173388906,6.81364592456498,6.20834770735474,13.5019029758012,14.9709070294774,14.9126856390333,14.6898086065925,14.1086194342026,12.7992043110577,7.33630205846352,9.4125119031456,9.17979845268368,10.6677377500651,9.90047322514761,11.2869964373743,12.3240561935815,10.6010756971202,12.87970614053,13.0273040233296,12.3684501576445,15.0585959623239,10.2080374429284,4.40289005371235,8.53088768453581,10.8788179155494,8.91514867954055,7.26447530262797,9.80176340790395,9.22209268420119,9.60559811578855,9.28389500922514,12.1443726330178,11.0907788575101,12.2880778564251,10.9697583584523,9.58021520408486,12.9183601560016,9.28005646210728,9.15389514035197,11.7820243400735,9.77041618577744,5.43890585650191,5.32537362996413,7.33138632791392,10.9099242844558,11.6236802834676,6.56151665850191,4.39288700802084,5.30405818237512,5.93462842641016,5.08417135006035,5.46934933283923,4.6706002064842,9.35464315561718,11.446755905455,11.8774385151284,11.9402558636473,12.2261194842851,5.06219828794221,6.70363803998756,6.87203660557634,6.17524897478449,10.3232697410124,8.68349992278487,12.6408113875816,13.1571109437025,12.6368293183614,10.9129361243336,11.0522762805826,12.9347391538056,11.0228958181625,9.20303936149503,11.8617885070466,9.99209526799656,10.4237901648071,13.0645615286209,9.46292991576297,5.95741976288561,11.3495081871794,9.3875490155642,9.65985813700493,6.51806080537565,9.28168013756149,8.7801472578675,7.99802235597434,7.47192872098557,6.10127038486016,4.46280293139069,12.7297780234064,17.7379387892288,16.3584526371193,15.4779508691848,14.5115831606277,13.7861648627259,15.4219359754035,13.4639079155713,15.4698527636146,14.4702569930053,7.20467603420616,6.89192108594125,4.99405679934665,5.46556501982638,7.46550756166077,11.0364731936952,10.3805540641378,10.415300373166,9.0291829822486,12.2892797412433,7.29449521426511,6.09689676846641,5.33894722202423,6.56819355009945,14.4101892046533,14.5437479085625,16.3016688467333,16.7658871692907,11.6726361173378,11.3552204830209,17.4773605501453,16.5689035815205,17.2292683503592,17.8571688874812,16.9786341780991,16.4579554880374,10.5556678624251,14.2114567844939,12.8967899342217,13.6683721110945,11.3169561158435,15.715856484698,16.6953838319669,14.7574643247944,15.1465420436635,16.505170673342,13.4158942766976,15.7282809887545,14.5091003021678,10.6685405927525,15.367780681013,16.8802900054975,15.7900223926097,14.0593375991638,16.0048718202312,15.7630986154298,15.8195953715245,15.2354748650372,17.2672000739668,16.7926897351164,17.455091445337,16.3092272347285,14.2556312683856,15.3249201297603,15.7289729093537,14.3249015908632,16.0383494688081,14.7212138779252,11.2921460001107,10.1157764244651,14.3064783096422,13.7953429681068,15.492155658091,12.9861078080354,9.00156380553777,8.5423085445444,12.3672231667196,11.9493863823387,12.3637600867065,6.2653747762909,15.4793079298053,16.1995862288038,16.1311518302055,15.0063586635908,16.7631539126805,10.1831717876428,13.0254958821302,13.2803455389729,12.3873230723742,15.6961630975226,14.2920865822337,17.2004667522242,17.0901282671197,17.2378364943512,16.4649685475589,16.3624645106448,16.975237115199,15.6095859858308,12.650698543303,15.3118190909254,14.2994114976349,16.0146719553649,16.9420752851841,15.126876522545,13.134563376329,13.6993287350376,12.9525335426953,14.8328498879318,11.3326864299145,14.7909010527027,15.3961803768545,14.8520815077219,10.3697266313467,8.36232176239178,9.90118250865193
21,6.7435829766148,15.046160854459,13.2461928826903,11.310426828522,10.7451453423022,11.0344897344249,12.8742412380592,11.4434576059052,13.4168498831616,11.1460413453051,6.92115080374098,5.92587532835278,1.70921935906097,2.63422419216059,4.16851249895315,8.17582232325621,7.54789206349342,7.45326093718913,5.95528548007,10.1542803374385,2.27893833217802,0.0,1.31782496101471,4.43764338954377,12.0146071477391,12.4156897789036,13.528469861892,13.7322449831198,5.83990637153579,5.46348802502309,12.482941906966,13.2082246393153,13.3481293870838,13.4139059570766,12.7348504669149,11.8725973168748,5.67934305734939,8.5728711664658,7.7756129127038,9.0813275302066,7.88338007625678,10.4308731043342,11.6685713016547,9.46830996833833,11.1931982346762,11.730734833736,10.3852357549422,13.1211779313329,10.0354355674568,5.41285591302639,9.37414677662706,11.5210897173666,10.1318051268746,8.19924482347726,10.6990765761805,10.1868503292142,10.1049613958912,9.79109122628332,12.5162800981084,11.3932486138621,12.5296168355366,11.1641875222284,9.45515339587612,13.1807222442577,10.9878341297987,9.1267790188166,11.2848384623923,10.0026414324789,7.09399210786607,6.73563057179775,8.92176482070179,10.0069427727401,10.9808087913991,8.45776808476634,4.38065938533971,5.78581348682447,6.31111562173659,6.08637740289736,7.04412559788286,5.31207703738526,10.6259367593065,11.5587171616213,11.9566449116226,11.5879743277883,11.7678701209042,7.29636385918364,7.20698768865564,7.23781689074694,6.50173882648076,10.2433113924567,8.73306751340582,12.7674720126417,13.5215184603548,13.6341130234551,12.2078720347347,12.9275425885455,13.9782780919997,12.624564029283,10.4088210275189,12.9891052547584,11.5044544068447,11.204723229822,12.913318694888,9.97841441623107,7.17469223704191,13.3562853966934,11.5138953949881,11.9164519417541,8.22289995578659,11.4336059813971,10.8390449298183,9.91499294110202,8.89928529064158,6.68340078719277,5.75486170972473,10.9182961108904,15.7248739528556,14.3527790900715,13.5268648599319,12.616631163252,11.9798525687057,13.5460543844177,11.8040247504807,13.6936701798566,14.4384404768125,7.77016355093236,7.34839021205282,3.36264201743164,4.14562676114973,5.34452760454325,8.95400709622855,8.19112939045455,8.17713079039046,6.76141039710873,10.5874727951011,6.50013943951309,4.61756496001951,4.20589285391286,5.53415304619066,12.4020077287097,12.6834812158375,15.6115218570684,16.0429596255636,9.64229108529661,9.40760886760561,15.4355782054743,14.4071838093498,15.067147908573,15.785149635833,14.9377227486324,14.5568935635365,8.37390527219694,12.163979106811,10.6972543561561,11.4326142602605,9.04256616754923,13.689143358968,14.7833494417289,12.6340049163152,12.9325141676672,14.3665457183247,11.1970891620623,13.6231544728165,12.987992768241,9.50912430810034,13.9643377916632,15.5160742638783,14.6147137025062,12.7404434390587,14.8087427558799,14.519413948742,14.2894196014522,13.8116704672495,15.9334577998779,15.2549139550385,15.9957753495643,14.7933441939466,12.7122296887734,14.7510192104846,15.0342522086969,12.7123014817048,14.2909496884544,13.3737957244449,10.6615437259104,9.65059179620622,13.3171230618358,12.1013852969815,13.7554563082946,12.3688112713568,7.70650485833235,7.95088806842418,10.768356423965,10.6209309988433,11.3758421973894,6.32638204848037,14.578049766365,14.7591498498086,14.8251099754214,13.7239956684327,14.9647465860265,10.187835036994,11.5459065585196,11.6594923219034,10.8016582382993,13.9728504847208,12.6004463345736,15.8390232734983,16.1162285993923,16.5621211916534,15.7575903155885,16.1278058864539,16.5337628388376,15.3881373645045,12.5000891289225,15.0614953150595,14.1597191082252,14.8890921154618,15.5424210680155,13.7518100925153,11.868368702601,14.6959004708546,13.583075975182,14.9588562001678,11.120751523506,14.6638313797452,14.9062775666409,14.1462407894924,10.6448882166731,8.15396875034655,9.12499378886834
22,7.85000243648844,16.2198616740185,14.4254150600392,12.5074394101751,11.8940780885566,12.0780251462857,13.9700791129919,12.3980042552701,14.4478809664175,10.581596246569,5.73031922975147,4.7554321163243,1.6678909683345,2.32167562132432,4.95989609883771,9.27334439849696,8.66240696773804,8.56733388267168,6.97882710561739,11.1021513415906,1.97972293315504,1.31782496101471,0.0,4.04280889373077,13.1309476081435,13.4654569274948,13.9329224846575,14.1334170454193,7.08804246460925,6.66464468545083,13.7491594642526,14.4453890795586,14.622870884112,14.6737768919942,13.9702076871377,13.0596071128831,6.87673679524035,9.84871634164887,9.08799289354226,10.3847458305914,9.03385531146372,11.6945212727805,12.8708579988673,10.7753384785578,12.4680025431036,13.0291898444174,11.5675907845629,14.2810289992078,10.9698451690588,5.61230291348412,10.1225398245796,12.3057438355451,10.6891194932979,8.88957340278047,11.3474775475524,10.8493321335757,10.9856866246297,10.6169929571048,13.3219839904658,12.3133350737158,13.4136521703176,12.0765474669629,10.4279030886409,13.5018701770211,11.1613016195022,10.1279002107299,12.3826481508046,10.804258811941,6.80341590769817,6.21326184327726,9.24504884528539,11.0464283056831,12.07340617016,8.27414103345341,4.55862801442239,5.25845392942468,7.15025626229801,6.61605879597834,7.17600719421079,4.18140638726103,11.0249846940175,12.4309127167429,12.7540618050434,12.3807956327569,12.9026062581446,6.6227493116786,8.05223625907219,8.17110619913573,7.43684387063967,11.306905671406,9.76793383080225,13.5992670861504,14.09954809484,13.9579167320746,12.4986288206523,12.8086167652747,14.1639568501491,12.5465370435208,10.2652048971842,13.0259160762794,11.355997677127,11.8234383619932,13.7772204617482,10.768860163717,7.7058042157269,12.2877608370381,10.5687152889621,11.3925759283308,7.61080510379859,11.1181912542222,10.7484708649732,9.97425279407898,7.95562265651927,5.9027435154811,5.50659427192599,10.7992499738003,16.6932415198549,15.1837857611222,14.1063796728002,13.2320017381036,12.7450035081116,14.4142731715838,12.6502804363236,14.6347203851736,13.2706974896028,6.50466534442349,6.07410127307531,3.0200933723809,3.61932679416249,5.77478468596537,9.88142909921018,9.11806823461428,9.08540147692066,7.53337892437347,11.4317443366689,5.62666195728026,4.16802461076384,3.47289413016784,4.99892580133377,13.405115115615,13.6563822116499,15.4868623380113,15.8817826151471,9.75365048227885,9.40861183837689,15.9114431391256,15.2934806369413,15.8481863102354,16.4204340028353,15.5919363815596,14.9968201469431,8.7325946448931,12.4109863967784,11.1375947405302,12.0411107049851,9.82048667060108,14.0292887208015,15.0753436914461,13.050138981706,13.6915393612403,14.949799129332,12.1232170396928,14.6338784178781,13.0709639461978,8.82269460355242,13.5813868065016,15.2487069097636,14.0799385863913,12.3145393196256,14.4333976167411,14.0962578946677,14.0732256941246,13.5933149234461,15.8071500630161,15.1451062047725,15.929114001303,14.7416509185031,12.7229296323562,14.6867445825015,14.2969100738019,12.691773630514,14.5301241332817,13.2882367739736,9.7022948856394,8.6468917473344,12.6131879097541,12.5310851832726,14.0582734790237,11.4041728614041,7.1628639228043,7.09127784165657,10.4150631481447,10.0573411298316,10.5928367644999,5.1612519756889,14.0355978119194,14.7544513349237,14.8242777468352,13.9420762525685,15.1778628862766,9.06663545445143,11.2758406035639,11.4003260799062,10.5510787311803,14.0002849299293,12.5310437345267,15.8441103050232,16.0252779067274,16.1713037609253,15.2113095974503,15.2769337472824,16.0940175792148,14.6592021690257,11.9202363163055,14.5379645071922,13.4438534812706,14.5894214853462,15.6916695880001,13.5533603268677,11.3123629244696,13.3852641756452,12.291580034569,13.8325151186333,10.0158352244449,13.6594946438166,13.9711162851913,13.2901203686577,9.45917736831295,7.18848508435059,8.23672238501099
23,9.51754932040042,17.8713280923052,16.4585249068154,14.9551298404666,14.4845114472033,14.6924559136786,16.254807856524,15.0706991977351,16.7474935232718,10.9796529716759,5.39291234568078,6.56458982805917,3.30855035453215,1.92767363294905,4.5651574859859,11.0720808452875,10.0103660463733,9.52640307755706,7.27373175933631,13.7559112382517,5.09089564984497,4.43764338954377,4.04280889373077,0.0,14.8185915301378,15.5613921244038,17.8845352682149,18.0549766801383,8.18332724476297,7.87424707197792,15.8278687785325,15.7439209337625,16.1268227497583,16.6906898530187,16.0666592613895,15.6401406139468,7.1256309844321,11.5765999644871,10.1938325139798,11.5243847951425,9.32223530166426,13.7414110931693,15.27786622303,12.429596645838,13.7221628240816,14.739628954924,12.4195225680518,15.4774579131057,14.26131836735,5.71319143590652,12.4082609638454,15.1995489585269,13.0427422038021,11.3429727590406,14.3545072900943,13.5497559078577,13.5529049129669,13.5623769622374,16.5830056106369,15.1548495501637,16.5370387597546,15.1347192120474,13.5679978686019,17.5132598834608,13.9536256479129,13.0459893568858,15.2666162467748,14.2019094348467,6.70422523719779,5.36299276231395,11.3140241302421,14.1377262363048,15.0265845432975,8.86458591399539,3.26535373026914,2.82141702886428,8.26819289857585,7.76933750452711,8.00309212213966,3.48591711593444,14.2078489103153,15.7244031035271,16.2657438184422,15.9878157568464,15.5768801259371,8.95214737463089,10.8075987069488,10.1243852979801,9.82429426046659,13.9291516773448,12.288822909232,17.001040176077,17.8781140729893,17.6794037874424,15.9234452837948,15.8580798012069,17.9963450637466,16.0403916702721,14.1168452216916,16.8895187072156,14.988487144333,15.1615390171388,17.2329069426419,13.8746703345194,9.60031195985031,13.1525751817508,11.5221518066746,13.4278998479934,7.04706924084728,13.5832628024956,12.7375456823346,11.869611640039,6.80482015924354,3.42992742018584,5.06271128605043,11.0709103613385,18.1489709570881,16.8434882422683,15.8835510236261,15.2366357753872,15.0337671572465,16.4500863489219,15.2051443454812,16.8314975455421,12.7353199045566,5.94393971169272,7.21788650304721,3.85691018862758,2.91081385567591,5.0784866008215,11.4882778250299,10.270472534809,9.83478244995658,7.59103011417087,13.960051891804,6.73136815552341,5.42919947608625,4.90692584677596,2.32053476316895,14.9469914373787,15.6614900461168,18.6667389784182,18.9496408404163,9.80164568581066,9.41435098948446,17.1537496243076,16.258265663399,16.8561658890245,17.7460750292985,17.0796241331027,16.7241014971079,8.34384324112481,13.0886366939234,11.4612804271469,12.5458012512373,9.80159127147049,15.0881003276277,16.4660293599512,13.8354965779565,14.4694888498639,15.9543287243319,12.7293480211002,15.671308814262,15.2460446699903,7.85563516122453,14.4062768250556,16.7293210686466,14.9541114259581,13.3433392786894,16.0362825319745,15.3397157615733,15.2154372557149,15.1405663078208,17.8314173292435,16.6509329539381,17.7873221263534,16.5214016486657,14.6803500892572,18.1007838835398,15.6575920062554,14.3511885018445,16.3745785944281,15.4775066459053,8.63319815934801,7.13473618565955,13.1704053859931,14.8883426449912,16.0727159767135,10.8440676987411,5.45147932761724,4.71624036939893,10.2341789696695,9.87656975019682,10.1134228443152,4.23203838001283,15.7869295421558,16.8655462764172,17.2487057106547,16.7970800508604,16.7791338315794,10.1947947264928,12.5264147180509,11.979804147787,11.4635379684632,15.3671301782028,13.7233331124243,18.1315946823102,18.849383856363,18.8053431199509,17.3463799926756,17.1113944180083,18.9542042378061,17.0344440091934,14.9232728457203,17.4775608356106,16.0248724945388,16.6472778571713,18.1837260994953,15.3257449115215,11.7161349917193,13.793751520229,12.5341514563781,14.7941352911676,8.77695380966863,14.9450963729841,14.6363307604579,13.7949703665423,7.92068119298606,4.72635111325576,6.99917786841914
24,11.3021413685983,3.3421287550924,2.83349806375676,5.10420288003398,4.71648457583159,3.77703646521402,2.77889975134506,4.14262013847115,3.11212480970224,22.3635290585276,18.7900737182143,17.6002853204618,12.3518404193766,13.3964599445339,10.4060423873758,3.86921430957212,4.81451838591734,5.44468103447557,7.83320685048502,4.20382258451477,13.8884684276831,12.0146071477391,13.1309476081435,14.8185915301378,0.0,1.85147235830112,14.9315900098173,15.459628438411,9.81793703572249,10.48847283184,7.05756610556445,3.14914770761241,4.30161310350087,5.56569446528187,4.46004471487834,6.93871820326281,9.06742760694321,8.57029971501287,7.33317219555322,5.7205932589707,6.5608594277431,7.8605633804699,8.66725174816957,7.0620944630764,3.92897769960047,5.68615414515093,3.69081913621887,2.18426155018234,10.2449889855861,15.5597315299092,14.5417915127368,14.3441901922446,16.1629110611289,14.2181001810427,14.8934942217155,15.0470166227796,13.363678542468,13.025657525945,13.5344497615611,12.8777988723626,12.9769062123822,12.2015797523976,10.3539589645392,14.5812200206846,18.2853582870598,10.7896324458274,9.05316792730259,11.9120601976827,18.1243452271804,18.205265832477,16.9018955929941,6.9508361248859,8.22516197753434,18.9582020364774,14.5873955096108,16.9347678422625,13.3889476132526,14.7797025994049,16.8672386001063,17.0089409284369,16.2489023768599,11.937048729419,12.0114992942953,10.1604864003298,9.51012085143121,18.2993996947412,12.4213466556866,12.6664139806536,12.0938166804265,10.9899530976705,11.3116216426198,12.5417874730736,14.32409835058,17.2289412721257,17.3972747694449,20.6201822861391,17.9403989213407,19.3605895786748,16.910027305761,17.9163674499868,18.4390229908694,14.6182209520512,11.33943156456,13.0575141023298,15.0458915761341,24.9989600753519,23.1481564503608,22.16824424379,19.791018109964,20.8239715360595,20.0181649501116,18.8127260979789,20.7954234021871,18.0372509924828,16.856818412309,12.8855954049764,4.58384547111542,4.9827357411745,7.33151211815908,6.62636069707853,5.0262640490932,4.17624290304092,4.58902670298362,3.65535799072617,23.2983472271826,18.9849327492468,17.8514729108328,12.5101920734941,13.6007553006052,10.6646403594112,4.15043548195672,5.1630740220016,5.81126217302613,8.14424657138815,4.52775623736838,14.9091606771741,12.6136796810982,13.4039144359533,14.9015175224806,2.03396188491189,2.52920761927825,15.8937669033533,16.3594734775753,11.1538352832115,11.8045378955058,9.53352210984924,5.10541728105187,6.46850683396451,8.1117603451029,7.32705850774064,9.23439036392011,10.0219365194942,10.4161892721045,8.87264674480035,7.46554591895925,7.27794888200643,9.99731026873256,10.8382512869928,9.09473279444077,6.06001567129671,8.07948721442367,4.75329494049941,3.38788775946877,11.7263746847992,16.410341733113,16.159173425177,16.1231680605059,17.7591745025111,15.6568632249021,16.5289407656319,16.7406541476895,14.962265362232,14.6181436319385,15.2440942753773,14.6251465040572,14.7384517718337,13.8290058191619,12.1543874409883,15.1956882198266,19.6354760688287,12.4092988601284,10.9808178259434,13.3391725569439,18.9093763401459,18.7847918767562,18.2226828588595,8.38695980122089,10.1340187040176,19.917209890199,15.2278275153553,17.4182927570849,14.6165831841812,15.8555260014603,17.8920172952051,17.2194405127511,17.7391616795247,13.4493235910563,13.5770854335743,11.3650403182412,11.6116212078365,18.9131403285301,13.7996179048247,14.0164788293295,13.4100013894183,12.7235048669707,12.8385462624117,14.1123191629493,15.5155570477253,18.3124244594532,18.7514090367258,21.6038539471876,18.9536652426577,20.2130761088327,17.3445715527647,18.6771591321701,19.2999077136544,16.02140185784,12.7382107055022,14.4172619035647,16.261056370852,25.3085844345741,23.6916448006491,22.9826959166399,20.4544695182348,21.6149868613542,21.220051499069,20.0133787186176,21.2104323231484,18.3685592886585,17.5014635813088
25,11.9543348727597,3.7920705919511,2.83152312498421,4.98663311891865,4.33120494167071,2.687435283693,1.6376411778039,2.63480134018602,1.41631455232413,22.724551026111,19.1441159638311,17.7140445524313,12.8389006361689,13.9979144647658,11.3332763313106,4.52220445474538,5.78658400467356,6.59147118390713,8.92227363011829,3.14667679062141,14.1837673342627,12.4156897789036,13.4654569274948,15.5613921244038,1.85147235830112,0.0,13.8243311165984,14.4145599681014,10.7263173066126,11.3159318232541,7.43567841710895,4.60247997160193,5.3576784350662,5.90080526744481,4.68605937048067,6.77648606878595,10.2102462854908,9.31453501393004,8.46071414501946,7.01364713480726,7.98687762291635,8.37158760402201,8.810073027786,7.91936399837256,5.400845897918,6.51527544786422,5.41433997258341,3.85775400899013,9.8079081792564,16.2488899247463,14.7973438122803,14.225800214083,16.325706317946,14.4378166479608,14.7467604205706,15.0796430610013,13.4916159038545,12.9575839171177,13.0900708559992,12.7873097889554,12.6167519890138,11.9595547048296,10.110777156834,13.3686024538538,18.1700574915503,10.7509559035663,8.78994484101581,11.4948764227795,18.7061014429447,18.8190268159828,17.1481940219422,6.31423022958809,7.84326363590248,19.4388485527671,15.4038970565753,17.6654893299391,14.0871288607659,15.3742194042196,17.4092538406654,17.4500293493825,15.9998617156692,11.4646455192532,11.3037982759378,9.1412417773265,9.43326673760713,18.3331287135724,12.5860774195474,13.1518829630523,12.4485651947717,11.0859367509379,11.5395988040884,11.9001444155096,13.3738688894245,16.4664071231018,16.9266460567997,20.2576698248794,17.0700089391705,18.7891267861936,16.2128716218566,17.0657892611439,17.8300833412359,14.239710904174,10.509934857724,12.8813860477741,15.4426346028057,25.0181119159097,23.2493817648228,22.1126300203543,20.3369851108075,20.7052958248259,20.1296855598855,19.0173917908437,21.3030167676033,18.7080538018323,17.4991307061173,13.0170875152435,4.52112229813563,4.44168222052337,6.62381144777541,5.7794928229337,3.85957365994163,3.04210934767933,3.06388937098348,2.10135065458255,23.3525169208932,19.2828997952853,17.8762120490558,12.9385226852051,14.1351156370385,11.515282122939,4.60026210661548,5.96899829717654,6.796812348092,9.13043056212718,3.38581071628799,14.9726964514949,12.852026535152,13.6322470906068,15.5906574514291,2.53358634701142,1.41549384259345,14.5138521304928,15.0073303302467,11.5507612597064,12.1640627061033,9.14099333616814,5.64411863490561,6.64834699012902,7.72510424431197,6.8366877404649,8.48553980383944,10.7867706233113,10.4748695634687,9.36681666894836,8.03144748682769,8.40073643439829,9.77763567215177,10.3050920692207,9.18061399958167,6.59936309261149,8.03705206473117,5.96107806325102,4.42759488390344,10.8444833478948,16.7675824692273,15.8468460768678,15.4637364741883,17.3860830042614,15.3257532132054,15.8598631127296,16.232705452734,14.516978428456,14.0180448713654,14.298618607551,13.9629785000793,13.860631754067,13.0516499483108,11.4191878786095,13.7797802039111,19.0828769125551,11.8260241800725,10.1710788918762,12.4595589566707,19.198762098863,19.1807263034817,18.0083026997505,7.37047922541756,9.24057751380502,20.0367996236035,15.8091936303646,18.0024193302428,14.8237082233738,16.0075973295289,18.048795874824,17.6104992529169,17.0468496264259,12.4985407361046,12.4679670581188,10.0268005418093,10.9178077992969,18.7286048923072,13.4696554023659,13.9437564111978,13.2652000277591,12.2104669546571,12.4872400360449,13.0118484923994,14.2056188807075,17.1737940140472,17.8680949699746,20.8839746686245,17.7708161475941,19.335478592206,16.4221174619479,17.5872828070899,18.4281498005567,15.1511440783699,11.4973382217971,13.7193880508818,16.1794253546939,25.1994570641689,23.617071818011,22.6233697000317,20.7545361930859,21.1493941821771,20.9101850459505,19.7771998153482,21.590567252149,18.9459776552929,17.8774027147307
26,12.737747441822,16.3049295678182,13.8915407593343,11.2169802149837,10.7329797251764,11.2149666222397,13.0286233292896,11.3760384629749,13.4334621689621,17.9113937407586,17.7273275426598,14.8195333157058,14.952915176963,16.0988609507208,16.4575777240623,13.5847210270564,14.5557138458916,15.3443073243368,16.1392924651363,11.2865447116876,13.1296623786119,13.528469861892,13.9329224846575,17.8845352682149,14.9315900098173,13.8243311165984,0.0,0.89461686119543,14.0604957797475,13.8088844733479,12.6206557936732,16.3075821604628,15.4893049545976,13.4942552644482,13.0816945396451,10.4793373558724,15.7311410845619,12.7236336663123,14.4259241936426,14.8031571550455,16.6088473550306,12.035845041843,10.864266989985,13.2202901148719,15.373230205537,13.8403877033131,16.4326123551437,16.8615801998753,6.67859571310852,15.785611177411,11.0538143646651,8.52395621358157,11.0571398842903,10.6607149033334,8.1795898442319,9.57917910823287,9.88026925795373,8.35243957484824,6.46434992177301,8.66308592518901,7.27449149345073,7.58536335933739,7.52141923247027,1.8762139511024,10.0924080769421,8.52417823830558,8.69785233214598,6.05588830034893,16.755722055663,17.6376959154046,12.2321548891622,8.34284527709832,8.51237293129048,16.0470303642067,16.8610099174513,18.3950223321599,14.0075281144949,14.098991279113,15.0321288502846,17.2646675755212,7.82632792199397,6.27506272785638,4.85965244802389,4.95103661627834,9.65434741629629,13.1328768203701,9.78819023317023,12.0367198180859,11.0290463343864,9.60568522702074,10.0833485306759,5.57546988495915,2.38575998424147,4.19405567324915,6.61320121114626,9.98484241257764,4.00555279596307,7.60653181897639,6.35969688983752,4.67912382254268,7.18594650960015,6.32963267341773,5.446536143884,7.59591557576032,12.5083110357453,18.9369708216905,17.5189776843657,14.2741876083429,18.0836397875886,12.400493307191,13.3188180470594,13.1793230953862,19.4926798546007,19.1401029092313,16.6815942728657,19.5704303159987,18.0406229551039,16.8977938886923,16.5862370880752,15.3334470953262,13.7355134460182,15.0685402649017,12.3764637906963,14.2976377846879,23.5863303952374,18.6699546675499,16.5433976799801,15.7429191952588,16.9928549027579,17.4411728077734,14.6239561204674,15.4849045973369,16.3200159054802,17.0420511731469,12.205572913983,16.4128632059494,15.6203483773287,15.4741482299074,18.7453773601165,15.8895010766229,14.5154949284562,13.2164549278109,14.0678419441974,19.0462734493711,19.043503007829,19.4964730734978,18.9302920903815,19.4213670259522,19.2063801290858,18.1501278964635,17.5458392341021,18.7934140031793,19.2154691256219,18.8974849415713,18.7600108110597,18.2341895579597,19.1087228773628,18.9251743171005,19.0621536068669,18.7763155285079,19.3275599065727,17.9414134178898,17.9969074887882,15.8202750324211,20.6135670473439,20.5162006766077,19.7463196408006,20.9126914341961,19.3107396251209,19.046701265425,19.8765708738403,19.8382722541411,18.4814718463526,18.1792192519829,19.3604953257024,18.6958823045586,18.2024006971614,16.4746658990836,11.3913968922848,20.0531102082301,17.3749105783803,17.3349573724244,16.177551625074,21.5503985146919,21.2201613072962,20.8151741453007,14.2519143740515,16.3980782738811,22.1460161250181,19.994099552889,20.555273709866,20.3541438040939,20.3195500947048,21.3169618938747,18.1943183111026,18.5992263567471,17.0543006464595,15.9627495585561,13.2930219403517,18.5176393749154,17.8487026777488,18.030976488398,19.5214924477588,18.3576088889318,18.8256750782519,18.5781841906402,17.0248906090657,15.1463602450808,16.5897199503903,18.0938167683128,19.405218393644,15.6544174385067,17.1376862824227,13.336437190107,14.6000295572405,15.7447382900515,17.6421191188653,15.8439552773123,17.7904490013624,20.1320058615663,21.6542766144532,21.3722581086142,20.970136816914,22.0286870213603,20.0302910281681,21.6870530638424,21.509746631683,21.8359062356842,20.6840540253636,20.5926453211748
27,12.6674594808881,16.793774709533,14.3560571388242,11.5593051001294,11.1487120227321,11.7780920910813,13.5775020799153,12.0154554141315,14.0455730913678,17.584946947633,17.7958880645987,14.882801180927,15.2066763380183,16.3082393998508,16.7373054464736,14.0658673979789,14.9927587158061,15.7537011936757,16.4897854422705,11.9057575677721,13.2145173388906,13.7322449831198,14.1334170454193,18.0549766801383,15.459628438411,14.4145599681014,0.89461686119543,0.0,14.1364030043997,13.8517835535712,12.776585383645,16.7064708861885,15.8194374962792,13.7723230807164,13.4279933078443,10.7044178428116,15.9276398999632,12.7780793886929,14.6040466441254,15.0550170391608,16.9414374522792,12.1183889074832,10.9076930538034,13.3621591838549,15.7036701810715,14.0635664134172,16.8410614413324,17.3422984409134,6.73248648216405,15.6877102178768,10.6856020944967,8.06005931179158,10.5858827988597,10.3510452241421,7.69365261060483,9.12619082261876,9.54216443774834,8.0399722546795,6.06813049959245,8.33331726383435,6.9441358672818,7.33291087703289,7.50814756810564,2.6923604870622,9.52650620328229,8.42983538849759,8.77551122999435,5.91720288476062,16.5896312519204,17.5515550520618,11.8292226835975,8.73701586611362,8.69982408009008,15.7657384679664,16.8987824108084,18.4353845126512,13.8743455714131,13.9282740796325,14.8015329606412,17.3873873847442,7.28169220675002,6.10061168556154,4.79393530619055,5.39839560887803,9.65131199884868,12.9874058527691,9.61950930041719,11.8618349905853,10.9066956052174,9.45583038192905,9.93320356967043,5.37689407570306,2.07746389781378,3.37135518392759,5.92894022515528,9.3815975555059,3.32071969139201,7.0655856792395,6.27995078731685,4.28936473023259,6.83206163929438,5.82775192584781,5.53293599674321,7.27887445505932,12.2435819861976,18.754357583523,17.3024596466321,13.8594633847207,17.9319230587241,11.9327728940136,12.8314096995292,12.7293415323996,19.4340425714289,19.1955640967911,16.600079934518,20.1971780045222,18.6886564695892,17.6051219216903,17.3526434318585,16.0913450907592,14.4623498767022,15.7717385405694,13.0817446584733,14.9729485217549,23.9516516973887,18.8456575096468,16.8009250915486,16.0774186469562,17.2955611474502,17.8098056648153,15.1886034643976,16.0002562712626,16.8121391869023,17.4706232083,12.8840401173037,16.8291597025209,16.0301450082261,15.8358832375105,19.0106023360035,16.4886255863584,15.1558216908593,14.0394199388175,14.8872354043904,19.6297710786478,19.6164228373779,20.2713849871981,19.5698038071841,20.1093781384468,19.9647059956342,18.9045307489305,18.3446726189321,19.2983449623699,19.9057484595407,19.5131877454895,19.3848766024358,18.7227904146889,19.8539874846981,19.715464772404,19.7601902680151,19.4205603035848,20.0524313501182,18.4863224757057,18.5750403980397,16.6206081420351,21.06366492282,21.2116383255804,20.5169080425262,21.5905265546481,19.9849685969331,19.7903687399968,20.5925718753602,20.5807106203388,19.234712800322,18.9992361385178,20.1505868464673,19.5181309144085,19.0049627986612,17.2519895967846,12.2143347260496,20.6882571622221,18.1339117935091,18.1470783738513,16.9689278987729,21.9455344356184,21.5500216409917,21.416167986613,15.043660978952,17.2099183490825,22.5961034319556,20.3762669589878,20.8341159280088,20.9295302784747,20.8621407587929,21.8125978905874,18.4124737616172,19.2994677931852,17.8767238051564,16.7993959945668,14.1496717409603,19.326251862611,18.2428015362766,18.7137910271031,20.1731653411179,19.0067267528935,19.5974855831894,19.3046751605255,17.8706863851743,15.9901404767314,17.352815769923,18.8062997170698,19.9866396265501,16.3817634617297,17.7494729185227,13.9442386971156,15.268310834683,16.3368682254793,18.4163829553466,16.7067887298645,18.5554254469329,20.7340696886207,21.8166996014265,21.6211730835969,21.3937684965406,22.3521070642104,20.5310997163517,22.228780144971,22.0716117809082,22.0470435859831,20.9075346635986,20.9715741982791
28,2.59837131854994,12.030031677054,10.324599995169,8.18078810688707,8.24508241692533,9.51654700539565,10.7344187660314,10.5139435041824,11.7322064803402,13.4242741662021,11.8646457225713,11.0779809344904,6.81978920800801,7.21133435286256,5.45952680815801,6.93820793748013,6.23660438030003,5.98855299898218,5.38629696213847,9.51153619523715,6.81364592456498,5.83990637153579,7.08804246460925,8.18332724476297,9.81793703572249,10.7263173066126,14.0604957797475,14.1364030043997,0.0,0.827456450809617,8.09534564875299,9.61553835462806,9.28809451638463,9.39657406990671,9.15668118166341,8.43322401840379,2.72394628074248,3.50862180822635,2.8990110546729,4.74082872334999,5.39360965913717,5.84475695099876,7.56297326493958,4.60093979825247,7.26485356517121,7.24952173712958,7.51322820224114,10.3001764493644,8.20591956240921,6.26602314831619,7.02585578409227,9.23431682322545,8.57550672423082,6.56240764910919,9.21691848809658,8.43033020610486,7.26927981775704,7.68683789840276,10.5222045829378,8.5418951884567,10.0764782622026,8.69100934376335,7.29612842182661,14.3082595939762,11.2512941432788,6.51338722880477,8.21277503332383,8.65177057484986,9.00066654285424,9.50378570047157,8.48929292792209,8.24418564513528,8.24088210245751,9.71549199805654,6.11922465256875,8.99377648556071,3.80434470563779,5.35399812321072,7.51066053338858,10.2957136019638,10.3498725729032,9.56988525858003,10.5705564352923,10.8084982239048,8.13667116062624,10.9759511492349,5.50670218507195,4.2608948910239,4.27720133899843,6.75839152392706,5.45515193858375,10.9471146622757,13.0832434026245,13.9029866468739,12.3857541988635,14.3460742561482,14.9154337182979,14.2997023284427,13.0423717907919,14.6566776777869,13.7253158754286,10.1510212824489,11.2252253972421,8.18642224430178,6.24722841452037,17.6549238527412,15.3834486309993,14.4643394546015,10.9754758750904,13.4098694824987,11.7496574395911,10.3124589893363,12.7427070941531,10.4581354941723,7.95935111763165,14.4074526688436,14.2117077066213,13.8413130475421,14.4207920757171,13.4614518900248,12.1600628452185,12.9376779911283,11.5376418685834,12.6161880908098,20.0497390781696,13.1709263736629,13.1616710276498,8.30407960704088,8.91427137259724,7.6021839495506,8.66745925695549,7.96951026727885,7.92010355643305,7.38055135779749,10.5336911782664,12.0062219232604,9.63920143841147,9.64507620153218,9.72496030560383,10.9970007427619,11.5094854393133,18.9987020419659,19.5479119758005,12.4534090007469,12.5936073221603,16.5603609067401,13.4075211779452,14.6409219253117,16.1435317938418,15.2972322973554,15.9826681955717,10.3220300436839,14.3895864999648,12.2048389021156,12.1351200531845,9.02252919531855,15.4970832745188,16.7622937851488,14.157258043895,12.7645371161445,15.0253921532859,10.1797251063653,11.8970748325363,15.9529647665661,14.229362923918,18.1695246481631,19.4124595973762,19.2153704997422,17.1394406641348,19.0550914653778,18.8733846266675,18.041764449351,17.6425719348426,19.4108814681241,18.6723979603206,19.2665319550659,18.0699428777985,15.9285145623999,17.923512577142,20.1634959671016,16.0043544735936,16.5690155992622,16.8641497958012,15.8424398996412,14.7673207926773,18.3107177284683,13.8503825048327,15.8416801081748,17.6819557666742,12.0052513019585,12.6011286461919,14.8323226847092,15.2207145712361,16.3718151780988,11.6472406785285,19.2805485375401,17.9002540924042,17.9517501010219,16.1259728509919,17.2695484450858,15.976405202882,15.6127159642069,15.5783117002771,14.8089608562579,16.9851861547678,15.996163553699,18.8898904183789,19.4401596634109,20.7784620643784,20.4381921956725,21.4788892881931,20.8413422620695,20.4663242117741,17.244604322381,19.6016879160103,19.2083691593494,18.9405311350219,18.0950868283536,17.5457589958011,16.5260242631475,20.3553511684153,19.3523887011574,20.7427679165699,16.4433743675672,20.2985904584367,20.3774006605907,19.44748381833,15.8363719822312,12.8495205058769,14.1586924928993
29,2.1369276763904,12.7361971178649,10.9547789759576,8.65697287098066,8.69097074425085,9.97315704806046,11.3015703960983,10.948054551029,12.2898902991032,12.6177946281172,11.287186029189,10.4529096660297,6.5588159071236,6.90713494909641,5.59878283982367,7.49795971483327,6.83254024465535,6.61473904386043,5.86790391814919,9.92320579662198,6.20834770735474,5.46348802502309,6.66464468545083,7.87424707197792,10.48847283184,11.3159318232541,13.8088844733479,13.8517835535712,0.827456450809617,0.0,8.58714667762714,10.3742642891828,10.0065600107714,9.98332242966061,9.74869035843582,8.80620307553101,3.25304108663336,3.90752177952962,3.69185806527905,5.5261346128314,6.10776178627193,6.24679228569166,7.84411886003768,5.19037113641419,8.03089790881617,7.88597115457054,8.28554748026894,11.0550467140358,8.13257157642369,5.54034232527143,6.46088983497985,8.86989231313435,7.93544420036194,5.92268535328022,8.73559730354033,7.89067077788596,6.89540480753345,7.31427079780331,10.2985885921751,8.31851933388283,9.91094082894231,8.50732656644716,7.18705996461224,14.0823769540344,10.5425326572714,6.34683460387984,8.35700147170305,8.40897971893424,8.24907395590304,8.82636805026995,7.71893129332092,8.46792609196529,8.42837832231039,8.90848779381689,5.6284184531063,8.48881896516686,3.04280363749291,4.54127589729834,6.70239232086366,9.79225465577108,9.762802374991,9.42716399450835,10.4395124938074,10.8119596071112,8.29801931516126,10.2196781427582,4.97280828816424,3.65956632999579,3.68264700786181,6.677806771841,5.21489283304972,10.8231463927294,12.8603989442182,13.4651276973386,11.8315585082625,13.6371271582079,14.4637440495207,13.672186867988,12.5100028792054,14.1675930213743,13.119148325923,9.73813950252227,11.20779675792,7.82538807756716,5.46092265105182,16.9020650344339,14.6092019533319,13.6556604046102,10.2515238170112,12.6212466496192,10.9440011766323,9.51063401031841,12.0950103632738,9.95678084253133,7.26860169390708,14.6095570345844,14.8908666814457,14.4327801975735,14.8838049655884,13.9012887709663,12.612757911236,13.4883953103145,11.9725950432095,13.1701839511496,19.741283408951,12.7004474782272,12.7209055144828,8.1477033717051,8.73145217483332,7.78160935927173,9.19892069501092,8.51138345946584,8.47725408994478,7.80985444475319,10.9493802255107,11.7951693091168,9.52037150371236,9.43126612227766,9.5389325160192,11.6474657993816,12.091890069926,18.9864422064136,19.542185709544,12.7288175916439,12.8172220541589,17.0496495105552,14.085580919188,15.2774961396502,16.7000187517067,15.8383421416435,16.404471689623,10.6627171278058,14.7614291474285,12.6446779598383,12.6629407052049,9.57659142506159,15.9152953947759,17.1505941833463,14.6081636897717,13.377697013382,15.5659181772729,10.850297754319,12.614203539,16.1557238092379,14.1662859928778,18.2736307899823,19.5443498270584,19.248054032889,17.1997907208917,19.1193097082811,18.9384854409202,18.210080644965,17.776844377257,19.5648195275771,18.8746057306849,19.4652324682103,18.2716274028851,16.1181042934305,17.8827153067071,20.0595737328145,16.2060031535516,16.8890642266524,16.9961527148411,15.6533067288517,14.5256177023698,18.2622853341759,14.1637625549414,16.1656511369388,17.5084619652966,11.9464249410735,12.3673509888491,14.9393517982353,15.2310443447761,16.2893971831074,11.2544040112444,19.2468026318242,18.0908612668179,18.1089329557498,16.3055894133955,17.6078703065246,15.6465344311954,15.7168421978163,15.7216473122703,14.9281706759965,17.2465498260442,16.2074631394646,19.0751196767804,19.5103019583579,20.7303024070647,20.3688172455048,21.2636002716935,20.7293741242133,20.2584226002289,17.0161864200057,19.4228457534787,18.9757175774581,19.0004168217442,18.3166571949656,17.6703473347185,16.542872750643,19.8156956649686,18.8913312549982,20.411021209808,16.1560953450991,20.0339013964732,20.201176729059,19.3233603994835,15.4355348777998,12.5322839632292,13.9856380976549
30,8.03184446449572,7.01074405413652,5.14816761250672,2.97219253926645,4.16890759604687,6.30817685757975,6.27638534844496,7.63631267574827,7.60973516159287,20.0957640255612,19.1677741104143,17.6199484215328,13.5814995959455,14.4646874182002,12.106848359758,7.61467393853599,8.2242884787978,8.66530212715738,10.3072958199792,7.71520514853658,13.5019029758012,12.482941906966,13.7491594642526,15.8278687785325,7.05756610556445,7.43567841710895,12.6206557936732,12.776585383645,8.09534564875299,8.58714667762714,0.0,5.75339339596851,4.13221246450282,2.2216255938193,2.94344220041022,2.31246581365871,9.29826121530259,4.77076007755951,6.07858892638016,5.33358963448646,8.83643251497223,2.4957110302272,2.40081036734622,3.59565133652015,4.86637029452206,2.08100800592912,7.40644297571016,7.49050140429613,6.46396864630371,13.9086114009881,9.90022190953623,9.06728537369353,11.5740258008812,10.1818829106523,10.1999268828884,10.3178686130596,8.24326746122024,8.3445852126516,8.51776372834662,7.37832706700437,7.63328744553187,7.10459156001374,6.29109983043935,13.1930992699103,14.3504252300363,6.36694449311338,4.08800601539207,8.00571220820369,16.4251875963018,17.2294866103976,13.1365035677063,5.32521638941322,4.14062032655709,16.4686791367111,14.1477609009115,16.9466823222814,10.5211967421655,12.1490378036398,14.3194202237108,17.6724813548728,12.1834751100689,7.33615098729455,8.12017330145046,8.04137145119178,3.63667235742181,16.8966137155592,8.8223773541125,8.93244450184708,8.76751940133668,5.61935469356196,6.70805402437691,8.01707730986104,10.9918985583745,13.6315409367611,13.4791011437131,17.2102255523595,14.9261832158857,16.4005697187206,15.305702204371,15.5044130633282,16.0947819588158,10.2238549684738,7.51993508577102,8.52119621006964,11.6925979640216,24.0459749598553,21.8315718586924,19.5794491850706,18.4979571952275,17.8548154787656,16.5323064593796,15.2383923393814,20.4041003926942,18.3358994418128,15.6777038714979,18.1526969238151,11.1072978131938,11.8007807208742,13.7958401743216,12.7805239054879,10.7104616729042,10.4629740802028,9.35539107098475,9.30693257999848,26.2940770102945,20.2496436381095,19.3919097664221,14.6175287693236,15.6598177432404,13.5451950309714,9.43580805383673,9.94275565700589,10.4482678617893,11.8162074095773,9.18872547455781,17.6398110412394,15.2957196492449,15.6323938128112,16.894901239741,9.07398443576492,8.82902029233396,19.2849280320696,19.9630170388014,16.3103846378514,16.7530396277499,16.3602728486555,12.0825671618204,13.5210599871916,15.0509843430796,14.1826029775338,15.646038430688,14.6480599778717,16.5520928778341,14.7546461423417,13.7518874941798,12.1007210549324,16.5183078259675,17.2884698893741,15.5664371243742,12.8910005279897,15.008156164332,10.812515378722,10.1319385814472,16.9766641116934,20.1237107791123,21.4476095157612,21.5518862758034,22.7571236545335,20.6050149812342,21.5580147795741,21.8426556369621,20.5430544607578,19.9218748206185,20.5505784863366,20.3423759154424,20.3291419940951,19.4129390789423,17.4553976807564,18.0181344631821,23.8701116527742,17.8796553344239,16.969004419243,18.3194251133266,22.1554491226214,21.5189432952434,22.7059882467395,13.7681290374689,15.9965731774222,23.5387347420036,18.4088776428043,19.7262468905379,19.4143407361517,20.2288623362826,21.8886389182923,18.742917046756,22.2129782958221,18.8011243284173,18.5500929182241,15.8131241639161,17.8199026850835,21.460136983009,18.7915741253128,19.2094849808922,18.3824311033269,18.6369020980288,18.4342964934193,19.3472189638861,19.7497073877953,22.2594863476542,22.9262263938841,25.1016193889841,22.3566917654737,23.4596386520244,19.9141190821079,21.6253320805043,22.2280053413658,20.8424731027703,17.8781656961316,19.5982576280534,20.9055980234428,26.6718403127989,25.6207635928288,25.8873402615636,23.1571671486677,24.8888898743019,25.1255724406872,24.1638363149084,23.0547884293628,20.2258982784037,20.5863237079842
31,11.0037127743445,2.87713495760105,3.10546706412658,5.23330680559937,5.57750672864983,5.86206938215028,4.52088145772227,6.69069276443197,5.36061421518364,22.8493455125022,20.0365741494622,19.0034640564962,13.6563230171335,14.5220720230204,11.2628074454603,5.74103144281427,6.19211427374085,6.48332951349631,8.67962778994672,6.81353066922226,14.9709070294774,13.2082246393153,14.4453890795586,15.7439209337625,3.14914770761241,4.60247997160193,16.3075821604628,16.7064708861885,9.61553835462806,10.3742642891828,5.75339339596851,0.0,1.80064123306524,4.17246703475668,3.70017663596486,6.66229523186234,9.11012867366071,7.84604292683002,6.75774273672672,4.9074421014873,6.71481528298794,6.93074385012976,7.88981680158642,6.10081592767274,2.36483916954195,4.08451345349042,3.64752386959912,2.03338790880396,10.7715953548602,15.7929395852508,14.305015366642,14.2112246515127,16.0519985739927,14.2368902457758,15.0166360667952,15.0075419567446,13.0772862281257,13.0768693121418,13.6705111381726,12.6242615452434,12.9274764108167,12.198915362067,10.6920304953562,16.2875969222579,18.6839322133651,10.8754515478333,8.994758684997,12.4463396117201,18.5001892093762,18.75763559561,17.0012860854567,8.01084592883404,8.46331587210683,19.2171730489662,15.0034513895731,17.6089138867744,13.1915952973398,14.8215309195084,17.0194012893898,18.2267631249264,16.6918388154595,12.2217310841235,12.6335495593005,11.3871769242102,9.03734222955218,19.3827067808661,12.6288838661045,12.4594234550128,12.1798856030423,10.6249820217937,11.0950804000313,12.8988872431295,15.2698754533007,18.1162286649202,18.0442535406137,21.4078114015807,19.0914347186957,20.4265802716034,18.4593642057864,19.2797016048428,19.7239696653085,15.0027177143829,11.9311960828434,13.2433345754095,15.1020313038394,26.2519199245677,24.2096482787711,22.9883820411134,20.3419731007751,21.5708246055181,20.3696161717364,19.0316939893993,21.6561848928561,18.8722514634154,17.3059017726206,15.3410545838768,6.33089495180878,7.67431138444273,10.3445685188456,9.73351521778013,8.16609276082738,7.11267433715643,7.56558417134246,6.38549136161554,25.4483264953637,20.5167053319879,19.7257473433922,14.1032927643656,15.0570035191683,11.9299221290619,6.63576492910635,7.11888414983239,7.45980695978443,9.4553123229823,7.51186492898976,17.0108624056622,14.5403058486572,15.2359689838672,16.142988516121,4.80226673097476,5.53108694084141,18.9028030871167,19.4029491317253,13.3630341556503,14.0181827143374,12.2697088167862,6.98948657170086,8.62519192348963,10.6975377016086,10.0627937827702,12.2335257455212,11.7555085256714,13.0117364775134,11.0919213121805,9.66292046258752,8.63958036726544,12.7686290244499,13.762553392379,11.6757952625595,8.24546576808244,10.6291066562801,6.32669735645914,4.90194033192453,14.8331689377189,18.392345620381,18.9551497712123,19.1376509094915,20.5702442232566,18.4430375564031,19.5282233448891,19.6532391635299,17.8676188904955,17.6036897255771,18.3645851803205,17.6478655792255,17.8393951747977,16.9029616312938,15.2115816596134,18.0989584374298,22.4831081869475,15.4046233701508,14.058439907525,16.4281472545216,20.8711935901653,20.5307116676044,20.8578547671969,11.5286714949259,13.244128782454,22.1176817467694,16.8594153534033,18.854681530063,16.9288991520372,18.1586432214031,20.1226978147506,18.7092113238677,20.6982022133633,16.5742267709889,16.7198708517147,14.4706267216497,14.6258140947459,21.1975162460682,16.5994022130935,16.6347457897221,16.0727254201627,15.6831461052456,15.701819907326,17.2583452865945,18.6265621039108,21.3847871280116,21.7684610492706,24.4484078834234,21.9630198934611,23.0945428292811,20.1038401336679,21.582589180498,22.1179584599327,19.0956121990553,15.8821700968419,17.4451638351555,18.8134203109904,27.2780375457626,25.753095151376,25.4822314491347,22.2972031936084,24.2586505623053,23.8473834088019,22.6181088422411,22.7820891251921,19.7105795839457,19.3437377178239
32,10.2989476664883,3.59342970017407,3.02579676416588,4.27736809977851,4.97825104765721,5.90498567527466,4.72639551502263,6.9640366678613,5.84347861234315,22.4156299138618,20.2161519670825,19.0370821727535,14.0019451807984,14.8699076169387,11.7927477283671,6.43380055282683,6.95949191991386,7.29703025003203,9.38204422235367,7.15717031755543,14.9126856390333,13.3481293870838,14.622870884112,16.1268227497583,4.30161310350087,5.3576784350662,15.4893049545976,15.8194374962792,9.28809451638463,10.0065600107714,4.13221246450282,1.80064123306524,0.0,2.56644951250054,2.52115626054856,5.34972229301072,9.2948011841063,6.95263594816937,6.483631815693,4.77958271293668,7.43301803362769,5.64635551280295,6.41143836857283,5.18947077522942,2.49434285917704,2.69800359539603,4.79739939265471,3.78206773388573,9.73588619879651,15.5317295560553,13.2499753146313,12.9336064804905,14.9997413502471,13.316465557048,13.8746063788977,13.8938177825806,11.8823115046882,11.9463301612567,12.3723906345268,11.2952577116418,11.5685227954692,10.9285333657783,9.64061738278535,15.6601500996726,17.7399499829232,9.79206832600324,7.70856493370316,11.4089063753345,18.2261681646274,18.6642415693455,16.1638670874907,7.30715637421441,7.31519998643648,18.7387273700509,15.0494460010823,17.7681699435689,12.6184322141274,14.3017785690534,16.5262082588268,18.4801421852392,15.6815075538466,11.0066558789302,11.5211660571565,10.5780350343001,7.60289177888993,19.0684565366837,11.7853286406224,11.6401858436054,11.4279478309602,9.35536191956319,10.0228428070661,11.6551108518201,14.2425123215034,17.0959427242578,17.0218882206825,20.5418297443327,18.1867112780276,19.6159764851977,17.9283465697865,18.525331510389,19.047315004226,13.8783376300295,10.7822416073957,12.1240984376665,14.3785687694524,26.0714825882797,23.9532669697258,22.3908810911822,20.1682961640674,20.8646929860003,19.5848926923259,18.2398964546756,21.6968540321807,19.0964314697002,17.1596368105321,16.5958199859845,7.76201572659871,9.03955038669681,11.6228214447418,10.8839204490927,9.09458261089705,8.19582840996499,8.19046305209208,7.23019281274391,26.2146701059888,20.8973317980903,20.1022275984744,14.6487374355573,15.6310253791559,12.7376421976757,7.70538262947147,8.21623268744028,8.61092276229311,10.4422741371705,8.15684373830413,17.6528764168563,15.1815751305264,15.7769955147794,16.7532596593143,6.21355820021961,6.55012318724098,19.3800674722721,19.9407703593531,14.6317220119353,15.2348254844113,13.7574909416795,8.68779866728448,10.2768583664772,12.2013108631702,11.5014035621074,13.5242623254603,12.9680250193756,14.434236171168,12.5317137794577,11.1988424090295,9.94823522258497,14.218523350106,15.1335053491545,13.1710055985919,9.89503022719628,12.2039428230395,7.91412316475652,6.62504506099584,15.8340460271572,19.3573788142317,20.1426407344067,20.2770423186966,21.6850617984116,19.5380388533596,20.5711612124595,20.7535311166476,19.0848204071748,18.7130691646411,19.4000192239082,18.8447744020569,18.9558805575251,18.0327986640632,16.2626084139716,18.4269715565256,23.3836805570293,16.5348858844373,15.2503943894852,17.3816445086206,21.7266641154949,21.2863105463512,21.888714956012,12.4835882370706,14.3747018926884,23.0309389948613,17.737219819662,19.5405017185479,18.105979906704,19.230225408115,21.1212125571597,19.1592294262611,21.6105479671087,17.6037070462762,17.6221183829363,15.1717811842862,15.9074602130334,21.7743634863668,17.6861936649488,17.8347726208387,17.1935918689954,16.9441804318471,16.92205870631,18.2309610811239,19.3194405312929,22.0688614206705,22.5708113251225,25.144258617709,22.5104808026473,23.6853840214063,20.5048836380228,22.0428013309664,22.6290079171614,20.0370790884397,16.7872414612545,18.4999241597803,19.8989757271249,27.6242578582793,26.2354975479636,26.1285107117197,23.034126225103,24.9611147728526,24.7358134635123,23.5756439849099,23.3349169619903,20.2929929468319,20.1696510089899
33,9.77887338689044,4.88982567168428,3.25290393164834,2.75998819609955,3.83559221823068,5.4182479828944,4.66509199940093,6.62716181559401,5.95380580137645,21.8433868738289,20.2689523341682,18.7648192120814,14.3351843594864,15.2889243523222,12.6402331627796,7.20164323424391,7.98626023565321,8.4996047642555,10.4940755326899,6.97303913635542,14.6898086065925,13.4139059570766,14.6737768919942,16.6906898530187,5.56569446528187,5.90080526744481,13.4942552644482,13.7723230807164,9.39657406990671,9.98332242966061,2.2216255938193,4.17246703475668,2.56644951250054,0.0,1.26573866814284,3.16719662756491,10.0632863844451,6.42844578067545,6.96923538990946,5.68657171319996,8.86136278183528,4.43250873813464,4.43843939119466,4.89904384376378,4.2036820006898,2.35060348567743,6.67896086795343,5.88494431795958,7.85704193402581,15.4330137572294,11.966570994736,11.0637285519501,13.6341822265509,12.1370706290571,12.134780032651,12.3417160328543,10.3235799722795,10.2740956018029,10.1998153142422,9.37451777231257,9.38042409967212,8.93112630330113,7.89225021871033,13.8500692402294,16.252553978875,8.18347788380231,5.59293924869846,9.5572619186014,18.0101306130121,18.6519428889398,15.0933215909211,5.76789657251477,5.28127423838445,18.2314737935448,15.3580055236905,18.1040330973902,12.2505355922646,13.8723873008718,16.0654148211891,18.6772121030894,14.0114650700689,8.88980924001784,9.37461639308098,8.65333104069596,5.47451004666568,18.3667098913185,10.6376153216765,10.8251333866783,10.5529308600781,7.65767482972003,8.68646172175036,9.39213964446966,12.0749795396906,15.0573165915615,15.1771361726525,18.9527389936,16.2168525889932,17.9419367099195,16.4981566109748,16.7412176147389,17.5005136586062,11.9712449096942,8.50698757197229,10.3723097512965,13.5628065075343,25.4881257265216,23.3538857567509,21.3161566189701,20.0158568467598,19.6281122437235,18.4505368656789,17.1779920690125,21.7245971754173,19.4441598248162,17.1240463142398,17.6742357141602,9.18031236562849,10.1516763841649,12.4867593282233,11.5695892740837,9.51720728004481,8.89749012229057,8.22601791403653,7.67087548801394,26.6848410412142,21.1187108861429,20.1367232345428,15.1415688018588,16.2253923361435,13.7804568820568,8.71665909331128,9.42444553720575,9.9826234950974,11.7207286988586,8.27606977563034,18.0098868919613,15.6509951026933,16.1324050618759,17.4980645096317,7.57470185298132,7.29461783577516,18.8529724490862,19.4930238217751,15.860407545186,16.3885986048089,14.9521617071474,10.4617656993592,11.8991652012531,13.4604570797753,12.647692850079,14.3565405619609,14.340751853088,15.6772588407135,13.9834839544795,12.7754371438985,11.5912235916341,15.3951636277156,16.102481365052,14.5152914441909,11.5807229144426,13.6223395381909,9.76388374256142,8.52326551953606,16.1982768628853,20.2434718019504,20.9178634766993,20.8447289309333,22.3359320325439,20.1951314158471,21.0097975574278,21.3304132918289,19.8452932680523,19.2785553097158,19.7400221165085,19.4987347326421,19.4308088270588,18.5678281731112,16.7321271604643,17.7099971342107,23.67988811149,17.1545069101024,15.8979114382305,17.662150635212,22.4504313137833,21.9732628234637,22.5167786006589,12.8263284834105,14.9339320065804,23.7107133852771,18.6767461526575,20.2865031973244,19.1364087359506,20.1105675555719,21.9209328048132,19.52189372883,21.8685915431508,17.9572542130241,17.7601045868122,15.0296089490073,16.6991521802218,21.897059642453,18.3449193213262,18.7466076015855,17.9802929342143,17.7517199326403,17.7390741795987,18.4567681461059,19.0963703190266,21.8565248697355,22.6032544111745,25.102382517217,22.1039953151813,23.4513410070348,20.0467158314952,21.5692538179533,22.3088892770243,20.2736521389918,16.910666212572,18.9609734393169,20.666569508688,27.5194989846206,26.3069123992579,26.2139364804893,23.6355146231241,25.0579023408132,25.1355961383034,24.1002670127783,23.7943494521817,20.9280607222688,20.9182415444459
34,9.72319410428622,4.27395102528774,2.20836178281776,2.02920859971809,2.85888376268778,4.20430365819153,3.48472012454271,5.40327933785276,4.8036462089101,21.608250719505,19.6325374736645,18.1125309553694,13.5935864306727,14.6052714796531,11.9586584653171,6.14425237457595,7.0542247470541,7.65288903627767,9.75050921632098,5.74332990276979,14.1086194342026,12.7348504669149,13.9702076871377,16.0666592613895,4.46004471487834,4.68605937048067,13.0816945396451,13.4279933078443,9.15668118166341,9.74869035843582,2.94344220041022,3.70017663596486,2.52115626054856,1.26573866814284,0.0,3.15784013662015,9.62249292894369,6.47059710749551,6.7150470937521,5.35173440153871,8.24517181251946,4.69698286068798,4.8555512883571,4.91822008716302,3.77660189923961,2.61878532787633,5.96209596133033,5.11647773296992,7.64320614793498,15.161679631798,12.0927445346549,11.2621612902229,13.742156853128,12.1254885687991,12.1969851170066,12.4412906021736,10.5111478988002,10.3216334109264,10.321626055206,9.61622142444137,9.58358033616084,9.05139515526059,7.7452001319736,13.2776750255331,16.1886654906754,8.1428826502441,5.6436729537409,9.39449087950289,17.72789105416,18.2706277018018,15.0618522894244,5.0819511995981,5.10608560518783,18.0512557926786,14.9442352816136,17.6150692249649,12.1659385433703,13.7225983175678,15.900903344518,18.0196621988539,13.9400877382333,8.89058687585912,9.23020603163242,8.15687881395974,5.78408590478005,17.8987479345919,10.505904502442,10.8146693237169,10.4175788772089,7.85972390866645,8.74993852507693,9.40639771185217,11.8538646813158,14.8817815963582,15.066946689872,18.7685701031559,15.9303124980668,17.6508014085967,15.9556843708944,16.3381622116371,17.0930580915187,11.9457073469542,8.38022721736215,10.3749351279179,13.4799390683885,24.9772197726976,22.9084176131971,21.0379885453689,19.6687946693442,19.3982863669724,18.3550528614414,17.1135344623167,21.2400574485347,18.9041030499532,16.7739879613838,16.5271592900718,8.23031245958157,9.00639637882482,11.2484083179953,10.314468107664,8.25695390144959,7.7015994830456,6.97677038275832,6.50086900945607,25.7013837761747,20.3616871604194,19.2847904715269,14.2937843140819,15.4167347247894,12.9604362492488,7.57243935421464,8.38318523617931,9.00601131029681,10.8467228874842,7.01755633301169,17.034341840918,14.7054848911469,15.2319222880506,16.747693823215,6.45312321920141,6.08982905078424,17.710066233405,18.3335069743408,14.7681036423012,15.3003337365802,13.7549862009305,9.45668450858302,10.8372463765817,12.3106539391164,11.4708342762265,13.1140518304286,13.3607028858283,14.4916913364735,12.8800998653177,11.6789594231621,10.6764136101889,14.1781502668067,14.859963734759,13.336340803616,10.4994915885459,12.4631392656249,8.79505451507489,7.58510683365332,14.9389684674177,19.2512715256241,19.7014008953661,19.5895656492376,21.1256666496401,18.9918151260673,19.7688866611893,20.099799116704,18.6031927312337,18.0314737520559,18.4801644120571,18.2374385862934,18.1659298694028,17.3041214985109,15.4765126356975,16.6142324902183,22.4960546589224,15.9034662713808,14.6347867126024,16.4123191557062,21.4879336547902,21.0837813090196,21.3589722195207,11.5625044867957,13.6697094741555,22.6801781745825,17.7823998913217,19.4850524569712,18.0314576260941,19.0229346510832,20.8650070220855,18.7517275818616,20.655873499865,16.6958714174532,16.5117998982392,13.8094069495789,15.442017772108,20.9051556688879,17.1384215094607,17.568166390409,16.80019896657,16.4982825653164,16.5063939389199,17.2028457795822,17.8935630943271,20.6649854204479,21.3992150919622,23.9609209759986,20.954075818134,22.319749531412,18.9699412657873,20.4560200235045,21.2046104421107,19.0320229187135,15.6679724647766,17.7116651483102,19.5182953776223,26.6803328513139,25.4074285074596,25.1669020368927,22.7297527283066,23.9614747786313,24.0072304797451,22.9635308449198,22.9992915203974,20.1758820765093,19.9872604220208
35,8.17679058558554,7.3458589376045,5.01204428430836,1.86128329812508,2.76298039154145,4.96692145400472,5.50404660796934,6.22543610103244,6.73995263154322,19.646433087647,18.5310752627728,16.7016402414744,13.0567606924766,14.088606826521,12.0913344518344,7.18872777710864,8.08806219749592,8.73262340735064,10.4133445477004,6.3615141467469,12.7992043110577,11.8725973168748,13.0596071128831,15.6401406139468,6.93871820326281,6.77648606878595,10.4793373558724,10.7044178428116,8.43322401840379,8.80620307553101,2.31246581365871,6.66229523186234,5.34972229301072,3.16719662756491,3.15784013662015,0.0,9.71034115379521,5.35724334004876,6.78938152972267,6.21053185579051,9.36344979222143,3.23986963826209,2.33016155652986,4.52870405521573,5.87744991144186,3.65779793861806,8.01133251177644,8.00502686113363,4.72887310175191,13.8530810054387,9.58385201604337,8.25705509905722,11.1085168903065,9.69535849778333,9.25208737568521,9.65457064652152,7.7879657571818,7.45680805003254,7.16818358794016,6.61366746846099,6.43231077898925,5.9653223869492,4.88356710314947,10.9687343176366,13.4081974541206,5.39172267458267,2.51204128443915,6.4456964056285,16.2198378317686,17.0046012993216,12.6750850447159,3.24881167612752,2.12646734929457,16.2022311281932,14.1567754313213,16.8068785466369,10.6534808029043,12.0688391065162,14.1475389099244,17.1270756659713,11.0411426716099,5.77093991293166,6.2315332280866,5.7782967902936,2.7902209870448,15.9380619715804,8.15857270792175,8.84742962681387,8.38522601175818,5.10244945886652,6.29831659045889,6.31246997353149,8.99465736120544,11.8929449095054,12.0751586516187,15.9356269738176,13.0609760276368,14.8395026568386,13.5230546184624,13.6190433249904,14.4445533014047,8.90275850275196,5.50289476609673,7.44019589430322,11.3977002585767,23.079808566219,20.976320896392,18.6153073300475,18.2087699575947,16.8347366072442,15.8615727796895,14.7019295326946,20.0022369682282,18.1020171851858,15.5076008514702,17.4160767362866,10.9378750121819,11.2053269950651,12.8461403395031,11.7254405191514,9.57058106122415,9.62504906869716,8.04100450652579,8.42711145883413,25.3322366596213,19.5278468317028,18.3645153960002,14.017270311609,15.184287855698,13.4017070064401,8.9209794203878,9.66730205251279,10.3430805177487,11.7736839939013,7.91683826547793,16.6751380895382,14.5024021312146,14.8208822310068,16.6095156292374,8.80657980268889,8.13785483439245,17.2877037033071,17.9981450831862,15.7919737404197,16.186083361369,15.6114588219872,12.0293345366914,13.2726205077907,14.4294937825584,13.4813355158222,14.6118842425868,14.431738430867,15.8785398509452,14.3795340700839,13.4741974005308,12.1892670147191,15.7420922663126,16.3141911425878,14.9800377252653,12.6962006357343,14.4885650058899,10.9350076479964,10.2833802180757,15.5552106665271,19.4944803825415,20.3394920351918,20.2197593898507,21.5570672379353,19.4446514273727,20.1562895198787,20.5605342881722,19.3879711255601,18.6246607255547,19.0471485147912,19.0756127446818,18.9209016533417,18.0678415464933,16.1112105993519,15.9477356683946,22.4396938832429,16.647254198823,15.7474296953854,16.8242441629141,21.4433162415843,20.9099193102195,21.5826044394887,12.4106515974141,14.7324850957257,22.6674581868646,17.9998403693759,19.3248103256836,18.7010429274502,19.4323187612599,21.0732828348016,18.1209104847072,20.7157734789192,17.3321354120845,16.9392578325772,14.0769465933849,16.6912979903772,20.2455583882863,17.6505704833281,18.2914154097233,17.3850459931706,17.5197234115275,17.3664456769625,17.7807110651487,17.9031957856972,20.4161632699777,21.2576449442651,23.4689598614432,20.4222742718934,21.6965329108523,18.0818642359872,19.703804524885,20.4489482635889,19.290890547274,16.2741818884146,18.2232659398059,19.9177123736056,25.512923287493,24.5012642278103,24.5195017619645,22.4457426567346,23.4488316233693,23.8640908265906,22.9887375943886,22.4289443147348,19.8239282939123,19.9589954171534
36,5.30686827763887,11.592594671875,10.2791090013417,8.95213033914564,8.84274239344033,9.58273977969258,10.6135058809026,10.3938752199239,11.4271339867825,14.6721353782904,11.7036119259917,11.3723788110405,5.98477795182483,6.30164974452961,3.3966145230733,5.99356173856802,4.83444071776127,4.23359317247045,2.99906758492636,9.29770745474115,7.33630205846352,5.67934305734939,6.87673679524035,7.1256309844321,9.06742760694321,10.2102462854908,15.7311410845619,15.9276398999632,2.72394628074248,3.25304108663336,9.29826121530259,9.11012867366071,9.2948011841063,10.0632863844451,9.62249292894369,9.71034115379521,0.0,5.44529649058047,3.27287530162518,4.55105770289718,3.27950183453129,7.47866434228731,9.34700153720832,5.78802987431733,6.90368094558533,7.92347314671938,6.19145598991076,9.33403600483658,10.1307490342901,7.23563293744862,9.6917285892204,11.8189712495937,11.1683706976904,9.11260503775519,11.7535570204414,11.0425598329224,9.92364078785996,10.1993892423045,12.8536894831076,11.0474416156125,12.4156322944073,11.0435744071438,9.37801824932168,15.7050832225577,13.5795005067562,8.81648171331926,10.0311617193302,10.7865508002458,9.92799957269704,9.92083851476876,10.7997992687603,9.32640706495362,9.82693063631451,11.157659850632,5.98273213434365,8.63241776732671,5.98652796773799,7.20786496176905,9.10222097272341,9.88125104956357,12.7322808236125,11.7272478420875,12.5374999581075,12.2293571244948,10.0856502148931,12.1216912169518,7.9617430543629,6.90470882806962,6.78476161786157,9.15806213896786,8.00658190102262,13.0403320563849,14.9977231244335,16.032169154329,14.6730776920544,16.450957328627,16.8793140446363,16.2735756402176,14.5374010547087,16.4424755962587,15.4866335726239,12.5283294405535,13.0324555420303,10.6234373521204,8.52125940572937,18.4039255035458,16.2958440908937,16.1154149451825,11.6088362166032,15.2932788019761,13.812700333679,12.4425239146464,12.8517055990047,9.99126826289602,8.54039260104327,12.403084218209,13.059807575625,12.6061113282758,13.0614083401995,12.2697548832949,11.3110600069333,12.0338544358835,11.0587858414811,11.9910635412242,18.8811665941282,12.573988817632,12.6948541162407,7.06523442381131,7.55717380138183,5.37454105980211,7.30346739001423,6.22181529291771,5.89341417491352,4.98703556599123,9.98344873509663,10.926300720615,8.38746556974896,8.61773122468825,8.21698572974307,9.85615013072592,10.7282762836962,18.7198564742605,19.1753875567717,10.2824698531972,10.4759939568639,14.85446337124,11.7682922020123,12.9431809542853,14.55342206529,13.8059910474078,14.5556309961798,7.932910306628,12.3786020077106,10.000752635687,10.0086902286222,6.61568728370418,13.6614665363337,15.1151367399362,12.1742558915279,10.8626823656609,13.2009566656676,8.24094832734287,10.4551807460646,14.7955197740473,12.4392067265241,16.4888230167029,17.9652530697664,17.6593006276011,15.583322015969,17.7338769200833,17.4015693940035,16.4026465490971,16.2080790645347,18.2194559555279,17.1689637870823,17.9527580709081,16.701249821022,14.643749053439,17.8730635977043,19.0076019034487,14.5538259563821,15.1922349231845,15.7551735840106,14.3220708023492,13.3516272754826,16.7915860423631,12.8416382995781,14.5755388207405,16.1825262099692,10.1460927895811,11.1462335838512,12.8495416660857,13.4107761880032,14.6877211176243,10.8038636900915,18.1553798953827,16.725885882906,16.9945295340588,15.5019285147438,15.7481442858568,15.2118045828769,14.0683153102707,13.7506659116328,13.1172994434023,15.3623585329507,14.3218667482786,17.8399418974883,18.827645934045,20.1476898813948,19.5535112298912,20.7261097783605,20.4368174722438,19.9280332061741,17.026710611367,19.3213117404363,18.7994154361302,17.8408889369155,17.1818699318766,16.2254770435608,14.8444860960047,20.0639114176415,18.7714749472955,19.9600765329209,15.1559237756498,19.4465404225324,19.1472187500437,18.0634502564889,14.8720860961206,11.6347939765345,12.6006479955648
37,3.42727301323827,10.0428693228968,8.14022558094409,5.54988932218231,6.02018799977733,7.8964403899887,8.82902971246315,9.13934861985811,10.0369405173477,15.7143329326365,14.9108980570885,13.661509230945,9.74782184094114,10.3984255254264,8.43503750669188,6.84440389240932,6.74879318074401,6.85471882566804,7.44225721161795,8.4923403989102,9.4125119031456,8.5728711664658,9.84871634164887,11.5765999644871,8.57029971501287,9.31453501393004,12.7236336663123,12.7780793886929,3.50862180822635,3.90752177952962,4.77076007755951,7.84604292683002,6.95263594816937,6.42844578067545,6.47059710749551,5.35724334004876,5.44529649058047,0.0,2.78296225571347,3.78853774400859,6.57075809571215,2.39598345422797,4.17298984791857,1.77013460125225,5.6706317923992,4.4299064138481,7.13865544213136,9.07530674427211,6.16183139939138,9.20323535387464,6.63745664784773,7.5890963591308,8.4292755094581,6.65589745391738,8.1684135914925,7.70266063603085,5.86144210686441,6.31079628169478,8.38190688640853,6.3814924402544,7.69782685510182,6.49058530960997,5.31399312949365,13.2292636061121,11.443163539692,4.61489033624833,5.2968833653997,7.03362444255173,11.78507821549,12.582698781593,9.34988115682793,6.19937079266649,5.50155331492626,11.9868286360639,9.53414776468596,12.3815949001676,5.85499201786943,7.5584091382748,9.77841498762211,13.4419737075938,9.88834299829248,7.35276646422009,8.4863560600693,8.90887893337191,4.96074522202501,12.9990706841954,5.38451300313061,4.72947675635923,4.74207126600389,4.26674561794492,3.85691489536974,8.62901827798422,11.3293869073557,12.8137921670936,11.7377060211795,14.6248004810841,14.0602136113392,14.3105059166216,13.3028527789657,14.2265711196373,13.9365576691661,8.86247312146258,8.80908894442877,6.7753571635569,7.50964042469221,20.0193057964039,17.715698286973,15.9313812905316,13.8772136259509,14.4736157800091,12.8528720317606,11.4302585912074,15.856105781203,13.8275963357425,11.0130559017572,16.2992394958931,13.1402111345148,13.1891624456621,14.3732680702265,13.3257608957359,11.5946773673873,12.0239318081565,10.574113164196,11.3211358135943,22.9040162822004,16.2256496538404,15.8121161114231,11.1009250080677,11.9452340710455,10.3209995602758,8.88548300652528,8.72755124648134,8.96519319284612,9.35242470243442,9.85123257944811,14.5164485425315,12.152005054413,12.2723222776431,12.9802752442386,10.2293054957674,10.4240233659239,19.1571827618028,19.7926366698412,14.366446058228,14.6376035036365,16.8051944816763,13.0682287526634,14.4463709563698,15.998178399277,15.1035525084424,16.1097711473453,12.3953382388678,15.6028177497951,13.5349794529236,13.0430473480867,10.4385645025651,16.2355801732187,17.298166586751,15.0390990319494,13.033838333544,15.3169688127592,10.5123995647437,11.2726544338007,16.5742141721224,17.0150302870026,19.8756472336888,20.6181610971857,21.0207586640071,18.8838818908596,20.3777602696756,20.4188572020792,19.4143956473644,18.8749466436673,20.1528416323951,19.6858626334686,20.0023967592165,18.9110777807201,16.7838157329373,17.9210851922495,21.9601364083354,17.0402396416146,16.9977041940339,17.67091359915,18.7752923557747,17.8596853668696,20.4546569826626,13.9303509733778,16.1308590053204,20.4315866211709,14.9954193389256,15.8470653969936,17.0904641279955,17.640419853877,19.0012046180962,14.7620715062497,20.73907899519,18.5159096517887,18.3956540081112,16.0847242341211,17.8034766222288,18.391846252994,17.2068126334941,17.41665454086,16.5830506771698,17.9833048454538,17.3104349731163,19.3158582825084,19.7064638615278,21.5385832404127,21.6696479459413,23.1540089185058,21.5546336701105,21.8159154995008,18.3325817702205,20.4718342872672,20.5203178760104,19.9641352497773,18.2055635817823,18.6582894927185,18.6725023189814,23.018325835276,22.0714713109039,23.0512765666926,19.5031119050895,22.3906819803854,22.626051187911,21.7091273069368,19.0359961300502,16.1603587065083,17.134317660729
38,4.68295713253192,9.28183535621171,7.78503836313056,6.18965435073843,6.40261808221434,7.68179938586139,8.44341919763642,8.77679175078677,9.49933973589806,16.3037052814543,14.2917303277796,13.4464055079213,8.52969860290647,9.12489753086641,6.4103710338106,5.22724762862187,4.65985771105259,4.48281102135257,4.99259389571914,7.95595439059372,9.17979845268368,7.7756129127038,9.08799289354226,10.1938325139798,7.33317219555322,8.46071414501946,14.4259241936426,14.6040466441254,2.8990110546729,3.69185806527905,6.07858892638016,6.75774273672672,6.483631815693,6.96923538990946,6.7150470937521,6.78938152972267,3.27287530162518,2.78296225571347,0.0,1.86145021042264,3.83559646066798,4.40407799769837,6.36484976713743,2.57255957281976,4.39558843124942,4.74162007361202,4.96901495918448,7.56763137319404,8.17588954591814,9.13881176415155,8.81577670882001,10.1735375441614,10.538821656091,8.56828074965366,10.5367002788741,10.0128990344624,8.39370661207105,8.72231635920211,10.8760978307289,9.04257564633644,10.2594205595944,9.01507638879258,7.46590430012869,14.6213412276723,13.3457087551533,6.96442425689728,7.41584388355788,9.16800420989517,11.8813117719465,12.2844052709718,10.9377088479917,7.21211604391462,7.28478636931321,12.5978093548275,8.66105215701536,11.4747011348424,6.54909611668812,8.19579293370471,10.3842296283368,12.5899380592496,11.9887648681341,9.68385583548158,10.5925922544797,10.3898680602788,7.30816634986811,13.5330611794337,7.21892844437674,6.37064629016496,6.29233556569735,6.93495457284132,6.31693783590898,10.9246356475646,13.3399574352659,14.9055814602387,13.8483913653501,16.3990139777117,15.9648831269481,16.0359195856507,14.5319991530172,15.8813692947507,15.425217852733,11.1748113352177,10.8196336456019,9.13933422415552,8.81160682063856,20.319906443907,18.1097692764984,17.0670403669614,13.814090110021,15.862532379593,14.3136876164177,12.885768785485,15.4231416921081,12.8871900973741,10.770389074921,14.2735120366304,11.7396985335951,11.7408335067989,12.8741558104896,11.9683163892668,10.5247423933004,10.8955638996714,9.86783033005278,10.4726748979632,21.5961853220896,15.300739065804,15.0438499314786,9.64223966831317,10.4010921811097,8.13702194253671,7.09644359858386,6.59180497042692,6.62128240652874,6.91209183725067,9.01739301571319,13.252468871874,10.7136616033856,11.0040680593863,11.3132401907135,8.70015713549089,9.33711388697505,18.8548633783899,19.4018340945044,12.1731320778387,12.5021246951277,15.0124622669501,11.1567147903684,12.5485344243888,14.2837370515083,13.471090751823,14.594297587658,10.0041557364598,13.5326865355337,11.245696557311,10.7653591336433,7.87432389433094,14.3250018693703,15.5926635885183,12.9616265188181,10.9072949264597,13.3611364220575,8.20708534348292,9.44718161711265,15.3491820998901,15.1697367505392,18.1767935469615,19.1572495644149,19.4422878573368,17.2914992908009,19.030542382196,18.9232711790086,17.7558689457981,17.4074858206801,18.9459716183127,18.1643441232389,18.6739729353584,17.513449835623,15.4356996371292,17.8352145592715,20.7540970866123,15.535078957701,15.5612979770979,16.5082742129106,17.1486766098558,16.2992360517829,18.8911695263448,12.7926330763529,14.7878510889006,18.8443217709922,13.0812857601216,14.2294415021656,15.0926759230899,15.7946370013062,17.2597574770685,13.6226081530876,19.5716550449922,17.3068880729626,17.4030219874847,15.3985511453471,16.2358830858406,17.4430322209388,15.611552196232,15.5615732081343,14.8447294404344,16.3239999061264,15.5953621637784,18.2457184558027,19.079336639001,20.8850580599415,20.7473476226823,22.3304521033002,21.1184100652823,21.2038798647698,17.9941521378434,20.1255355019659,20.015404903486,18.8336330212097,17.2630625669001,17.2994057428353,16.9535102420759,22.4692625488386,21.2685697950404,22.1375489193284,18.0570072902367,21.4344925077149,21.3244138412124,20.2654892797802,17.8258084008132,14.7190310085685,15.4681762714217
39,6.39778308112983,7.4910532362416,6.20049323153673,5.26732023099132,5.5350534362234,6.65832251037415,7.01857222332665,7.76001655969227,8.07431058966781,18.1090779548936,15.7644426498858,14.8791754535198,9.70305921438645,10.4006273247412,7.36503845956615,4.4356106965444,4.08502216007284,4.03118279367951,5.33895663616511,7.10457406233889,10.6677377500651,9.0813275302066,10.3847458305914,11.5243847951425,5.7205932589707,7.01364713480726,14.8031571550455,15.0550170391608,4.74082872334999,5.5261346128314,5.33358963448646,4.9074421014873,4.77958271293668,5.68657171319996,5.35173440153871,6.21053185579051,4.55105770289718,3.78853774400859,1.86145021042264,0.0,3.58769362278365,4.42869232886419,6.28571787337753,2.59069416507827,2.54985506346015,3.56804477610849,3.42954902786297,5.76358443037659,8.59878576653711,10.9489562530901,10.2810136760706,11.1669150948775,12.0329009960182,10.0916384482787,11.6842950629074,11.3259799196062,9.56650935931951,9.78647364943957,11.4774981311532,9.84974444462469,10.8021805980799,9.68474768225407,8.07490370205905,14.9254891882142,14.8024039366619,7.80195220150425,7.45257983545759,9.86716889419059,13.6852528737913,14.0161125820484,12.6121336532009,6.94633663160799,7.17268863847557,14.4274187550454,10.3076727575592,13.0492265491264,8.38948126947997,10.0292902306062,12.219259707966,14.0042363190788,13.2278019177696,10.160584340731,10.9373134478825,10.3870264805867,7.38871510595939,15.1048628719578,8.62232459356645,8.01815220763433,7.85840722664895,7.69134423624711,7.45836864006709,11.2643258870951,13.7213995409842,15.7073409929628,14.9461627721837,17.7665815887717,16.7481042630686,17.2043484279063,15.5186900377326,16.7370149138802,16.5498128503688,12.1160659804622,10.885149969931,10.1264088495884,10.5472106248181,21.9220038798066,19.7662009238613,18.7012100992683,15.5780567777465,17.4354588147068,15.9955927519937,14.5921206119726,17.0689261434721,14.412084003952,12.5272265267331,14.1787812372054,10.0730605559963,10.3282255003528,11.8307341014126,10.9816847125184,9.47991742640748,9.54459971016901,8.83503350251991,9.06924564638356,22.4630251995809,16.5845332207567,16.1651843912369,10.5771219732054,11.4094492264663,8.73234030214328,6.24824244931672,5.95437531502961,6.06549186147192,6.9664653136076,8.12387985288129,14.024159673251,11.4529409293687,11.8980107889851,12.3820768271697,7.19844667700858,7.92550339172084,18.67228021352,19.2072083322765,12.0489668642022,12.4896017779174,13.93972140632,9.66198031827362,11.1432710784816,13.0069438800066,12.2257656818114,13.6299806788111,9.96019380192757,12.9704717231561,10.6929827971979,9.93549634454153,7.38174409241775,13.5228441169952,14.7640506469478,12.1798968716801,9.70986561335554,12.2407108048545,7.0222241223411,7.83081870027499,14.8977534197262,15.7514914375658,18.0894212001454,18.8793804568216,19.477666531931,17.3067911855949,18.9022520744183,18.8472797370488,17.4807070885466,17.1657271742194,18.5326836243795,17.734698423405,18.1807885127256,17.0591492258716,15.0557037671264,17.7124343061963,21.0010565760104,15.1703514836909,14.8376852590615,16.1998999370647,17.9223733581262,17.228849499515,19.1623350722779,12.0914303649585,14.0461594364819,19.4988866916376,13.8043647932763,15.2625561740061,15.2407843615107,16.1235442751531,17.7644118063114,14.8391545216473,19.6387457174748,16.8311600610643,16.957612059515,14.8767773136046,15.4860446358768,18.2797335687697,15.5545535920101,15.507029553708,14.8320458190385,15.8224693593563,15.2801398509342,17.7256681193246,18.7426893780069,20.8256217273447,20.8136282968454,22.7281193735182,21.1710868971874,21.541845957635,18.382845281403,20.3472104032758,20.4113350749304,18.6536966479097,16.6357099799096,17.0504632885204,17.1590601302046,23.6805745278699,22.3603155373877,22.8851646959445,19.0105675195767,22.0216753231593,21.7981469129344,20.6707514471748,19.0179467268059,15.8878926486429,16.2709282993913
40,7.85768034603762,9.11253064863417,8.31226131920875,8.10312311227646,7.92933345486868,8.17276588789871,8.68412847213765,8.85022405187606,9.33583311496567,17.8366672675371,14.1339255360123,13.768162301019,7.87044270089233,8.41528095885309,4.81951611724778,4.19668058995448,2.85708234594636,1.96947674126806,2.37427316924891,7.89673122277069,9.90047322514761,7.88338007625678,9.03385531146372,9.32223530166426,6.5608594277431,7.98687762291635,16.6088473550306,16.9414374522792,5.39360965913717,6.10776178627193,8.83643251497223,6.71481528298794,7.43301803362769,8.86136278183528,8.24517181251946,9.36344979222143,3.27950183453129,6.57075809571215,3.83559646066798,3.58769362278365,0.0,7.81504154463866,9.65279683953733,5.96174624608077,4.95033133038052,7.0138877078958,3.27649020027258,6.49908145225506,11.0282995408974,10.4659478982392,12.1792409660275,13.6603816322861,13.7785536390697,11.6825970868141,13.8216073395634,13.3468271841372,11.9430167660349,12.065881563156,14.1433380016639,12.5821178662684,13.6187179270338,12.3704458733712,10.5129518898951,16.4073029234294,16.1891775800487,10.2520865836766,10.4563195970557,12.1115428760362,13.109032207354,12.9507642024211,13.720398794399,9.17708573153449,10.0208241963832,14.3813355145964,8.96994193657712,11.344270144461,9.07563572456827,10.3889294603974,12.3293016291764,12.2077188603438,14.9663489024282,12.7878919368898,13.4029993291292,12.5022370346982,10.6006538697664,14.844251664209,10.2510399206276,9.53346579187744,9.27883745696467,10.5093806622843,9.82595033941694,13.940388502613,15.9356803429057,17.6285180002565,16.7203879012835,18.9373105562507,18.426387829926,18.4137843783182,16.2869041856143,18.0585432318727,17.5137702929842,14.2946085590618,13.5153192513274,12.390822615631,11.4888877785918,21.1243919907867,19.1458011987935,19.0042365367327,14.6817936728496,18.0912913650916,16.7996365985318,15.4557215739242,15.6354404146539,12.5460158646676,11.6527754300633,11.3478265430564,10.1184362368131,9.8893422552299,10.7561735774285,10.1274280627731,9.28486767345351,9.60539510272677,9.27051968890571,9.69038137630896,19.8853475446167,14.5558019886761,14.3704110152039,8.33094700282401,8.96345221905051,5.67822840818,5.11876233462267,3.97891966905077,3.52120561363569,3.73719186770529,8.32518691821777,11.8154678123159,9.19693512111277,9.7935353050832,9.72260236577256,7.10035893630618,8.3304632946286,18.194039976042,18.5995559013746,9.05644016360086,9.49844550226017,12.3491214069856,8.67241384561447,9.94466850642545,11.8180061375273,11.1584068327013,12.3488749542826,6.69127481012238,10.4746520769178,7.92370256554537,7.482437126695,4.21777618132882,11.4781549568971,13.0110176832438,9.90691607904016,7.94810165092285,10.5250479336194,5.15070827692987,7.34908326376056,13.4965484241428,12.7748960605325,15.613185917037,16.8613458178937,17.0486755860916,14.9242820120008,16.9231911587703,16.624925787087,15.2176071273296,15.1545959253799,16.9951599959919,15.7873456889904,16.5517133587224,15.3292617458723,13.4050053082349,17.5147618854928,18.8964270315788,13.2715711209534,13.3779293952602,14.7123730774201,15.0954849561697,14.4689825140357,16.6088869572083,11.2088896962235,12.7781322336463,16.7192744044474,10.7784883861861,12.505888281477,12.2715127298461,13.2395960183845,14.8930380825825,12.6477307091399,17.7426508871019,15.3988718021561,15.8041611763278,14.3243035650106,13.8339438907635,16.2677610446937,13.2722744749794,12.8543183168531,12.3382654352254,13.7936291531469,13.029688738541,16.5025911764244,17.9463310139646,19.6974211552231,19.2221450974983,20.9944638301747,20.2404375247793,20.156010631883,17.4250626657311,19.4325172189278,19.1598706609496,17.024020678685,15.7349525037891,15.2030465013748,14.4846858213659,21.8847377810872,20.3217075679932,20.8329713582908,16.3275705759549,20.0171039459494,19.4147116334347,18.1647745780302,16.5800362974908,13.3099925138652,13.4385929295013
41,5.54088867671786,8.70823970954361,6.68823108857077,3.86539321477338,4.68533972103798,6.87878129893585,7.51941171189573,8.21298771823958,8.81715682940389,17.6382848183076,16.9379587303086,15.4479455533908,11.6312387761892,12.4300660794386,10.3601424730592,7.13610693543068,7.4680027606079,7.79703396202901,8.96906007180148,7.89552531637638,11.2869964373743,10.4308731043342,11.6945212727805,13.7414110931693,7.8605633804699,8.37158760402201,12.035845041843,12.1183889074832,5.84475695099876,6.24679228569166,2.4957110302272,6.93074385012976,5.64635551280295,4.43250873813464,4.69698286068798,3.23986963826209,7.47866434228731,2.39598345422797,4.40407799769837,4.42869232886419,7.81504154463866,0.0,2.01320807659226,1.92960078559831,5.22886633956872,2.96644075091208,7.35361469432448,8.43692497351116,5.41093263115836,11.4575377835038,7.67131746477094,7.48654216311011,9.41037170345896,7.88103060614665,8.425836322248,8.31533546321829,6.26055270790964,6.5075672699707,7.57789946777792,5.93462247993272,6.7519491243554,5.84208444572968,4.85464560590734,12.6370853099081,12.3122193347965,4.54740625338161,3.65800840796888,6.67570117484295,13.9547301415361,14.8088580178908,10.7924513506665,5.10503279734191,3.91200317916281,13.9862998215863,11.8484693902756,14.656440169804,8.03204359033197,9.65716558725443,11.8294483558714,15.4956433981409,10.3593665407107,6.44496573885219,7.49556435834192,7.82318965789522,3.16010809849292,14.6337997528075,6.54406219393725,6.46487859417093,6.34801603480762,3.85621809284515,4.49054426157054,7.49149013984153,10.4505148059094,12.5212418622922,11.9187586502992,15.339363341059,13.8350665345289,14.7561523858504,13.7710449206045,14.2530321663554,14.451047371583,8.75607795860842,7.41697440819927,6.8190042458368,9.24684466598623,21.7587657659932,19.4955404326829,17.3374436286922,16.0462351104293,15.6903584952552,14.2424547055988,12.9013348817316,18.0280807047562,16.0675687096837,13.2506662784627,17.3185057148354,12.3106951752896,12.6112611901343,14.1467278953837,13.0725713304992,11.1169049176426,11.290030097671,9.8627279423577,10.3389853581672,24.5786521087145,18.1702898831929,17.4799481220008,12.8485540504704,13.8234178366344,12.0375582896127,9.15720987471025,9.37819828265781,9.79271537135539,10.6988484041469,9.39332291359755,16.0248250271514,13.6946272531955,13.902646174729,15.0001651286596,9.74417237785056,9.65587794141861,19.0140377346546,19.6897275419135,15.4536679112533,15.7992797300713,16.7197591467561,12.7749963801907,14.1788098135749,15.6793303909082,14.7700865635249,15.9462797957133,13.6630762517616,16.1962127820535,14.2883183004958,13.5543952284068,11.4300974145769,16.4928984218459,17.3837317984683,15.4373784725489,13.1371816474032,15.3219699219646,10.8244928996089,10.8881846409099,16.7361536448571,18.6379717363044,20.7050272839893,21.0958381290233,21.9084694847003,19.7592239277107,20.9472167924578,21.1359766761939,20.021512264628,19.4003438080622,20.3253427933439,20.0435985730758,20.1677928317778,19.167272384806,17.0975997337637,17.7145625686804,22.8591512909927,17.4670680331069,17.0122209413338,17.9396115690489,20.5024162096808,19.7230324197981,21.5912046721821,13.8002748492057,16.0727932745596,22.0097734943147,16.7893640828574,17.8418230607167,18.3414644308363,18.9956776421461,20.4931796591249,16.7211379891828,21.4138330997241,18.6303742131029,18.4037931916072,15.8230633395657,17.8716725428291,19.8213049439213,18.0088382543865,18.375656541172,17.5163327722787,18.3620167431202,17.9174219121941,19.2883864429551,19.5929054386979,21.7523974185692,22.1930401902107,23.9987629466988,21.7636766856421,22.4666492485308,18.88939663171,20.8283013869541,21.1783569341758,20.3439555393771,17.9844683681093,19.1093814283661,19.8259958146823,24.6906733903535,23.7335331504906,24.3609787136327,21.3429464669964,23.5350786101353,23.8395441289165,22.9265871036918,21.0313508569161,18.2268874486841,18.9045208305559
42,6.79134283867435,9.1169748766024,6.95595202454598,3.84553877643615,4.74216848447571,7.03104949136937,7.66510402538756,8.32448182162551,8.94313558967281,18.3650840732297,18.0665718460683,16.3131666253897,12.9854388384676,13.8657149265156,12.0568690628154,8.35012673767475,8.93798971078764,9.40607249318623,10.7032069575045,8.2399089373394,12.3240561935815,11.6685713016547,12.8708579988673,15.27786622303,8.66725174816957,8.810073027786,10.864266989985,10.9076930538034,7.56297326493958,7.84411886003768,2.40081036734622,7.88981680158642,6.41143836857283,4.43843939119466,4.8555512883571,2.33016155652986,9.34700153720832,4.17298984791857,6.36484976713743,6.28571787337753,9.65279683953733,2.01320807659226,0.0,3.9127315735244,6.62763418286655,4.01997736383678,8.88702198538862,9.44627014302796,4.4978477902185,12.7261672468874,7.81628067015936,6.67684726895152,9.39932530905044,8.15969657568172,7.84543667815077,8.04109834932903,5.99814841369869,6.03660749730299,6.21162886233283,4.98245171379642,5.31512701869701,4.73360151677793,4.20396473740161,11.640487678243,12.0852274168461,4.20266749420176,2.18602175489733,5.83852955752945,15.0566229454133,16.0327999805775,11.1324115314233,4.68265357850331,2.77106434258034,14.8449840776251,13.363416520698,16.0985114038855,9.24374478268305,10.7219866218378,12.78737460537,16.742385048627,9.8723505358204,5.12759712214561,6.14287584622968,6.73457286230688,1.37195354303638,15.192164393785,6.8992116149261,7.29916649375804,7.09230468157465,3.33011701264124,4.69251297586114,5.94995952098348,9.08209994555944,11.4279264760083,11.1574698924684,14.9334757619138,12.8102576632383,14.1895314818444,13.4048183122676,13.4567596277502,14.006012788231,7.8829138525283,5.84756844267304,6.19996907427886,9.92901053374262,22.3407803821371,20.1099260941823,17.5314137067037,17.1442719659712,15.7221198734943,14.4418460393995,13.2087441541422,19.1949152531093,17.4723292144321,14.4995551249032,18.5334592717139,12.8997133483094,13.212864405571,14.7744431386748,13.6465900616578,11.5581346392302,11.7145690655172,10.1050616753945,10.5958005914031,25.6827260133978,19.336471000864,18.4347504738454,14.194478039679,15.2499615243617,13.6779866741106,10.2877131555158,10.7460302995353,11.283259475438,12.3403500936785,9.81249155693992,17.117272583925,14.9186206957183,15.0960754030758,16.5393311559382,10.5847040627561,10.1600212811819,18.8878325685925,19.6121499137942,16.8064428672901,17.1435968436741,17.4926978347077,13.7453866740782,15.07911517857,16.3878679785125,15.4459500232243,16.5452519927678,15.2075718885546,17.3141641000337,15.6126601854542,14.83358279706,13.0336298966878,17.4214063933437,18.1266927835978,16.5238187587836,14.2687875536926,16.2547795871895,12.192186828151,11.8991947542291,17.2467882951249,20.0057005786463,21.6367904212388,21.7666287312608,22.7887336786708,20.6667175156759,21.5958228981335,21.9149919316038,20.857920038983,20.1159789145315,20.7629136911628,20.7188695946846,20.6708532895155,19.7547410888427,17.7170381117714,17.479722714182,23.5521218902307,18.2003164843643,17.586201388174,18.429770103187,21.8070736171208,21.0799298258332,22.5727528505694,14.2531973468659,16.5946986216855,23.2069341031569,18.2919521984984,19.3168575000732,19.6195107370706,20.2361724740338,21.7322699178068,17.9947571870488,22.0092641797807,19.0775929321653,18.7029070506126,15.9236642193134,18.5187599129038,20.6875955380898,18.9143573223953,19.4661895327807,18.5506095576521,19.1461086155246,18.8150370370645,19.6003377415264,19.6336963279311,21.9018048701583,22.596323346158,24.4770076449893,21.8053721995171,22.7765087938463,19.0860051927841,20.9055598834404,21.4600550364581,20.8180216142079,18.187171591956,19.7462809625247,20.9090314429909,25.4830519952795,24.6264289149565,25.1023432373915,22.6238747676468,24.2200935851185,24.7113517146558,23.874715636007,22.3111397070764,19.6701490344661,20.2635050308565
43,5.13315763743421,8.32763818698522,6.54615088076308,4.36574862456863,4.96609568856114,6.8174023942796,7.41157342391481,8.10426583523069,8.65206249132337,17.3732778358309,16.0754774865369,14.8594047989598,10.4789672305328,11.2114339992107,8.79047580499657,5.95805392791387,5.99973632370194,6.17108078133605,7.26525358160905,7.59132084736871,10.6010756971202,9.46830996833833,10.7753384785578,12.429596645838,7.0620944630764,7.91936399837256,13.2202901148719,13.3621591838549,4.60093979825247,5.19037113641419,3.59565133652015,6.10081592767274,5.18947077522942,4.89904384376378,4.91822008716302,4.52870405521573,5.78802987431733,1.77013460125225,2.57255957281976,2.59069416507827,5.96174624608077,1.92960078559831,3.9127315735244,0.0,3.99252269770054,2.7482643992395,5.79597279267992,7.42943114402563,6.66964171468713,10.6807766737999,8.31031274067952,8.82705445178558,10.096373570492,8.33587695970399,9.53770100084881,9.23623886417421,7.30915183628114,7.61540970693852,9.172948758053,7.4266844944129,8.42450250431651,7.35893538510671,6.04900573458774,13.6252686109339,13.0258256055433,5.65915170896468,5.30354884291645,7.8851694886124,13.3242757327517,13.9889886953918,11.0827092549665,5.81980952856523,5.30606470906087,13.6553842572622,10.6945527843525,13.5327691496538,7.50569373098094,9.21024105330906,11.4392145754646,14.4996252828094,11.2996512924238,7.97848389282181,8.95161444248681,8.94453365199758,5.01755706982545,14.4491860501824,6.9429479434264,6.48348039146353,6.39634333666911,5.26451436541961,5.30496216581202,9.10745045772139,11.8511284576156,13.7816020084011,13.004321758402,16.0978737658036,14.9896922483171,15.5905344927015,14.3392830714913,15.1972115538024,15.1418140552508,10.0035841243488,8.95773248970908,7.98309518177112,9.24242322460244,21.4791384836076,19.229087313152,17.5455347367578,15.3687425589778,16.074953635157,14.5610118517281,13.1602355330183,17.1979546181974,14.9539052959241,12.433398672273,16.004060135136,11.5849045531185,11.8530356160825,13.3456901162002,12.3478824145561,10.5667550677826,10.7381308402033,9.55048484920107,9.98142635810019,23.5176042182094,17.1949846022498,16.6741054669606,11.6305141322742,12.5308216242749,10.448259451476,7.98155935786092,7.96019879800644,8.24304892059224,9.03947366191374,8.93695032408236,15.0007471261957,12.5513598747765,12.8244342386015,13.6039307179642,8.82615972430987,9.07904248922849,18.9773312672097,19.5971504504739,14.01595743372,14.3819507253544,15.7411478020562,11.6592830289146,13.1052609833454,14.7677919105355,13.9032707342368,15.1510697703285,12.0628296323259,14.9303510324554,12.8429151665952,12.1405727326009,9.74922741707886,15.3853977447169,16.4429693841369,14.1909043675427,11.8569322796725,14.2050382436461,9.35195801632086,9.77737699510728,16.0685119795103,17.2815701541302,19.6415302054076,20.2536614879872,20.9063601396621,18.7418724845913,20.1497806147673,20.2189510878344,19.0279880796436,18.533499608212,19.6958804182512,19.1850404668844,19.4661692075699,18.3981002919489,16.3286939004777,17.8076522061556,22.0702042157091,16.5848982904092,16.2483938923561,17.2970856326825,19.2407855240162,18.4516750197953,20.533922050799,13.2052979703806,15.3696779851336,20.8188292469053,15.3398273551156,16.4898665642973,16.9951127419464,17.7125147350879,19.236986625904,15.6246374577446,20.6968185118069,17.9994871344873,17.9226560001574,15.556986200178,17.0250083170344,19.0099899774588,16.9964294955722,17.1798259964938,16.388725625421,17.4045479924907,16.8769939304838,18.7758638404841,19.3644587261585,21.4445955582495,21.6572705764047,23.4424753101567,21.5807754033483,22.0728965512963,18.6493169144822,20.651618990294,20.8345328842046,19.7127798210632,17.5781169574991,18.3206383181446,18.6690861521612,24.0306073620466,22.9422182411241,23.6240967936444,20.1452494137871,22.8203022430773,22.9164012636018,21.9201077850238,19.9031897067219,16.9429106964023,17.6034566763913
44,8.71502664171454,5.03096166385788,4.16249587414183,4.57964545110134,4.95505149824173,5.77293874977751,5.32802282404652,6.82760861535242,6.3722350564442,20.5606242725563,17.9925135136849,17.0086736060007,11.7295721660177,12.5329235113411,9.34677162255593,4.62518255847426,4.78395861907609,4.96668766564882,6.93428167188671,6.55290731890242,12.87970614053,11.1931982346762,12.4680025431036,13.7221628240816,3.92897769960047,5.400845897918,15.373230205537,15.7036701810715,7.26485356517121,8.03089790881617,4.86637029452206,2.36483916954195,2.49434285917704,4.2036820006898,3.77660189923961,5.87744991144186,6.90368094558533,5.6706317923992,4.39558843124942,2.54985506346015,4.95033133038052,5.22886633956872,6.62763418286655,3.99252269770054,0.0,2.83782161497886,2.69129723411142,3.55687835205007,9.41872868957777,13.4687460468636,12.2322828014284,12.5259295974965,13.9936981200173,12.1280539598362,13.2306991963246,13.0768272213335,11.1887066756511,11.2864877090105,12.3470729252332,11.0256400293162,11.6154994795588,10.710239730182,9.14454180742412,15.4340338000145,16.7082277821339,9.13928315181365,7.83671080460393,10.9558608411822,16.1892989658662,16.4919357141255,14.8144299513272,7.0737228090249,7.40743778384677,16.9003112992022,12.7615700479213,15.4358098682396,10.8516557427767,12.4943283864001,14.6945607879379,16.2042770123915,14.8766957098533,10.9373742935422,11.5303602156051,10.6004394212915,7.81912992154348,17.296176243348,10.5693895254535,10.230903126688,10.0024352588589,8.92188037780641,9.13746956181187,11.817466668968,14.2848036627529,16.7736261978212,16.3962093552705,19.5545717157516,17.7959288509396,18.7572538855868,16.9253871833098,17.9090091115359,18.0833655502607,13.4095509231273,11.1081210500635,11.5292840458078,12.8515716003788,24.1662359441866,22.0657446339648,20.8821678906798,18.0620377065696,19.517651752008,18.2038415438326,16.8340889006449,19.4692738345154,16.7480388646819,15.0192605097199,14.7096644751619,8.04915158081363,8.80042196360672,10.9106943277686,10.1531197425148,8.55330047081289,8.07840025788825,7.88200349995378,7.45061574236409,24.0264355694393,18.6342693741654,18.0010309067336,12.3694868843697,13.2823700346308,10.3221910166541,6.07851347045545,6.22971615060234,6.49208577634274,8.09512925114704,7.48242656158283,15.5382577259099,13.0021275458157,13.5909336173461,14.3296599987444,5.65289982452998,6.39997343525176,18.69121057756,19.2165409213687,12.633032652049,13.1976453257725,12.9803903686333,8.12453809348608,9.71860939444839,11.7136640978376,10.9858449842007,12.7921634288149,10.7722401984305,12.8832635828444,10.7518272570379,9.61346586781806,7.80499263672524,13.0256057769444,14.1526687871867,11.7910831440781,8.76296602381636,11.2848635182817,6.33516055939555,6.10035291377116,14.756086711906,17.1031864260285,18.4950663273382,18.9620239819658,20.0120564260659,17.846546998345,19.1756052853141,19.2210516480349,17.624918637233,17.3271283257763,18.3786107813062,17.6272816138169,17.9375295655114,16.9036551930232,15.0375842857608,17.7950067125532,21.7421770383573,15.2012688939687,14.3311905878215,16.2277267711175,19.4529568013255,18.9480281162015,20.0175404741872,11.6333445574175,13.5115832592809,20.8571736254584,15.3707276040188,17.132614019986,16.0693705579251,17.1463003066566,18.9739673796797,16.8519460675856,20.142619735026,16.6129723330003,16.7419983310957,14.5320164488689,14.9521693074685,19.7762641974002,16.0266274175474,16.0313156518811,15.4056640985759,15.6707575242478,15.4193485272778,17.4018042248255,18.5936986753837,21.0518395700976,21.261031604982,23.5935269518387,21.5145723970297,22.3024607053739,19.2018870574367,20.9186221337248,21.2437747137864,18.8191433602787,16.1455832750606,17.183745624796,17.9807057143679,25.5578039562591,24.1302461208416,24.2278943092185,20.7274225957239,23.1668841473385,22.852152726282,21.6679450861839,20.9908460149547,17.8855788194899,17.8606059445668
45,7.84360901474321,5.99918791671945,4.41822333451805,3.17914780275125,4.14691448829565,5.92862300605715,5.72132160336351,7.23466288538708,7.02958097646179,20.0648663271745,18.517034291581,17.2242437936796,12.6260570175029,13.461127676663,10.7380960297887,6.24023862369233,6.66223870791245,6.99239016758764,8.71646798189405,7.14629754054817,13.0273040233296,11.730734833736,13.0291898444174,14.739628954924,5.68615414515093,6.51527544786422,13.8403877033131,14.0635664134172,7.24952173712958,7.88597115457054,2.08100800592912,4.08451345349042,2.69800359539603,2.35060348567743,2.61878532787633,3.65779793861806,7.92347314671938,4.4299064138481,4.74162007361202,3.56804477610849,7.0138877078958,2.96644075091208,4.01997736383678,2.7482643992395,2.83782161497886,0.0,5.43627046460285,5.81374414169474,7.59746475950886,13.4016482814432,10.5820760426909,10.3683410573352,12.3381064223537,10.7097492006083,11.3141846725534,11.2594041133304,9.22376404853002,9.38394199873701,10.0877228689578,8.75818862728231,9.25875082095325,8.5090571808016,7.31909790432336,14.2055794607975,15.1791794057511,7.29425167529938,5.57578051001765,9.14304643337711,16.0474793461577,16.663701066857,13.5750187096033,5.88868421187949,5.40008116552413,16.3723889445261,13.2705229605563,16.0721275849156,10.2471787050061,11.9415860696785,14.1655787114965,16.8884739891179,13.1821115563348,8.80304324330108,9.55206145473404,9.12679938747176,5.30726655638757,16.9021365893134,9.25981535980617,9.08024484233335,8.92701844257946,6.75399529458874,7.38991982655781,9.62547687340749,12.424598992182,14.956752816999,14.6359137179399,18.1038278826057,16.1556324900302,17.3449449612486,15.9598198252435,16.5272625999586,16.8896507082214,11.4710271110756,9.06912318930653,9.62391333937296,11.8591814998196,23.977592299791,21.7808570119427,19.9786941021583,18.0691502601148,18.4086818833666,17.0269069475837,15.6701712532302,19.8104872238946,17.4575710441117,15.1212573423826,16.7670634624828,9.8823390189729,10.6356874195155,12.7036564863641,11.7785874755695,9.86348301319674,9.52427819090541,8.75176840045863,8.54913768020925,25.3364049914547,19.4575556321748,18.7368690148155,13.5507101198133,14.5311079082344,12.0694487532268,8.02388346863067,8.36748872292231,8.76876844494404,10.1731710097633,8.46727013403455,16.7155301571073,14.2588326027189,14.6850832482346,15.6729584571608,7.6780385425828,7.8191298598259,19.1846032522461,19.8033758378541,14.8019127603647,15.2884426832181,15.0830620418805,10.5150412576423,12.0373870692827,13.7847590772698,12.9683286526998,14.5862056910082,13.0089908840846,15.1092589099451,13.139303216897,12.0957284854915,10.2923385615071,15.1768847886602,16.1133473048263,14.0885304303923,11.2587898734198,13.5705629269615,8.9989908409576,8.50408491688832,16.1674754540148,18.8327801289233,20.310740397946,20.6018305311338,21.7062703022998,19.536276145606,20.6834648594736,20.8565049081072,19.438747649807,18.9536839166056,19.7923579829428,19.3439108056003,19.4797657847511,18.5008809193559,16.5577856394593,18.0607160399384,23.0749971482098,16.8699399732516,16.0013892043829,17.5665275404166,20.9892561653966,20.3739858213654,21.6456515524828,12.9736081817952,15.0861339644881,22.4171082057753,17.0615488214714,18.5278199275245,18.0464839507271,18.9590314005965,20.6767676077021,17.8263955181348,21.4577621802753,18.027058815413,17.937304427143,15.4050469346494,16.7616289405076,20.7491513821403,17.7146407212772,17.9488058855017,17.200098112524,17.5207370595082,17.2745581801444,18.6882231212296,19.4230420028715,21.9016418035289,22.3561204541962,24.5692413360224,22.1471222101058,23.0817897080025,19.6973378680513,21.4486672476489,21.9096296530465,20.1280170721594,17.3067713272908,18.7082723780987,19.7349473782801,26.1704049470767,24.9700998772206,25.2326629405268,22.084940425848,24.2290414511723,24.2359703203495,23.1785984262748,22.0934412467485,19.1163731980585,19.3910817462939
46,9.53379846338669,5.90567173333299,5.52788520174033,6.44836196573609,6.35589710499317,6.34516493343923,6.10801522789315,7.02017175498072,6.73260246909424,20.5237604695422,16.9850401620966,16.2797913195536,10.5460965823231,11.3133520199131,7.86595229916118,3.53772163018958,3.19772618381334,3.12981493069978,5.19852713091277,6.46821682049015,12.3684501576445,10.3852357549422,11.5675907845629,12.4195225680518,3.69081913621887,5.41433997258341,16.4326123551437,16.8410614413324,7.51322820224114,8.28554748026894,7.40644297571016,3.64752386959912,4.79739939265471,6.67896086795343,5.96209596133033,8.01133251177644,6.19145598991076,7.13865544213136,4.96901495918448,3.42954902786297,3.27649020027258,7.35361469432448,8.88702198538862,5.79597279267992,2.69129723411142,5.43627046460285,0.0,3.2315649167579,10.889411294253,13.2715006908928,13.481323012378,14.1795278382981,15.1792146949292,13.1478666497172,14.6293093861584,14.4103290278318,12.7308597669402,12.7342562673591,14.1027167819332,12.8233333185136,13.484539687488,12.4475602845017,10.6148415715664,16.2241424020791,17.6566336976133,10.625868798244,9.77872335064781,12.3304344892592,15.949699914373,15.9396531514658,15.5940432716573,8.30953022293647,9.20486373253481,16.9984376738356,12.047984556439,14.4786727862642,11.3099447289443,12.7839526437106,14.8690324695183,15.0937722250312,16.0108017946392,12.6216329809218,13.083074527324,11.8236608094708,9.95460902771022,17.1417837872948,11.5353583484755,11.1557572762986,10.8250329288107,10.7118605162679,10.576624400309,13.557470009636,15.6688069916915,18.0002680604333,17.5539950738098,20.3505444656283,18.837082088491,19.524583534434,17.3092411867952,18.6876208344363,18.6519531153964,14.8135551595121,12.7897540751763,12.962904365903,13.4894601358167,23.7018273738949,21.7346846010315,21.1497077120787,17.6205878648648,19.9999067923291,18.819158457902,17.4845004173053,18.6579187758858,15.6678861398254,14.5838548193569,12.3852763321037,7.24284318532577,7.59013622075015,9.34522234811726,8.75445054403404,7.62884729730431,7.30083476000434,7.49579220397435,7.18412573781019,22.1864694085034,17.3173790732943,16.7469777374571,10.8636747943392,11.6995748205463,8.38002946132918,4.33908767620902,4.09943099870571,4.14355146878189,5.89125294652806,6.89890825474765,13.926794284076,11.3863130898958,12.1131931916233,12.6657731191127,4.51305633605005,5.86387758841328,17.9052983546293,18.3350774811308,10.2263016456013,10.8403176627155,11.0765577423815,6.38670438631903,7.92178664778924,10.0272271539042,9.37552982329018,11.1408874157462,8.32548401592775,10.5499537581541,8.25196591583764,7.13416282450573,5.2112342967379,10.8892862995097,12.2259414218387,9.49124911067493,6.53685251134937,9.23001130161542,3.83018811307385,4.6189586010753,13.2025435947058,14.9848720749508,16.3729617511603,17.0686427767256,17.9618567716528,15.8194965624842,17.3563223986651,17.2618952287012,15.5689163976345,15.4442197484913,16.767795021125,15.7269216715817,16.2371567754628,15.1382252541306,13.33692071033,17.2267839438113,19.9665444136761,13.3401251310594,12.6466729700818,14.6701490264424,17.4720628509289,17.0813548046195,17.9774023711865,10.3374886507885,11.9484900152518,18.8359947597501,13.332074076743,15.3492454620277,13.7679936245984,14.9596362601259,16.8541201775214,15.435452445407,18.442373096905,15.0457567458055,15.3831163859004,13.5765743978078,13.1315600718702,18.274033383139,14.0353073008634,13.8193221725987,13.305334981128,13.679652923273,13.3494847648454,15.977359875204,17.5352752163529,19.8385124163562,19.7645607485677,22.1059868355799,20.4723884160409,21.0276274527488,18.2285176918747,19.931788933535,20.0760121926159,17.2161136955751,14.9180839940353,15.4059863952262,15.8529231904186,24.310823332149,22.6938952784713,22.653237678215,18.8923284010681,21.5680459747895,20.9796356405645,19.7003283285709,19.3964941958028,16.2475834770704,15.9093130997481
47,11.965412872023,2.96471559198609,3.74244059596945,6.32461024496693,6.29165413823838,5.83179452244407,4.48256146330854,6.30005979813727,4.8628059683048,23.3400959012874,19.8416232451659,18.9015491808879,13.3543689589833,14.2513746156233,10.9331365787082,5.20821347440767,5.66117183763935,5.96573744571767,8.24140121019194,6.36590408428231,15.0585959623239,13.1211779313329,14.2810289992078,15.4774579131057,2.18426155018234,3.85775400899013,16.8615801998753,17.3422984409134,10.3001764493644,11.0550467140358,7.49050140429613,2.03338790880396,3.78206773388573,5.88494431795958,5.11647773296992,8.00502686113363,9.33403600483658,9.07530674427211,7.56763137319404,5.76358443037659,6.49908145225506,8.43692497351116,9.44627014302796,7.42943114402563,3.55687835205007,5.81374414169474,3.2315649167579,0.0,11.7437717674638,16.2447925693584,15.4682825848507,15.4897776999009,17.1757039188044,15.2466214382215,16.1432822844347,16.1578395621528,14.347760023166,14.2217774559513,14.8866041333552,13.96684521087,14.2289985828599,13.4423476712016,11.7260839382144,16.6169872175276,19.5956518116968,11.9935508594003,10.2666845633215,13.4085232129852,18.9094441672726,18.9736317418367,17.9189279071219,8.67287702589532,9.58618643282175,19.8141777486056,15.1634892735254,17.5870457756578,14.011335303786,15.53019617072,17.6658654419034,17.9855794440491,17.6438612611243,13.353562781266,13.6077195919909,12.0112113580261,10.4934364403198,19.6453724687847,13.5499243877589,13.4655891958334,13.0709161899239,11.9675527048097,12.2809668257557,14.019585066522,16.0857875858749,18.9437631542025,18.9443074581308,22.1540572507827,19.7647256922016,21.0607141325778,18.768656665368,19.7924351562777,20.205858588959,16.0483174128695,12.9279971560822,14.3455371616198,15.9576412053279,26.3332580621769,24.4090740223694,23.5233663235812,20.6162656850521,22.2114894111356,21.173031199264,19.8781457901676,21.6676554498607,18.7458193955143,17.6004972161164,13.8189625424509,4.65803721841743,5.92201689608543,8.63454360367963,8.17261662872759,6.90009688836164,5.70093911008696,6.68901190424265,5.32406700740569,24.4638291957657,20.0694056501876,19.1999263459505,13.5404721729101,14.4905520013778,11.218211552798,5.47329582282814,6.02785695216864,6.36559945989962,8.58556861552243,6.64275556363802,16.200463333775,13.7982398314743,14.6056602962938,15.5846887235491,3.10722383926216,4.30644088635696,17.9457835379093,18.3773552935155,11.9028757094091,12.6116468126151,10.3530954883744,4.96290191892792,6.6145873193202,8.77668149355543,8.1979304129527,10.4899394391588,10.4944586117966,11.260793277426,9.43494500187397,7.8867327769811,7.3937494262235,10.9204782204058,11.9499948333117,9.83638479827959,6.28436906843266,8.66414467108211,4.64857026571181,2.86996669212177,13.3887651926145,17.2862701742996,17.3920424951816,17.5517485768145,19.073556183022,16.9842898023554,18.0494214153936,18.143361292588,16.2408102501795,16.0694498688632,16.8473100278905,16.0003462225655,16.2444084428614,15.3138411941254,13.730890008878,17.3130887136397,21.1843204744991,13.8582149594396,12.4077872952079,15.0275327524015,19.8671762582898,19.6801204608466,19.4987204534505,10.1581452733989,11.6591353138199,20.989707378067,15.9386165303935,18.1572758673641,15.5230630176555,16.860919671901,18.90990035274,18.2203206455888,19.3600248688102,15.0729718549235,15.3389697866994,13.3142881300485,12.8870185334102,20.3727837798056,15.1558227013725,15.1212874618282,14.6360686617821,13.9959832457904,14.0968768467071,15.7951003957806,17.4388476556756,20.2147625304901,20.5110251644676,23.3371529571213,20.935813489672,22.0727291264234,19.3059881318402,20.6737364984897,21.1931122419061,17.6947988646794,14.4886462983785,15.9551495115889,17.4302838691683,26.7200216722069,25.0541576719613,24.5152509933108,21.4319429805961,23.2029240224926,22.6206326108478,21.3344065215129,22.1561832442974,19.1293333620139,18.4066201130845
48,6.95381667094116,11.5899240660572,9.08604142235452,5.73010956267707,5.66791223275202,7.24217077807144,8.89338606052108,8.12976855519522,9.83315464066955,16.1954724522894,15.8593369712186,13.5710428231182,11.5568216590881,12.602189645097,11.8712457723548,8.82841398157371,9.57958850016526,10.2229648066781,11.1446938039451,7.81598834897557,10.2080374429284,10.0354355674568,10.9698451690588,14.26131836735,10.2449889855861,9.8079081792564,6.67859571310852,6.73248648216405,8.20591956240921,8.13257157642369,6.46396864630371,10.7715953548602,9.73588619879651,7.85704193402581,7.64320614793498,4.72887310175191,10.1307490342901,6.16183139939138,8.17588954591814,8.59878576653711,11.0282995408974,5.41093263115836,4.4978477902185,6.66964171468713,9.41872868957777,7.59746475950886,10.889411294253,11.7437717674638,0.0,11.7323974739767,6.62698379429213,4.7794551684863,7.67549529230161,6.47561248322743,5.23988069339371,6.03762523631583,4.92630596778743,3.78969833393721,3.54984863241559,3.74061549188506,3.37505371298254,2.57305744054312,1.11635901045405,7.42917578884579,9.12997926008068,2.38915484944493,2.56308493715873,1.79542885852194,13.5713187258083,14.5425911816866,9.21171593066179,3.53807346609331,2.63910609427916,13.1706424483965,12.6388894567005,14.9349056074391,8.92159877241846,9.75219277414821,11.4359070757016,14.8370018355183,6.61249225010918,1.96467152618768,2.43217339689485,3.39618475196636,3.47509198972838,12.1796477991049,5.02367887002084,6.75006081622215,5.92422412678284,3.36818816374795,4.12314646725408,3.01138422453939,5.20910929235497,7.39695472507341,7.45539939008735,11.309129683753,8.56037049561828,10.1120733430784,9.04207955979088,9.04346957517014,9.77014452815178,4.48265096965428,3.12359894829083,3.41536997247165,8.49701885492535,19.2034697889889,17.1772004720013,14.3695585959825,15.427139899834,12.4849945716502,11.9206931545378,11.010028445581,17.2840905586098,16.0870648623789,13.1884697228341,17.4254297617253,14.3219038968922,13.7977798751523,14.4015189885482,13.1331415799354,11.1779216046713,12.0805362737925,9.70055362858733,11.1522194332617,23.1981384196324,17.087571815764,15.726827926365,12.7186777531399,13.9036946158775,13.3297078269242,10.5114572561428,11.0934888258091,11.7827198488202,12.5453521172725,9.26964091425013,14.910293752,13.1750453196713,13.1741437528569,15.4502769228359,11.7246799806536,10.8832991437916,15.7761970152788,16.5528248144129,16.1364052296617,16.297263146149,17.3113702117648,14.9810734245184,15.9596266853349,16.6404340562914,15.5943803215994,15.8974703826122,15.0356640731384,16.7390817388802,15.5298057897343,15.1306607289661,13.6906650639623,16.917620106858,17.3519290470597,16.295675259498,15.0077287619904,16.455298986031,13.3593703008463,13.5341331837926,15.4277062894435,18.4993897082743,19.8258377029951,19.7759147146786,20.6825448570829,18.691387155412,19.3377681879098,19.7963150899712,19.169068051096,18.1808412067012,18.6729738734835,19.0150453866568,18.8207184963663,17.9802184450261,15.9215027200968,14.1973923575411,20.8244008115661,16.5490837271843,16.3633438155465,16.2929476018562,19.9446780656497,19.304055995965,20.3813694563641,12.9605548377747,15.3698553858941,21.1181699530844,17.1404582797776,17.9115954307615,18.3204910278926,18.6265229819866,19.9046933397098,16.0551736615238,19.3759058070628,17.1564246613787,16.5407060502295,13.7764665539117,17.4279736425621,17.8285305766084,17.0855761188698,17.9950556339871,16.9344072579986,17.7878635902679,17.3572343167716,17.5715484367208,16.9476453482979,18.8261176506783,19.659147537547,21.2195791238252,18.4409863719988,19.3656157886531,15.5263523424175,17.3654169269457,17.967073832198,18.3847356488508,16.2842084273736,17.7016252645053,19.0511972409836,22.3061967103888,21.6500794467849,21.9718599331609,20.5949147290023,21.1232293465088,22.0469003292669,21.4434402761785,20.2555557736172,18.1468492272596,18.5781287268963
49,6.02214607258663,18.107443047002,16.2826331917876,13.8521134544682,13.7148687619012,14.7462543354435,16.3856223382306,15.5034397915536,17.2326202185234,7.51483121600188,7.18073559403451,7.05589915754376,6.20221432740181,5.65956288154648,7.2434287556589,12.0627945227367,11.2593931540605,10.9362188851625,9.25281284513065,14.3320042275761,4.40289005371235,5.41285591302639,5.61230291348412,5.71319143590652,15.5597315299092,16.2488899247463,15.785611177411,15.6877102178768,6.26602314831619,5.54034232527143,13.9086114009881,15.7929395852508,15.5317295560553,15.4330137572294,15.161679631798,13.8530810054387,7.23563293744862,9.20323535387464,9.13881176415155,10.9489562530901,10.4659478982392,11.4575377835038,12.7261672468874,10.6807766737999,13.4687460468636,13.4016482814432,13.2715006908928,16.2447925693584,11.7323974739767,0.0,7.63675314204911,10.9969432336145,8.02790034782713,6.76193415810044,10.1226698631911,8.98009250127132,9.29656011004905,9.68519630646361,13.0546883542077,11.3027165861476,13.0066929367743,11.6699822508012,10.7961853127044,16.0054945699342,9.41321293603962,9.89583015431544,12.8010712550543,11.2150717804906,2.77376554959285,3.50878644786068,6.14442698296584,12.9110795584238,12.9590035251799,4.07966273762404,2.72705157095973,4.38897805681412,3.76069052364025,2.52393311217185,2.50204923421815,6.30275995745514,10.080073683385,12.6506182493656,13.560926354134,14.3187206695938,12.8182497714075,6.70950361295445,7.03924423885165,5.87630220521558,6.04338474783704,10.5146459405173,8.70151681676713,14.0010850082605,15.2443097628557,14.4449094446167,12.1102283129887,12.0195902738449,15.1456970084559,12.8423871053179,12.2124608463234,14.4144817147935,12.3429695575686,11.4192160143447,14.7893846943276,10.1575497986935,4.53247703620141,12.233923235714,9.88119281868935,9.97679253329028,4.78078066161899,9.73080767646048,7.97331195178249,6.80033589824241,6.97778307427147,5.75755571906042,1.94916200868992,15.8234359423205,19.7336562302249,18.8434436475755,18.5382610228193,17.6065744066311,16.7004630230676,17.9846360234132,16.2693344312163,17.8860398958003,17.1558784048792,9.28025141155113,10.2079767835285,7.91572705560167,7.82695012424598,9.0956872694137,13.3279273670982,12.418964462153,12.2285755816879,10.6387561416914,15.1198174482577,10.8995543139914,9.49059319106902,8.81643362292804,7.9958767839799,16.3944396920458,16.821101998827,20.6020549784528,21.0862420601568,14.3702009248338,14.1364050663165,20.4586350940341,18.529855612353,19.4775489651617,20.5957407517787,19.763008534311,19.7292849980948,12.6180746793413,17.1777422848097,15.3509990861116,15.9586738602567,12.8674970564027,18.7920788827758,20.0218958723523,17.556142187488,17.3081975482561,19.1628928998921,15.0517810291989,17.3762487299396,18.3956150847946,13.2929510622993,19.0245993606623,20.8102594125417,19.5503923087974,17.8115369599416,20.0353226821652,19.653987022134,19.5362926864407,19.1322680553241,21.3226460023852,20.6141683367497,21.3995711669629,20.1924739647255,18.1220501408988,19.5709059382553,19.7396592810726,18.0931421795704,19.6363813959282,18.7684782816458,13.8258875145226,12.2675160651958,17.9158022935651,17.3218095520192,19.0746247838834,15.885045328833,11.0631637855715,10.1023539809717,15.3670364381565,15.0492731359325,15.3454846103937,8.42925919259392,19.6221950623029,20.1696874231496,20.2027103099464,18.9547185094641,20.2931094121977,13.8120913386823,16.766614134128,16.67551933554,15.9259860029317,19.3073060389897,17.8813240606145,21.2340877883227,21.3393299398045,21.6090053992748,20.7478147725641,20.4978147501112,21.376977064515,19.9108983465956,17.0380299658607,19.7083784455174,18.6251837900074,20.180928899651,20.8895012809798,19.1044256767428,16.5958831783399,16.1587723128695,15.6774710854772,18.3939723321975,13.5743713629908,18.6350192602451,19.0387795234321,18.436976073067,11.9821344952518,9.62212680379215,12.3271846558813
50,4.44909288836167,16.1329865855801,13.881841887001,10.5779981281699,10.8206767140476,12.6237801835033,14.1619079760182,13.6601275395753,15.2631181547494,11.17750548931,13.4259483311373,11.6930801714455,11.0028347325236,11.3965102968313,11.5824930219613,12.167803044237,12.1243207096455,12.2729457274653,12.0228779700274,12.9537803455304,8.53088768453581,9.37414677662706,10.1225398245796,12.4082609638454,14.5417915127368,14.7973438122803,11.0538143646651,10.6856020944967,7.02585578409227,6.46088983497985,9.90022190953623,14.305015366642,13.2499753146313,11.966570994736,12.0927445346549,9.58385201604337,9.6917285892204,6.63745664784773,8.81577670882001,10.2810136760706,12.1792409660275,7.67131746477094,7.81628067015936,8.31031274067952,12.2322828014284,10.5820760426909,13.481323012378,15.4682825848507,6.62698379429213,7.63675314204911,0.0,3.65426480069651,1.81212315852857,1.3314191413631,3.26673527889428,1.8611039187126,2.14668271134452,3.06774695900043,6.26332365194554,4.30703436745976,6.16055765040702,5.13381787713172,5.63854182245065,12.0695546070952,5.30538407751948,4.50828203150744,7.60939464416866,5.65110843121032,9.01013394980146,10.5617144808924,3.536272923727,9.41689756720456,8.28125855682187,7.94741813407969,9.6857051315627,11.8565634856989,4.76894679757232,5.13054380045582,6.35724639869412,12.7535945347692,4.55078681336966,6.49100434048648,7.80215129015812,9.83544728333652,7.3371177233534,9.3345010747142,2.72305027844748,2.81086832455708,3.17916643112457,4.60883500831642,3.35987735690396,7.72798711897031,9.6202207723685,9.00400185730394,6.77591446190701,8.88519277100014,10.3949505762248,9.42044287162785,10.0724508162043,10.630992806249,9.66878661131842,5.04072134026009,9.10376155077961,3.72656166335046,3.25935080343589,15.9817733414685,13.5710450881638,10.5176891598544,11.0568331476231,8.81399826908612,6.89399537134192,5.57912748045659,13.6344331121213,13.1234455012148,9.24062229292302,19.6626658735434,19.0767948352775,18.6425395662048,19.0945856008739,17.9045609914364,16.2348123640043,17.2242898287289,15.0832964767162,16.5187621351871,22.8995045522588,15.4382309615578,15.1167503632891,12.7270708717469,13.398193447761,13.6373062460799,14.0358543698715,13.8739542870155,14.1474692776255,13.8371480051941,14.3044297071448,15.4818291372874,13.8459905948274,13.4232299335666,14.3562832244945,16.0494033006823,15.843274594526,20.4576780159418,21.166075221752,18.1634699446972,18.1520478447863,21.7116365018485,19.029669859321,20.1864942522647,21.272009091473,20.2823780362567,20.5802733879677,16.5242294289861,19.9041829432777,18.2103780111921,18.185674215193,15.5977024044915,20.7668062926838,21.612511088781,19.7743275499893,18.6428487135857,20.5347537255854,16.3656478534045,17.4391707606057,19.6949543889409,18.8743269686115,22.5423911362352,23.3380301468099,23.2084229222052,21.2828073014901,22.6606631706796,22.7709491606843,22.4399012878435,21.6448943655201,22.9023594082468,22.8517240370324,23.0680571043549,22.0407320382575,19.869685740645,18.954035314547,23.1490157843766,20.2439566217795,20.8535044076546,20.3312175973229,19.786340043618,18.5874716957029,22.1833987314047,17.723461789504,19.9956067333484,21.4526183585281,16.9697712103629,16.7508302112967,19.9178613097179,19.883428949079,20.6521676452249,14.6854622584313,22.3542533364974,21.5151381602903,21.1096119725948,18.8634782554987,21.7916794323013,18.2582653944429,19.8921923799439,20.3992578415286,19.4145628038617,21.5585213612318,20.6305470685217,22.2076231733791,21.6825595132669,22.7573384393167,22.9140592796498,23.4138352973569,22.2444453988044,22.0246084336244,18.3667601138675,20.7239749418171,20.5518377590374,22.1304353185806,21.2830103916286,21.3338208197658,20.8808391245275,21.0705959460744,20.8559250674295,22.6650855523236,19.8364256034441,22.461988500353,23.4199519825338,22.9093620796579,18.6024613081158,16.511807237833,18.3248869850288
51,6.89160524906185,15.4911985518003,13.1080722790866,9.658031151233,9.9466258373618,11.8103743551097,13.2803181938017,12.8065999287406,14.3535639509689,14.0441751167261,16.067815358492,13.8853721076361,13.2103323629371,13.8935851748954,13.8101255713353,12.6349164634179,13.0039202882084,13.3962408983341,13.7338164099305,12.4004253055053,10.8788179155494,11.5210897173666,12.3057438355451,15.1995489585269,14.3441901922446,14.225800214083,8.52395621358157,8.06005931179158,9.23431682322545,8.86989231313435,9.06728537369353,14.2112246515127,12.9336064804905,11.0637285519501,11.2621612902229,8.25705509905722,11.8189712495937,7.5890963591308,10.1735375441614,11.1669150948775,13.6603816322861,7.48654216311011,6.67684726895152,8.82705445178558,12.5259295974965,10.3683410573352,14.1795278382981,15.4897776999009,4.7794551684863,10.9969432336145,3.65426480069651,0.0,4.06451048979948,4.26515056741338,1.67130951082721,2.38215470115107,2.12862004833173,1.79384359771937,2.8287048878806,1.71324590630429,2.85821648175221,2.46202920746369,4.21528135544721,9.89213358151456,6.0242400768746,3.66423776086145,5.84124135341663,3.58114805601173,12.3324425065683,13.8009916665628,6.41428721450179,8.19402399858271,6.65456505495782,11.201587097613,12.8102670172953,14.9891466413436,8.06234767404418,8.5633148038467,9.78292314654521,15.4107438145702,3.89231428389615,3.66225524312978,4.98003338754954,7.6362952427094,5.66349349355709,11.418760220164,4.40907904751247,5.70906218465752,5.53442273044723,3.63459713091962,3.88912851326165,4.55993532804026,6.64902890117306,6.58336615674243,5.25540831076987,8.86864721877414,8.25661113969934,8.68496833273308,9.51322458691774,9.06550908881099,9.12854154342129,2.49017947322637,6.24321875120928,1.86092012866694,6.64450246536243,18.0708283024146,15.8471461153139,12.1752023260146,14.262497951826,10.1223058279212,8.97356018319184,8.09044750590477,16.6656835016178,16.1877600298338,12.5173349153029,20.8674201205931,18.6763515129121,18.3207882798413,18.9394469114862,17.6836544206702,15.7959480018138,16.6830361989344,14.3867361077881,15.7583906351787,24.8474670176031,17.869526289958,17.0117018297685,14.7517845692403,15.6652434967741,15.6793477339232,14.4946179446335,14.7290006923752,15.2189932232667,15.4412350486644,13.856730622049,17.1471389531303,15.5687271654636,15.2672488555748,16.905948019901,15.9643195436421,15.3696815425243,19.6136194547316,20.3965039436779,19.4985862721231,19.5550903453171,21.7747730768384,19.1697719826143,20.2795291375167,21.1617944658842,20.1297449981406,20.4339603878821,18.1112103840422,20.6788838933967,19.2373133501773,19.0025839057643,16.9335517622342,21.1609519709661,21.7413523433462,20.3841551742982,19.1027046779616,20.7862050748523,17.0896014686565,17.5653642720711,19.6557125352519,20.8426195656423,23.3932000642248,23.6816860605073,24.0789130075276,22.1502778118164,23.0586259591925,23.4030253743472,23.021821475933,22.0571152663394,22.8116967206128,23.1057769784785,23.0329055213087,22.141566449327,20.0310031321573,17.9593893192584,23.8920598642496,20.5860591207179,20.7822962735642,20.3501636323433,21.8845018553346,20.9048015148097,23.3752255132082,17.4529819199457,19.8321916017439,23.3033295074863,19.2003538477597,19.2983321611893,21.4028870106201,21.4630511325958,22.4055779562276,17.1355312863127,22.8017934844812,21.3915172024892,20.7788406250099,18.1855220474076,21.8229709866609,19.7412698589243,20.6792803619607,21.469651535781,20.4111663270205,21.9155525409988,21.2490706457395,21.8672763478129,21.0244951792639,22.4323322704854,23.0698269205704,23.943677298302,21.8161331521686,22.224338947342,18.3803013048197,20.4509927585868,20.73612495513,22.224281715334,20.7240162129261,21.6199543778332,22.148231598233,22.9108942830237,22.7067103196363,23.920821814863,22.1004643516048,23.4737793167597,24.6329979119421,24.1739064914737,21.1360796161608,19.1875682791978,20.4937682084514
52,6.05532984561657,17.8065470386854,15.5041711338594,12.1501620551796,12.3292231645878,14.0517367991373,15.689489317209,15.0191243383035,16.7480576971955,10.2148411999756,13.3444830146001,11.5056758916619,11.7670945839315,12.096070875554,12.7584994058924,13.6817851830406,13.6523429234489,13.8131487864376,13.4397175118989,14.305294658611,8.91514867954055,10.1318051268746,10.6891194932979,13.0427422038021,16.1629110611289,16.325706317946,11.0571398842903,10.5858827988597,8.57550672423082,7.93544420036194,11.5740258008812,16.0519985739927,14.9997413502471,13.6341822265509,13.742156853128,11.1085168903065,11.1683706976904,8.4292755094581,10.538821656091,12.0329009960182,13.7785536390697,9.41037170345896,9.39932530905044,10.096373570492,13.9936981200173,12.3381064223537,15.1792146949292,17.1757039188044,7.67549529230161,8.02790034782713,1.81212315852857,4.06451048979948,0.0,2.16989917711367,3.15333168351916,1.78217852362337,3.44246672065899,3.95655586477153,6.73008745110486,5.27388114309965,6.85979179119791,6.05945617317774,6.81810744786735,12.1454280122589,3.72514578844202,5.85496157078564,8.96722811236368,6.36668260113539,8.85152545841493,10.529678946112,2.55407824949984,10.7181730765849,9.63474759721866,7.40077737871287,10.3489573699759,12.1880023173462,5.84726593360618,5.65813053918408,6.26273292943921,12.9373654362819,3.65389502063201,7.27297661125166,8.43064047538828,10.6479953931934,8.7703423436949,8.6900762214448,3.93069351715462,4.32707768751097,4.56055848993705,6.10097173533838,5.01232162939445,8.34360205496176,9.75260840330551,8.41110090682213,5.82636395363367,7.38067138854617,9.74291279906424,8.27327642059572,9.51835581821819,9.95400920479265,8.748812160222,4.97887549521635,9.88072649923572,4.40402252864204,3.52754896660937,14.9841964721632,12.6024526013726,9.12486190678704,10.7325140603878,7.34624233587493,5.40165221907611,4.25768720065226,13.3636296420037,13.3325540345345,9.38849689119329,20.6298999813381,20.661830945142,20.1090357816164,20.3810935251137,19.1744129437053,17.5493362911178,18.6544564918665,16.3995737006628,17.9680135693267,22.9687559820166,15.4744633473513,15.1570512131061,13.486165316251,14.1024794089121,14.7621673369947,15.4822262101393,15.3264209512822,15.6085076050265,15.1833143701876,15.6164274829261,15.9558761758244,14.5626883905838,14.0248760139029,15.0291361129743,17.6176699006254,17.3378732450067,20.8907544876883,21.6040474396787,19.2622876425657,19.1865009110611,23.0138537673249,20.6057670955296,21.7020674029354,22.669019045383,21.6650396832906,21.7904590648184,17.738775254465,21.0833226779167,19.5032110108094,19.5808463617126,17.0444522500326,21.9870430794585,22.7716785701748,21.0550566619249,20.1366610960164,21.9208585516414,17.9360567256871,19.074618088481,20.5900834523325,19.5116397817043,23.2875933114644,24.0813579290551,23.8225563143951,21.977665869936,23.3010939646344,23.429602796002,23.2732858475321,22.4231567916994,23.6594782245962,23.7134914536686,23.9028076438862,22.9035806440556,20.7524080170567,19.3504397973016,23.5000104870492,21.1498499150971,21.911403055735,21.1017901611607,20.1911514509293,18.9547595021335,22.6995276608745,18.8155230121326,21.0679029255244,21.8176975824622,17.6945386623549,17.2271872478775,20.7588218921271,20.5815384737153,21.192233927307,14.9489320818067,22.8261207486048,22.3538348295536,21.8851484426134,19.6998124129348,22.8699643474866,18.3552728751969,20.6795288275811,21.2581519160666,20.2498995062645,22.5378901836545,21.561304566152,23.0125904518385,22.2669831754841,23.1212420672124,23.2793294943456,23.5082039841086,22.4759376540158,22.1242905325819,18.4889191110185,20.86028678569,20.6279769449098,22.7479592554437,22.1512604150334,22.0923144643454,21.5427390219503,20.610653093391,20.6116595952698,22.6047702572088,20.067682410627,22.5254413450442,23.6710516912716,23.277784749208,18.6661003356158,16.8568897632405,18.811241375122
53,4.13417142912086,16.051382744642,13.7721608734201,10.5090088166999,10.6070568818139,12.241094968903,13.9177486248376,13.1994848487303,14.9528293517879,10.4253513637477,12.2125551424675,10.4037873744058,9.84954558745392,10.2694965151917,10.6936559476255,11.5833483545311,11.5137483467529,11.6683219770023,11.2945107108641,12.405019278937,7.26447530262797,8.19924482347726,8.88957340278047,11.3429727590406,14.2181001810427,14.4378166479608,10.6607149033334,10.3510452241421,6.56240764910919,5.92268535328022,10.1818829106523,14.2368902457758,13.316465557048,12.1370706290571,12.1254885687991,9.69535849778333,9.11260503775519,6.65589745391738,8.56828074965366,10.0916384482787,11.6825970868141,7.88103060614665,8.15969657568172,8.33587695970399,12.1280539598362,10.7097492006083,13.1478666497172,15.2466214382215,6.47561248322743,6.76193415810044,1.3314191413631,4.26515056741338,2.16989917711367,0.0,3.47389966309881,2.28255045172677,2.87450797572209,3.23360136744033,6.58479990248357,4.89345189166267,6.5941111097504,5.44472993453345,5.51175495264688,11.5113129322269,4.93618578105669,4.48146229144198,7.76624505415214,5.45825933084986,8.11763595043306,9.58300180243751,2.9873575963649,9.11242544434878,8.28791298191915,7.19378860808839,8.76194062079204,10.8393552342716,4.23296464814517,4.34489975369497,5.57064223045881,11.5454971271374,4.26037804660525,6.61821979047508,7.76254652324166,9.5309037832395,7.6862425349904,8.14073913438629,1.89969896802927,2.44897764722105,2.41416655009092,4.9980023189333,3.4863758375816,7.88959858233058,9.47392063750701,8.78139741022623,6.5275408759739,8.38787097512298,10.0064579703552,8.81491874366558,9.13057002532549,10.0171953353996,8.86723993734256,5.03760958408068,9.13732319389465,3.77286382382553,2.40070381355787,14.9377435655338,12.5537035885724,9.73027182484729,10.1211661497657,8.09493658243619,6.36971075193817,5.06229005237014,12.5822070758916,12.0586905388834,8.27771246936986,18.5772873716694,18.7152936814973,18.1103484281179,18.3552208677662,17.1694552520099,15.5936740735681,16.7150707077407,14.5192991788196,16.0999845695772,21.5929272870599,14.181937446196,13.7972642922135,11.5596469582064,12.2417261551144,12.6850962961103,13.3649259310843,13.1711176393695,13.444243043496,13.0278313771347,13.6776635332659,14.2094960854339,12.6457132329668,12.1880224217438,13.2474859591908,15.6055762699136,15.4007483740678,19.4604942817286,20.1501923158246,17.1529037511428,17.1026807490221,20.9396671927895,18.5381850838302,19.6219008713444,20.6139769969134,19.6219250364921,19.7765823170767,15.6025482366701,18.9640844029048,17.3443625371887,17.4196163212532,14.8813822763952,19.8893442962552,20.7263405270351,18.921821982143,18.0075528763126,19.8105242502755,15.8077993756988,17.0453808234072,18.6929639453732,17.6732137513616,21.3731162330711,22.213533223619,21.9936541785201,20.0947249702559,21.4956406881644,21.5880660761671,21.3264876091489,20.5274302876881,21.8444438497316,21.7862269686766,22.0319305982702,20.9977786956107,18.8306942964057,17.9922718551716,21.8803891737806,19.1907732399095,19.9380711876962,19.2659620286977,18.535153676988,17.3554438332531,20.9271883042701,16.8748642523786,19.1069256004489,20.1738288392613,15.8294596070133,15.5838392394253,18.7719272200013,18.6819258440196,19.4079788866821,13.4483228222069,21.1383492764154,20.4980851165854,20.1049869952515,17.9646089284043,20.8694887437918,16.9310429772483,18.7443405460091,19.2653475654875,18.2734978579115,20.5376467602182,19.5589985504151,21.2138352944702,20.6778716486085,21.6311591349603,21.7112549123144,22.1325213699082,21.1182865432977,20.7840258972686,17.1640426185377,19.5633796657481,19.314840494615,20.9982931589367,20.3631303973015,20.2243464235388,19.6655311633484,19.7922416305205,19.5471227811691,21.3350619943104,18.5761441670727,21.143679472075,22.1117743193241,21.6189801801423,17.3730064298116,15.3441818694489,17.0988964905347
54,6.85691903199138,16.3412880711706,13.9133489145638,10.4634556560512,10.5871006758897,12.2694209319965,13.9366331267531,13.1726976123491,14.9400187321908,12.6469138191696,14.7728919006579,12.5018271691714,12.4070854075851,13.0582395575382,13.3961814750802,12.8111983369311,13.117981671256,13.493550518773,13.6084467432208,12.6439557283696,9.80176340790395,10.6990765761805,11.3474775475524,14.3545072900943,14.8934942217155,14.7467604205706,8.1795898442319,7.69365261060483,9.21691848809658,8.73559730354033,10.1999268828884,15.0166360667952,13.8746063788977,12.134780032651,12.1969851170066,9.25208737568521,11.7535570204414,8.1684135914925,10.5367002788741,11.6842950629074,13.8216073395634,8.425836322248,7.84543667815077,9.53770100084881,13.2306991963246,11.3141846725534,14.6293093861584,16.1432822844347,5.23988069339371,10.1226698631911,3.26673527889428,1.67130951082721,3.15333168351916,3.47389966309881,0.0,1.50518207001291,2.66408988317713,1.947227001577,3.72069086946772,3.13126237008681,4.0828286387538,3.51340401251584,4.67768511893516,9.43894678587084,4.46891826651971,4.15724574575758,6.8397234439091,3.6818296271922,11.2044013684405,12.671726566631,5.21853365894657,8.65997300519206,7.4886633307815,10.0003287307313,12.0449075130046,14.0072354860919,7.62514036103066,7.78547118569314,8.75581286053672,14.2529849907996,2.28006518898419,4.42108160641005,5.43969438355969,7.91205471560741,6.8661766225496,9.87768800443366,3.86836683182996,5.45661406170265,5.12523530495921,4.64423316800376,4.31301121185342,5.32041506393857,6.66306142050636,5.8530652739426,3.99515989911834,7.32983846692201,7.38509621927061,7.23028497731972,8.15628707507676,7.9494935293635,7.65162978938428,1.89340869297419,6.9404930996812,1.88159958397934,5.73951282901313,16.4496510180828,14.2606447901498,10.554435533857,13.0254245305528,8.4961409323612,7.51908731495096,6.74224897937696,15.3714433117386,15.1171439177333,11.4837690801605,20.3226546690045,19.2265613342428,18.6525020342988,18.9815671277315,17.7214446808649,15.9523626099519,17.0335454429871,14.6313689153206,16.219650452503,23.5920940501366,16.6091265732602,15.7323987322827,13.951504283085,14.8293701511971,15.2226340742754,14.5837987257999,14.750595989697,15.2223968703257,15.2456549547193,14.0112254183424,16.147211871702,14.7449607201103,14.3483423881163,16.068407641436,16.3819899786469,15.796187709196,19.0106818915279,19.7788450662741,19.0666505967565,19.0525349456208,21.7849632228669,19.5395870865564,20.5677448212166,21.336154382219,20.2954554156173,20.3848576920996,17.7784137405783,20.405309853971,19.0520088445043,18.9727869632484,16.8987711511361,21.0015724687559,21.5708219563654,20.2522809561594,19.2721757011935,20.8568887682857,17.3177726320782,18.0400130733718,19.2485753759304,19.9670386471526,22.6978738716081,23.0669462973683,23.2742016538496,21.4074751184896,22.345998947689,22.6672590701377,22.4434537305709,21.4568176204353,22.2962170409974,22.6127395737792,22.5755830208891,21.6788514032461,19.5692637283655,17.3658915345207,22.9066667395681,20.1114007794083,20.5477236184102,19.8167864900156,20.8390528719288,19.8383464542109,22.4558997586541,17.2986318337316,19.6335909788875,22.2343105124495,18.3934121018367,18.319941158336,20.7189853500513,20.6514586168046,21.4636325736712,16.0053341957613,21.9472275734432,20.9546581827091,20.3325578650127,17.8839520788845,21.5876900084845,18.5102438969581,20.0226421202668,20.8413060809654,19.767786459958,21.5117385354384,20.7502715887577,21.4526794501073,20.4970716993993,21.6505584183998,22.1890797352745,22.8189440402437,20.9619352172836,21.1531001595475,17.3453374968466,19.4923296212008,19.6485269291342,21.5486727934226,20.4248220880311,21.0246302662629,21.3328017074147,21.4001396261063,21.2873114533291,22.6215941026833,20.9450728963259,22.2675162780868,23.5269131705716,23.1420410051246,19.8994276512348,18.1329190665947,19.5046293984587
55,5.93693270309538,16.5696995101119,14.2076754291678,10.7914909357164,10.9703551756213,12.7179656616684,14.3455719649978,13.6823422789134,15.3969804408972,11.6864121234646,14.0984211935639,12.0454577087506,11.8757915581428,12.3950809506227,12.7606911867477,12.7973527238781,12.9398481653633,13.210723210529,13.1294316769767,13.0636898152633,9.22209268420119,10.1868503292142,10.8493321335757,13.5497559078577,15.0470166227796,15.0796430610013,9.57917910823287,9.12619082261876,8.43033020610486,7.89067077788596,10.3178686130596,15.0075419567446,13.8938177825806,12.3417160328543,12.4412906021736,9.65457064652152,11.0425598329224,7.70266063603085,10.0128990344624,11.3259799196062,13.3468271841372,8.31533546321829,8.04109834932903,9.23623886417421,13.0768272213335,11.2594041133304,14.4103290278318,16.1578395621528,6.03762523631583,8.98009250127132,1.8611039187126,2.38215470115107,1.78217852362337,2.28255045172677,1.50518207001291,0.0,2.15987341882913,2.29214400443706,4.96650037021948,3.63180747831809,5.10965761560637,4.32388156207958,5.25169759496787,10.7385950433344,4.26822383150477,4.40279415872425,7.39116951624667,4.69053630231998,10.0848395562258,11.6310744188721,4.03228244402831,9.24752617185201,8.07257531442274,8.8462287508651,11.0351968813924,13.0367697021789,6.42445015383889,6.56667276533361,7.53288815310904,13.5626045666289,2.92322753169684,5.50254647838351,6.67701304315865,8.99204874213531,7.26443124477257,9.41146543819276,3.28291500259291,4.3745238948109,4.3064222066074,4.71445813769507,3.94453211844502,6.56286279966119,8.12176830319167,7.22777398375875,5.03081867956836,7.6300280309618,8.68358256757515,7.96170712561937,8.92130813401384,9.07783853324081,8.36459025358153,3.37675626509801,8.11213816076073,2.67953756386109,4.49320388766,15.9869933237348,13.6857472634105,10.1527362779479,11.9861969581312,8.21623912875842,6.75937352350851,5.75937620463174,14.4681563212831,14.200120852943,10.4126189898829,20.2368616868417,19.4909649334059,18.9667111733017,19.3274605978621,18.093697011937,16.372462111287,17.4319481738495,15.1265618712492,16.668179835082,23.3039199869125,16.056536308148,15.4455259294733,13.5177328010364,14.289831328958,14.6980547014565,14.6174385862121,14.6273965793139,15.0075449699334,14.8491535010252,14.4258096522654,15.9362208637589,14.4649992817704,14.028239233063,15.3933351237513,16.5467187900011,16.1292200677088,19.8371168887555,20.5791509052663,18.8847224280402,18.8589921397965,22.0522118583089,19.6333679344321,20.7179544412534,21.6224124020038,20.6009171739269,20.7615406397917,17.4437497537774,20.4389259818293,18.9372302354951,18.902603137146,16.5803952580511,21.1739056706199,21.867247946346,20.3156603449149,19.2957358335374,21.0159775206398,17.1899853942283,18.0921791729325,19.6833362677342,19.6001606369099,22.8187226484965,23.3960641989235,23.4124104816881,21.5291243356312,22.6729223382019,22.8960373328901,22.6559793801514,21.7485826147687,22.7892984720884,22.9494806728449,23.0299173229462,22.0731564306381,19.9314732408319,18.2488668298846,23.1369008583175,20.398281131223,20.9500584747504,20.2611879350087,20.4435525315379,19.3348823092033,22.4699500235775,17.7541829933783,20.063161703373,21.9661081961688,17.8789170501703,17.6808199070786,20.5397299130873,20.4579058030833,21.2172990600926,15.4293136145679,22.2819257617785,21.4386928735218,20.9074268314038,18.562110949271,21.9474897374372,18.4272177709262,20.1566166058868,20.8409916403746,19.8023131535475,21.7757938915495,20.9213602194047,22.0256936429634,21.2317856874271,22.30264154583,22.6563716323408,23.1635369901434,21.6690314281334,21.6298915458832,17.8884282587589,20.1492670658125,20.1310999550712,21.9988827217256,21.0578429862488,21.3700788999392,21.2876211593851,21.1582193636713,21.0470332647897,22.6604150122396,20.4837660012847,22.407770022722,23.565838421564,23.1448378943024,19.304954824628,17.4388224225044,19.0609558465135
56,4.84530377539189,14.6816730008336,12.3801645388947,8.98970648619307,9.31943371798218,11.2478663783234,12.6835258132748,12.3272654952642,13.8135572517449,13.2033446891367,14.892799068248,12.9823367819148,11.7529584326447,12.3457071053466,12.0740573656461,11.4239745320313,11.6012943347892,11.8789625538831,12.0526002173318,11.7818811506276,9.60559811578855,10.1049613958912,10.9856866246297,13.5529049129669,13.363678542468,13.4916159038545,9.88026925795373,9.54216443774834,7.26927981775704,6.89540480753345,8.24326746122024,13.0772862281257,11.8823115046882,10.3235799722795,10.5111478988002,7.7879657571818,9.92364078785996,5.86144210686441,8.39370661207105,9.56650935931951,11.9430167660349,6.26055270790964,5.99814841369869,7.30915183628114,11.1887066756511,9.22376404853002,12.7308597669402,14.347760023166,4.92630596778743,9.29656011004905,2.14668271134452,2.12862004833173,3.44246672065899,2.87450797572209,2.66408988317713,2.15987341882913,0.0,1.56345310268233,4.43922836875632,2.20367572689898,4.1531171790786,3.11869062426478,3.98012497660183,11.002835268219,6.40746370064103,2.88974422547812,5.67021484225473,4.14448013086293,10.9091683598453,12.3387171364621,5.53400270706054,7.88059550412494,6.44946349515251,9.99620975580866,11.0258038217702,13.3687719859448,6.09182469100342,6.83214591500987,8.31821342368184,14.0845560731519,4.74226532137732,4.59295448167895,6.04800697451053,8.21790176871705,5.35145957786983,10.8011175446305,2.94447950455298,3.70602593936526,3.74431035064038,2.70471319857509,2.17436926552381,5.83651746901621,8.17577471802414,8.28170807945814,6.64430274943904,9.69671762227376,9.81582130141346,9.73877936782975,10.1609910180927,10.3207759182025,9.96330711688618,4.01787021731984,7.20002818838571,2.29655776322601,5.14633051845744,17.6381937211157,15.302796607151,12.1135832462547,12.9605044323431,10.2472816505724,8.6890493862872,7.51328275005454,15.4082564534825,14.6582772210635,10.9573555270287,19.7200001196426,17.8448965826074,17.5400484039415,18.2127993112604,16.9964100580922,15.1722424377033,16.0257636472789,13.8766538681192,15.1852527068045,23.900636145495,16.7221475168256,16.1154269963935,13.371004770954,14.2066020330563,14.0510747354292,13.3495376334309,13.4009320028792,13.7887769079319,13.8560552631099,13.2289672654321,16.1009625289271,14.3484109606645,14.0643644519011,15.3341405414749,14.9846060680443,14.6241814322986,19.8021425948713,20.5453224248166,18.2035206616892,18.271293307401,20.9399751391414,18.0942355860857,19.274425263658,20.3407706756257,19.336377506432,19.7605519518771,16.6230754657411,19.5914841311498,17.95293988668,17.743450705263,15.3974850458678,20.2252467969529,20.9744217987499,19.30392096187,17.9386703145655,19.8011828768439,15.7413512296588,16.4445776203739,19.1457765095763,19.5484910629622,22.5574948326022,23.0907231229091,23.3174087827354,21.3388739874472,22.5076955283803,22.7276958660178,22.2575324301594,21.4097170400625,22.421195874586,22.4801908363447,22.5645184574065,21.5882775372774,19.4335611068782,18.245904878954,23.3569131644182,19.887216994138,20.1788637069684,19.8959287949693,20.6698748334975,19.6114278973778,22.5214460903211,16.9148016906877,19.2615005816188,22.2280620525701,17.7337558435298,17.8369436824143,20.2057710295762,20.3123226620254,21.2705012116515,15.8516143779348,22.3341810544743,20.9618644970056,20.4909937274841,18.02233676102,21.1580262016247,19.0048698399167,19.8464272108413,20.4561392997424,19.4478552771027,21.1617182993005,20.4025250934218,21.565516951259,21.0230661629976,22.4102212163012,22.8113597401603,23.6698648061571,21.9285906245032,22.1090455579993,18.3420838706812,20.5459003670518,20.6426132247622,21.8349434936935,20.4848017810024,21.0458264096003,21.1674403859769,22.3198637898278,21.9893134780663,23.3854039210784,20.9105938049754,22.9835089579486,23.9316823571173,23.3762993124037,19.9178014395162,17.7449133342602,19.1991542145143
57,5.46799868544709,14.4596373490648,12.05576202523,8.61395741661403,8.78172699893596,10.5548808460229,12.1525525813523,11.5351520715476,13.2010064873791,13.3740929357526,14.6529718938527,12.5051933242158,11.4721796816682,12.1978841749321,12.0718626006303,11.0412981355241,11.3619309488635,11.7462133169852,12.0189865738503,11.0043995735865,9.28389500922514,9.79109122628332,10.6169929571048,13.5623769622374,13.025657525945,12.9575839171177,8.35243957484824,8.0399722546795,7.68683789840276,7.31427079780331,8.3445852126516,13.0768693121418,11.9463301612567,10.2740956018029,10.3216334109264,7.45680805003254,10.1993892423045,6.31079628169478,8.72231635920211,9.78647364943957,12.065881563156,6.5075672699707,6.03660749730299,7.61540970693852,11.2864877090105,9.38394199873701,12.7342562673591,14.2217774559513,3.78969833393721,9.68519630646361,3.06774695900043,1.79384359771937,3.95655586477153,3.23360136744033,1.947227001577,2.29214400443706,1.56345310268233,0.0,3.42649853566841,1.97229423562811,3.39083765878464,2.25329791435186,2.98892360842056,9.44504233910044,6.06182116019269,2.24673778126985,5.14835062128672,2.68351865623053,11.2106271506663,12.5434381528761,5.86334368166492,7.02192355716178,5.79386482637484,10.3482170289565,11.3003297417022,13.5256569974833,6.77502711550307,7.34154171605429,8.75569443424861,13.8799706336075,3.91400683426141,3.44960907515757,4.73710163020178,6.91011316520843,5.16285029879388,10.3550419304924,2.77861240499971,4.40247667976405,3.97142163081199,2.80906414492054,2.50380864540836,4.70455654182141,6.74699218152349,6.96874117412622,5.60168549817695,8.99570655422529,8.44113776548803,8.6657138176671,8.82879935950819,8.92232235927257,8.77516499671676,2.73077953948306,6.05541694817142,0.761861192138926,5.59758110735856,17.2580522820463,15.0274392571659,11.787888322785,13.1590211049415,9.84850859751212,8.7274721583257,7.71765335451378,15.4370045474515,14.7315452519435,11.2139970762884,19.1000488516051,17.4069475582286,16.9326339519051,17.4339990043136,16.1880995969331,14.3701696565803,15.3453785222349,13.0446206759621,14.515500983874,23.2837393280839,16.3598124773673,15.4855369470351,12.9934705106829,13.9299487230344,13.9076498719247,12.8777996045034,13.0569505838672,13.5332739579275,13.6957478164765,12.421151519513,15.4501031105405,13.8098006806647,13.536158677579,15.2051161629497,14.5623822354811,14.0409929359231,18.4185394426448,19.1759158627512,17.719254855731,17.770286117038,20.2243225512214,17.7222150751903,18.8043689735409,19.6852645713159,18.6566588343466,18.9170972767445,16.335162986147,18.965471432786,17.5083472314903,17.3272863692182,15.2349754771931,19.5191521112907,20.1522498628746,18.7110884515296,17.5290349981163,19.2129049034033,15.5159350397228,16.1721325801866,18.1079808237192,19.0907863959934,21.6990995831427,22.0789745851998,22.4119407885268,20.4632306482725,21.4672491637624,21.7632101889303,21.3561136001445,20.4312684418771,21.3064334411988,21.5014073062181,21.500541839841,20.570025401525,18.4379048163368,16.8274989214889,22.3286464198095,18.9524626170982,19.236039524431,18.8094221583553,20.1953021224164,19.2398588847211,21.6935426438003,15.9494593570327,18.3075642788068,21.6249727715458,17.4470025517007,17.628742448702,19.6266655943841,19.7051369009172,20.677246549882,15.5346047636437,21.2494471766933,19.8777270565963,19.3309772703168,16.8264956927552,20.2537599790402,18.1974023373561,18.9841577532822,19.726667724587,18.6792096514254,20.2753664288744,19.5622231010695,20.419785822075,19.7219112249624,21.1044982706267,21.6180791469881,22.5279695163878,20.5718581038801,20.876171513599,17.0647623419164,19.2046416403778,19.402932943839,20.7045235695166,19.33070284952,20.0231263756123,20.4204752270672,21.6539452815734,21.3144658618024,22.4694271891418,20.4780429954288,21.9920285973672,23.0415590144319,22.5323771548886,19.6078211142443,17.575565838552,18.7856816559251
58,8.57606919071652,14.4457674381271,12.0121695836,8.6592153095081,8.861906894468,10.5640542912215,11.9912640872945,11.44275123735,12.9622378852687,16.2592736450273,17.5128364541747,15.0949543634033,14.1652848752643,15.0619040634253,14.749228790501,12.3149589976694,12.9868430753475,13.5576163892157,14.3025826005519,11.2696495053288,12.1443726330178,12.5162800981084,13.3219839904658,16.5830056106369,13.5344497615611,13.0900708559992,6.46434992177301,6.06813049959245,10.5222045829378,10.2985885921751,8.51776372834662,13.6705111381726,12.3723906345268,10.1998153142422,10.321626055206,7.16818358794016,12.8536894831076,8.38190688640853,10.8760978307289,11.4774981311532,14.1433380016639,7.57789946777792,6.21162886233283,9.172948758053,12.3470729252332,10.0877228689578,14.1027167819332,14.8866041333552,3.54984863241559,13.0546883542077,6.26332365194554,2.8287048878806,6.73008745110486,6.58479990248357,3.72069086946772,4.96650037021948,4.43922836875632,3.42649853566841,0.0,2.57292988380837,1.02349838553032,1.90182311341383,3.69897403321419,7.94743954755398,7.86451412467026,4.04110142912781,4.69411228998013,2.68064884329513,14.4936200566185,15.79565365614,8.86770814297103,6.8938464599773,5.36676990759987,13.5330463506004,14.5553837247134,16.7413799791793,10.1563112862714,10.7544811007171,12.0895045209022,16.7856357881574,5.26322264393165,1.65013051228086,2.56460031459507,5.49115405674172,4.88687944175541,12.8905560307843,6.06223131110117,7.7521751810588,7.2643381593403,4.22827970210984,5.23950327671578,1.84319144454923,4.2775321921617,5.57629171488868,5.64888913595181,9.91800547714111,7.2120851419568,8.98111605175084,9.29102942903356,8.31213197891537,9.2636106914631,2.66023218624559,3.67560810150985,2.9026928664571,8.96278749211551,19.5754933813863,17.5211257479427,13.8597422611351,16.3502313368915,11.7469750218544,11.1594174485783,10.4470193435121,18.5182386738575,17.8853734614857,14.5150967828162,20.76182801562,17.5571110592287,17.1835912633621,17.8477780124393,16.5725212210564,14.5922370285147,15.4209343344144,13.0493274563849,14.3876800644446,25.4963325262752,19.0510267563636,17.7899773822709,15.4995145869168,16.5848620090065,16.3922376446327,14.047755802191,14.5804924153431,15.225439460955,15.8347747879214,12.7198933469069,17.5918338718103,16.0543762135654,15.8829790591903,18.0312508928527,15.1233418577061,14.231412657018,18.1175567775743,18.9363594308621,19.5243574195839,19.6341953481449,20.7875085452505,18.4030730541915,19.4168108077768,20.0845130302562,19.037661090988,19.3052281699815,18.3851033545851,20.2376565380848,19.0408203325169,18.6696204046822,17.0918708962973,20.4206738336084,20.7862091489804,19.8326280336648,18.5279765400433,19.9773666275367,16.8143175955286,16.8788103081918,18.6298426285316,21.3993813315812,22.9920532517844,22.8902608964803,23.7103387649265,21.794817156312,22.341680689843,22.8526863470057,22.4055337127973,21.339000752196,21.7097033680592,22.2361590700974,21.954069812844,21.1742702841093,19.1484306796754,16.4057775571293,23.5086157948524,19.8246186044218,19.6959563919108,19.372979208727,22.5851389522092,21.8156762314486,23.2931590377233,16.2967555476446,18.697195815899,23.7897926095967,19.994249962362,20.4061013132755,21.5226048593073,21.6802093151219,22.779679755128,18.2687896009286,22.1743603990302,20.2756430763362,19.5339941820999,16.7323949624158,20.7923537898067,20.1055343050491,20.2738590175478,21.2566267832709,20.1662998871177,21.1313267858714,20.6814799093171,20.5901803265865,19.5849423382504,21.2806247942933,22.2568850899734,23.5020031583596,20.6544955242287,21.5681149440343,17.6668843122464,19.4707747297779,20.110310566722,21.3011782100276,19.299487599685,20.8190422582224,22.1114257822021,23.7673442612745,23.4559128014454,24.0971292374429,22.9892617025104,23.415379072797,24.6331647739623,24.1801216277905,22.3287297983208,20.4416671406804,21.2567334533586
59,6.42538006462339,13.866811849751,11.5137800118398,8.08446520793116,8.47196180073584,10.4479763145504,11.776988286322,11.5144658365411,12.8948709483276,15.1575720811591,16.5493577875573,14.4426006860471,13.0336401807055,13.7900373107703,13.265402127133,11.4511203795857,11.8868173783806,12.309524828198,12.8779886465595,11.1840669303035,11.0907788575101,11.3932486138621,12.3133350737158,15.1548495501637,12.8777988723626,12.7873097889554,8.66308592518901,8.33331726383435,8.5418951884567,8.31851933388283,7.37832706700437,12.6242615452434,11.2952577116418,9.37451777231257,9.61622142444137,6.61366746846099,11.0474416156125,6.3814924402544,9.04257564633644,9.84974444462469,12.5821178662684,5.93462247993272,4.98245171379642,7.4266844944129,11.0256400293162,8.75818862728231,12.8233333185136,13.96684521087,3.74061549188506,11.3027165861476,4.30703436745976,1.71324590630429,5.27388114309965,4.89345189166267,3.13126237008681,3.63180747831809,2.20367572689898,1.97229423562811,2.57292988380837,0.0,2.02646430902934,1.28754769173676,3.13716261705413,9.93492039200328,7.56880779917431,2.61584701326885,4.25294828520468,3.17822748741923,12.9599749584313,14.3178394693023,7.50170223127497,6.91220569949732,5.15332977535312,12.0743700399723,12.8412094386333,15.218061835573,8.07017967371213,8.89995861158195,10.4266207018234,15.700896254103,5.33789991003412,2.80266601557986,4.36752223330722,6.80571866699879,3.96510361098289,12.3236564667802,4.47530677191308,5.63497737889991,5.43202016812018,2.16521826564293,3.10408200565582,3.89033389006865,6.66776281466106,7.51846500852654,6.64027037185401,10.407837274302,9.15023768063587,10.0005310278384,10.3162465398064,9.96224859846288,10.2484265774686,3.47463862857287,5.32251379737786,2.10459463485593,7.24202162833613,19.1924998542797,16.9548355993411,13.56172534779,14.969989400553,11.5605977673967,10.3690937613418,9.35987292895361,17.3067512112021,16.4832435877339,12.9372221355884,20.2512519822448,17.195746357206,16.9849639614214,17.8215103415339,16.5802681717585,14.6185095045578,15.3538213368198,13.1678399914989,14.369015782634,25.0829219474405,18.2251879618081,17.3297198126942,14.5189703575549,15.4915106911309,15.1075383092827,13.3548159378689,13.655765310223,14.1701490684594,14.5971977417584,12.6948432383245,17.0771052169413,15.3183455246443,15.137296399931,16.7707125414304,14.5719026739928,13.9859692881358,19.275108139661,20.055543878428,18.7898295947698,18.9158803388306,20.659672449711,17.7943010543447,18.9546721483679,19.9241792455909,18.9047567601722,19.3888506673177,17.3469945436462,19.8006228113829,18.2982711280324,17.9305510605296,15.9211259081418,20.1823464304158,20.7819682712359,19.3827805001729,17.8695064156892,19.6193239100043,15.8405439875336,16.1318104783103,18.9530029514397,20.620287948884,22.9214662356412,23.1492886065462,23.727492393486,21.736943495526,22.635315957863,22.9872049420908,22.4361122233421,21.5101338324991,22.2183010214005,22.4508997062743,22.3684523114271,21.4720938931347,19.3648408736116,17.6550234736917,23.7715121670466,19.9167871808633,19.9026523193338,19.7739345360179,21.8678787803463,20.9505130457583,23.1541567997907,16.531525815805,18.9305059411716,23.2851628939061,18.9506022168774,19.2929023869532,20.9350729981632,21.1360567091986,22.230926770875,17.320440468503,22.5454172686366,20.7218337205035,20.1497364912914,17.4661362363694,20.9309718493179,19.9488829880643,20.1811752167772,20.9326936792162,19.8965181295149,21.166329258521,20.5869901485538,21.200487757971,20.5453058298946,22.1985403373608,22.8810529464692,24.0367635612203,21.7036497554277,22.2937374472778,18.4446104933198,20.4553052592338,20.8371976460186,21.7932273665692,19.9710177732394,21.07965615141,21.8120295928194,23.5890572919202,23.2094657103977,24.214520812916,22.2451626629933,23.6407941038494,24.6443984451932,24.0882995688534,21.4498987372961,19.3038461521028,20.4274837740567
60,8.17457808627135,13.7615210901888,11.3677075691485,8.01323203845097,8.33340687455535,10.1723916229714,11.4740815165636,11.1340054874312,12.5071795119795,16.5957913634748,17.7670706705009,15.4552508877916,14.1583088408926,15.041702540735,14.4996117758989,11.9067646093496,12.5627730197246,13.1131782041207,13.9300108717623,10.9894895768062,12.2880778564251,12.5296168355366,13.4136521703176,16.5370387597546,12.9769062123822,12.6167519890138,7.27449149345073,6.9441358672818,10.0764782622026,9.91094082894231,7.63328744553187,12.9274764108167,11.5685227954692,9.38042409967212,9.58358033616084,6.43231077898925,12.4156322944073,7.69782685510182,10.2594205595944,10.8021805980799,13.6187179270338,6.7519491243554,5.31512701869701,8.42450250431651,11.6154994795588,9.25875082095325,13.484539687488,14.2289985828599,3.37505371298254,13.0066929367743,6.16055765040702,2.85821648175221,6.85979179119791,6.5941111097504,4.0828286387538,5.10965761560637,4.1531171790786,3.39083765878464,1.02349838553032,2.02646430902934,0.0,1.4254629488392,3.4101793278266,8.68238469654366,8.44025712381237,3.65394703456987,3.98482091512762,2.93991326335183,14.5968668359054,15.8962469700997,9.06657689698348,6.56281903527941,4.79074631695358,13.7023277058821,14.4445297389044,16.7520648217482,9.91153777646639,10.6738819146305,12.1426864291797,16.9484606933218,5.91046321468969,1.59437229082222,2.89886446210794,5.63280831903317,4.00208465024008,13.3532878003383,5.99909048339624,7.48165763898228,7.08391901342544,3.51797513204716,4.78912382607076,2.06596763358545,5.06804985681499,6.59905544728683,6.54179709662223,10.7333343661035,8.22575712240371,9.90400209589327,10.1232966995196,9.28736102995669,10.1553908496097,3.41297417019449,3.68902212630407,3.04078404169105,8.9746967710422,20.1480985095469,18.0340841495635,14.4754471517304,16.5265795994197,12.3893614595832,11.5995490769896,10.7721063230129,18.7391585705847,17.9545229702252,14.5569042115552,20.7263711899639,17.0462326468402,16.8095138450011,17.6476042743995,16.3867177299586,14.3613192670614,15.0719477073364,12.8034584455214,13.9995262305092,25.8271939598068,19.3090755966703,18.1333225727596,15.5118266320196,16.5888654039079,16.1843117016919,13.701258702644,14.2199213883997,14.8464971155428,15.5148967315659,12.4880977174586,17.7855651752455,16.1229682253809,15.9955805050935,18.0023113594093,14.6421728400855,13.8113940940361,18.5401168375968,19.3515019351039,19.3926850420746,19.5391119926578,20.5711229232004,17.9230142556791,19.0015749199082,19.785400005936,18.7512758059089,19.1695848682174,18.1525182388506,20.0896909031911,18.7921490971955,18.3495619602897,16.7013159567539,20.2609789741484,20.6838664227372,19.6158567479246,18.1307527009333,19.6840641610807,16.3364904966209,16.3280204611535,18.7272484940936,21.4674402348529,23.1216655930815,23.0599395085154,23.9127180389329,21.9536267037949,22.5694306783632,23.0512991380949,22.5033808278659,21.4841926040384,21.8970410766944,22.3373101805853,22.0882655230494,21.2840748110834,19.2441849226517,16.8596011148322,23.8617141626644,19.8942939522095,19.6774842514239,19.5489035268846,22.7478081879168,21.961594155385,23.5165839837626,16.2588138986344,18.6710648851098,24.0062178582281,19.9819684383222,20.4653366183706,21.5359320946122,21.7643856056658,22.9246957155596,18.4382929503251,22.4924404419709,20.4128774494945,19.7221952402093,16.8919632269602,20.7546241970452,20.4885240631918,20.3868366386458,21.3005195629238,20.2327334162159,21.1491674105875,20.7162940326286,20.7579638648285,19.9068285528349,21.7118925361589,22.6541783908547,23.996974126174,21.1623671003406,22.0921283068812,18.1999725211996,20.0174847918189,20.6473276401448,21.5641259468694,19.4312080786151,20.9853240467245,22.2496867954959,24.295875633976,23.9152929035076,24.5754773602814,23.2025050883476,23.8725204652438,24.9837261552131,24.4692521803912,22.5608408660664,20.5355950520916,21.3715528563495
61,6.80114835722191,13.2477534201537,10.8284758889056,7.38967029204037,7.65928180485815,9.5226943540784,10.9394627084691,10.5229948106934,11.9971801072856,15.6055772083328,16.5087022703936,14.2815998986992,12.7903475104653,13.6541452562436,13.1044050932209,10.831481972539,11.3950072444155,11.9042114833807,12.6077442012617,10.2336344955355,10.9697583584523,11.1641875222284,12.0765474669629,15.1347192120474,12.2015797523976,11.9595547048296,7.58536335933739,7.33291087703289,8.69100934376335,8.50732656644716,7.10459156001374,12.198915362067,10.9285333657783,8.93112630330113,9.05139515526059,5.9653223869492,11.0435744071438,6.49058530960997,9.01507638879258,9.68474768225407,12.3704458733712,5.84208444572968,4.73360151677793,7.35893538510671,10.710239730182,8.5090571808016,12.4475602845017,13.4423476712016,2.57305744054312,11.6699822508012,5.13381787713172,2.46202920746369,6.05945617317774,5.44472993453345,3.51340401251584,4.32388156207958,3.11869062426478,2.25329791435186,1.90182311341383,1.28754769173676,1.4254629488392,0.0,2.22548159738704,8.79387501939181,7.92111917010341,2.25070896745163,3.47680562835979,2.12628996108428,13.3537792787806,14.605276284436,8.10666525717299,5.89312453894908,4.25173496423226,12.5820831962311,13.0419871349055,15.3808835712767,8.57067101373432,9.37318073457342,10.9304315226498,15.6309205729508,5.45313306549037,1.55543110435607,3.1305846443822,5.52257825712554,3.54497074164085,12.3213352372741,4.65651653630745,6.15585463981786,5.70175021754284,2.35648278862816,3.43063950470965,2.79661528616505,5.62378833043585,6.95755049682257,6.49717728470969,10.4683072184431,8.49975914010117,9.73185649547017,9.68068559935845,9.29369257494964,9.82925674438691,3.20435613048099,4.11937307448992,2.00559312631927,7.77457184483358,19.24544857495,17.0884292412212,13.7814381513453,15.3079402229984,11.77170398121,10.8612244826721,9.92457774694901,17.4960904608105,16.6012235874774,13.2392793378468,19.5704347725065,16.4188173443008,16.1110926407715,16.8733535291821,15.6172995049555,13.6441037646228,14.4286921588612,12.1609051167428,13.4386352334532,24.652549429806,18.0481264827852,16.9578032829944,14.1741399725935,15.228570936524,14.8218888619252,12.6627606212353,13.0812049905166,13.6669089389825,14.2224947609261,11.7294850346735,16.5659237058143,14.8445829714036,14.7116540834327,16.6151649271729,13.838436822555,13.1282952185241,18.1051778292604,18.8936483551491,18.1888398777629,18.3230710701626,19.7537919238749,17.0923610773458,18.1856210202892,19.032021740831,17.9997447427037,18.407955875456,16.8834802816442,19.0365027928818,17.660122137011,17.2767691777583,15.4878411354019,19.3253407232495,19.8398240282935,18.6085539357738,17.1755128480151,18.7997288114364,15.2941769794757,15.5000560544468,17.9312041214416,20.1800994612126,22.096797574267,22.1890511697698,22.9030213077364,20.9222214983677,21.6899577802528,22.1003831050614,21.5446096336677,20.5756405317345,21.1628054999655,21.4788141757426,21.3286310678792,20.4680575400367,18.3861906016829,16.4744453186007,22.9296035373962,18.981918011323,18.8944659211724,18.7532485097603,21.4738798251588,20.6545352933566,22.4310629161033,15.5030465893296,17.9095046072046,22.7912632933522,18.634526098694,19.1062773834543,20.3278560212161,20.5511189276725,21.6992947448178,17.1273677364633,21.6212884100359,19.669306604857,19.0534542547586,16.3191679340504,19.9459048918195,19.3950928111752,19.3556731933895,20.1916309644743,19.1375669631486,20.2387933058041,19.7240334895656,20.1001676959032,19.3883504078766,21.1156142656292,21.8961760376676,23.1794959654714,20.6242278021284,21.3673190520067,17.5011436836132,19.4321223567618,19.9226249796014,20.7797981737259,18.8392244818778,20.1151082524987,21.1177315730497,23.2725198008224,22.8308688378487,23.5888821612206,21.9304606561245,22.9206306128528,23.9443509231147,23.3931678786268,21.2795538033173,19.182174651271,20.0689051075899
62,5.89117470635734,11.779159978001,9.30900370915765,5.88478215110091,5.92361501311067,7.63983258429373,9.26080288471287,8.61335872343762,10.270327605065,15.4192658685225,15.2687535493629,13.0900521277192,11.0109271461714,11.9804708044967,11.2515921588377,8.71525527959358,9.31311673344048,9.87085713386774,10.6362440158906,8.18602190893008,9.58021520408486,9.45515339587612,10.4279030886409,13.5679978686019,10.3539589645392,10.110777156834,7.52141923247027,7.50814756810564,7.29612842182661,7.18705996461224,6.29109983043935,10.6920304953562,9.64061738278535,7.89225021871033,7.7452001319736,4.88356710314947,9.37801824932168,5.31399312949365,7.46590430012869,8.07490370205905,10.5129518898951,4.85464560590734,4.20396473740161,6.04900573458774,9.14454180742412,7.31909790432336,10.6148415715664,11.7260839382144,1.11635901045405,10.7961853127044,5.63854182245065,4.21528135544721,6.81810744786735,5.51175495264688,4.67768511893516,5.25169759496787,3.98012497660183,2.98892360842056,3.69897403321419,3.13716261705413,3.4101793278266,2.22548159738704,0.0,8.29411235544572,8.60231288894625,1.28330526811606,2.70140936193604,1.85517489595968,12.6881839304137,13.7071602246316,8.34156866952439,4.04489165895262,2.99973261795841,12.282379452128,11.778261126246,14.1404754135409,7.86696407929821,8.75359854930984,10.489478496691,14.2291602085116,6.21795212287468,2.3640142459047,3.3048086706201,4.48202964580336,3.31107565641883,11.6469912126258,4.04280751895544,5.66165321714408,4.89242559800601,2.45769434970395,3.01057003660357,3.68350534116184,6.03220480715848,7.7571877324897,7.38320566941328,11.0701011217577,8.99733193040596,10.119123460277,9.21780138008021,9.41475044006328,9.82520589957322,4.32685346329023,4.12648185389081,2.79652023202208,7.51899565967155,18.7319168443173,16.6249353000751,13.8644230272825,14.6031682498253,12.0109036161562,11.2255545928627,10.2212229084873,16.55400824378,15.3411650659039,12.3182294924749,17.3805653438963,14.6024464795436,14.128409788977,14.7606098156215,13.5074724314311,11.5888335865011,12.4815698486456,10.1801954022774,11.5963859091521,22.9633877163345,16.6003385093278,15.4164716889106,12.2816502949453,13.4049163098832,12.8405883670676,10.5014972128466,10.933036895487,11.5475176365838,12.1539536318173,9.65275368077523,14.6824296101597,12.8751410510746,12.8328792808971,14.8724748709776,11.8779998210669,11.2036597516464,16.4625559193893,17.2209398827857,15.9989312542228,16.1475985189206,17.6152892801692,15.1055739052675,16.1492169302333,16.9626219693855,15.9278043625058,16.2898359397124,14.749245361737,16.8114877470039,15.456283703004,15.0979838556648,13.3986428357633,17.1241665217089,17.6726505364977,16.3981752320821,15.0658333350562,16.6553066052952,13.2440995522848,13.5961760447547,15.8351696269051,18.2041862211671,19.9635202167786,20.0949693849186,20.826975110971,18.8153587937493,19.6389946981518,20.017554001803,19.391996278425,18.4609023171617,19.1332885490607,19.3509403383871,19.2576353229674,18.3621806391977,16.2626378409746,14.9170741913469,21.0152771531404,16.8281265376628,16.767221862439,16.6971789050093,19.6265644762945,18.8939079989595,20.4083209956358,13.3979169065007,15.7954687784176,20.9077654401171,16.7141037386308,17.388370128722,18.1940093319572,18.4802336993408,19.7150000275956,15.548226283277,19.6610519684396,17.6124266988739,17.0675021178037,14.3980760666155,17.8003175668526,17.7075199808671,17.2162237384969,18.0225411848954,16.9797277714228,18.0636332156375,17.5396097233814,18.1058762599932,17.5882260748574,19.3628049041866,20.0433387497527,21.471085813535,18.9973105574526,19.7121023800313,15.8957195762803,17.8526667526825,18.3024046767115,18.7849954156004,16.8782540021272,18.0239075638592,19.0313905935429,22.0512343671251,21.412070887909,21.9662736974762,20.2207498397558,21.2059724071953,22.0779880157992,21.4537395623225,19.7700627426828,17.5809515266786,18.2134691373195
63,13.2703831289984,16.1597768779945,13.8123119024186,11.4122190180481,10.7464714214884,10.851202843872,12.7466743462952,10.8041570335404,12.9864562205665,18.2434307134021,17.2990512857608,14.383796419885,14.4710100023852,15.6775148118604,16.0986848211748,13.1572467254031,14.1643527560664,14.9851646950722,15.7786970548302,10.6819921872702,12.9183601560016,13.1807222442577,13.5018701770211,17.5132598834608,14.5812200206846,13.3686024538538,1.8762139511024,2.6923604870622,14.3082595939762,14.0823769540344,13.1930992699103,16.2875969222579,15.6601500996726,13.8500692402294,13.2776750255331,10.9687343176366,15.7050832225577,13.2292636061121,14.6213412276723,14.9254891882142,16.4073029234294,12.6370853099081,11.640487678243,13.6252686109339,15.4340338000145,14.2055794607975,16.2241424020791,16.6169872175276,7.42917578884579,16.0054945699342,12.0695546070952,9.89213358151456,12.1454280122589,11.5113129322269,9.43894678587084,10.7385950433344,11.002835268219,9.44504233910044,7.94743954755398,9.93492039200328,8.68238469654366,8.79387501939181,8.29411235544572,0.0,11.0889615907673,9.35586667858123,9.46781066181071,7.03190664504173,16.9660221390148,17.6613961026465,13.0471372658869,8.4290485178138,9.08346107143093,16.4675767950759,16.8297871433303,18.2191591724901,14.50474335795,14.5496736282139,15.4703468643437,16.8187494539563,8.96240442601216,7.4742875704562,6.02454286285894,5.21432291621651,10.5471007207494,13.1090656982863,10.4669666616414,12.7147488767771,11.6041257804394,10.5831555007527,10.9203241518477,6.93275216501575,4.08220193303829,5.69503051714476,7.87709070082084,10.7990033276031,5.09709648710946,8.27763856429193,6.16653097626486,5.12351774102843,7.48420907202183,7.68310227238641,6.4599075985296,8.71628094433366,13.1541166040384,18.7398655758737,17.4724365283808,14.6635479578949,18.1700619672583,12.9568756513984,14.0677127977092,13.9485710119867,19.3177927385406,18.8682342794898,16.769495744684,18.3298768981538,17.4180802896336,16.0468969404243,15.4327188328712,14.2120179140709,12.7867411626169,14.2664494612567,11.5620069412712,13.6343710589413,22.4149688171917,18.0007691329153,15.6758713765408,15.0624209289293,16.3451074360101,16.8577597460371,13.9615677179524,14.8729805646334,15.7335698491227,16.4739525905236,11.3945109722629,15.3807848065325,14.7463545339903,14.6525473298637,18.157412203555,15.3176022020844,13.8945511701418,11.357748832937,12.2080692335828,17.9845382955031,17.9612161119723,18.2757319915615,18.2121341809308,18.5547651116605,18.1269972223241,17.084310090695,16.2471887617681,17.9681368263555,18.0083962411819,17.9150456635755,17.8496157749891,17.6107407291235,17.84958610584,17.5537822587758,17.9283734737169,17.9383770352499,18.2564375566129,17.3448405818955,17.4654398555528,14.2656117792055,19.5570730516034,18.9876499039031,18.0835146225462,19.3367544909529,17.802206043533,17.3716962158297,18.2586591358255,18.2829754572059,16.8826407904226,16.4640415664436,17.7484193152429,17.0256466527661,16.5848178012275,14.9341750315552,9.53060557569332,18.4183218705195,15.8685400154355,15.8747818196767,14.5361908234312,20.4939959679317,20.3064147627152,19.3449065347311,12.9304861732683,14.9720734772702,20.9322260933457,19.1472958850513,19.8272834053357,19.1351018655972,19.0880114226065,20.0963890405036,17.5301932027236,16.9082194046245,15.406346088055,14.2664842455654,11.6837486523979,17.0583367451633,16.6480258293847,16.575916863253,18.1608532040077,16.998211739818,17.33377230509,17.131267715619,15.3265963420638,13.3302559648553,14.7434490094024,16.3226422489117,17.7494661243577,13.8069344175451,15.4284684922504,11.6670673368974,12.8096500236329,14.0697920003375,15.9106703185613,14.2015930490725,16.164835844852,18.7493400188263,20.7351076289221,20.3404469085808,19.5922594552813,21.0559619798777,18.5378036595409,20.1963918561067,20.0391857321448,21.0669202864327,20.0297182996964,19.6242230975572
64,9.00041961623343,20.16899451931,17.7424823255859,14.3736308367585,14.3099546559873,15.7006921196341,17.6018492542644,16.4423947563525,18.4954166942274,9.16099738431011,12.8272920252411,10.5638136375181,12.5824110766705,12.9474966458845,14.4381703216448,15.5707144281006,15.6538713106578,15.9103310359594,15.428546312147,15.7068481421338,9.28005646210728,10.9878341297987,11.1613016195022,13.9536256479129,18.2853582870598,18.1700574915503,10.0924080769421,9.52650620328229,11.2512941432788,10.5425326572714,14.3504252300363,18.6839322133651,17.7399499829232,16.252553978875,16.1886654906754,13.4081974541206,13.5795005067562,11.443163539692,13.3457087551533,14.8024039366619,16.1891775800487,12.3122193347965,12.0852274168461,13.0258256055433,16.7082277821339,15.1791794057511,17.6566336976133,19.5956518116968,9.12997926008068,9.41321293603962,5.30538407751948,6.0242400768746,3.72514578844202,4.93618578105669,4.46891826651971,4.26822383150477,6.40746370064103,6.06182116019269,7.86451412467026,7.56880779917431,8.44025712381237,7.92111917010341,8.60231288894625,11.0889615907673,0.0,8.0741171347929,11.0859189884204,7.43925726252206,9.3295181473303,10.8953099145333,3.69808449914341,12.2829863154407,11.5807096255369,7.60444781633396,11.7541389527841,12.9015967323877,8.47936730353152,7.62326080770046,7.37252246962393,12.9021155159984,2.702132268936,8.58953019785772,9.19841157322104,11.2954013856963,11.2115838749275,7.13840648660514,6.18129913467202,7.327859780298,7.08062690093756,8.79853001724694,7.8509606698712,9.31321175061605,9.40594241454071,6.76586968508953,3.83041794640577,3.67282536066401,7.63162210370649,5.02144364923373,7.18652891497277,7.53179875544556,5.79183091906238,5.3336681392993,10.8374215507618,6.05095304022665,5.62540552234549,12.6967350205558,10.5840486136655,6.30686311588886,10.6581776302141,4.20098645205389,3.59174315625905,3.62949205226711,12.9567530936264,13.7056830639624,10.1596916127763,21.1960741916315,22.5895372711003,21.6698061008962,21.4473509280427,20.2187689523164,18.7451694423898,20.1445997717581,17.6442283444144,19.5494936728775,21.9983912319736,14.9097892542765,14.2736784089487,14.1226700099346,14.7410842976657,16.1700130726814,17.139884023891,17.0801465706607,17.4382549118171,16.9106059356871,16.8629591481743,15.7603120852334,14.9299315243258,14.2318666879291,15.7639612375618,19.5354391059639,19.04403233749,19.9729167226373,20.68025596249,20.202958049842,20.0034375029522,24.0970585598744,22.5146127925104,23.4040425080007,23.9977148615467,22.9662625444367,22.6363948943015,19.0849484793471,22.0142320954239,20.8127673182181,21.0989333947639,18.9046565529538,22.9236300080757,23.5030925418558,22.2017180791018,21.8450083648982,23.2681566699835,19.9568092921307,21.1999581064225,20.7195078859833,19.7091910338455,23.2092993035239,23.8683343347016,23.4628082973625,21.8167074421109,22.8897371288547,23.106643438999,23.3201121784304,22.3263202432652,23.417374581564,23.751692588817,23.8354456745325,22.933543127799,20.8758410589265,18.3994506368894,22.5732723349184,21.346671444557,22.388944940062,20.9496606801889,19.9792293633045,18.8279897792999,22.2561219843072,19.4257552567069,21.587574290111,21.3668948681397,18.2601884853882,17.5097948916338,21.1449650414366,20.7018219172922,21.0523971279799,14.8219314178264,22.0817876028229,22.3121133120554,21.6941906978027,19.6830203589255,23.390974720084,17.2899476222389,20.719538757963,21.5263316264223,20.4614628070142,22.8806633936608,21.862739331548,22.864962786898,21.6384484976471,22.0370915964198,22.2561894571125,22.0315764594393,21.1311482856905,20.6093087181337,17.0621665406446,19.3736094677206,19.0923006054973,22.2443898773129,22.1526810195046,21.9346886131687,21.4471984439524,18.7354599992708,19.0833772368063,21.0846413140986,19.6276626075609,21.1431482219194,22.6961545854509,22.5556428391737,18.1407779750151,16.9953771761901,18.8281077704734
65,4.82510761731487,12.2361914020142,9.83383562001361,6.40892627247135,6.57656322800189,8.41203177383959,9.95341327983391,9.45916857920065,11.0287062831134,14.6317731674256,14.8282828621927,12.7880113721316,10.7139146037313,11.5697867780825,10.8660648867824,8.97651487550733,9.38941638302168,9.83428040089844,10.4017128672696,8.94656977350995,9.15389514035197,9.1267790188166,10.1279002107299,13.0459893568858,10.7896324458274,10.7509559035663,8.52417823830558,8.42983538849759,6.51338722880477,6.34683460387984,6.36694449311338,10.8754515478333,9.79206832600324,8.18347788380231,8.1428826502441,5.39172267458267,8.81648171331926,4.61489033624833,6.96442425689728,7.80195220150425,10.2520865836766,4.54740625338161,4.20266749420176,5.65915170896468,9.13928315181365,7.29425167529938,10.625868798244,11.9935508594003,2.38915484944493,9.89583015431544,4.50828203150744,3.66423776086145,5.85496157078564,4.48146229144198,4.15724574575758,4.40279415872425,2.88974422547812,2.24673778126985,4.04110142912781,2.61584701326885,3.65394703456987,2.25070896745163,1.28330526811606,9.35586667858123,8.0741171347929,0.0,3.3184784241361,2.52220574305377,11.82750509593,12.9313555827639,7.41072254450347,5.00305090734083,3.8245765027504,11.3735693003551,11.0189397613958,13.4534895227734,6.78474469331929,7.74278241659453,9.52483353918914,13.7909731801553,5.89895426835597,3.11044422427394,4.34658624811435,5.76413111055557,3.50150560612541,11.2345513188779,3.10257931963675,4.49688538747479,3.87646848114596,1.59342371474679,1.74020252516279,4.52268954584226,6.9837505853406,8.22952183038827,7.40031723754477,10.869350138769,9.55774295980342,10.2293421972021,9.61017700596437,9.94327773704483,10.0326636000798,4.34951785974522,5.25110941097833,2.39010627304815,6.49715492191261,18.338962600057,16.1380658475864,13.385102017708,13.8170221811627,11.5632570217554,10.4947669988357,9.38243699997777,15.9056547706825,14.7125407945912,11.5052517212427,17.6542966081033,15.180658798017,14.7842077355078,15.4621990928496,14.2316569235473,12.355193080997,13.2156921947075,11.0165117288488,12.3664360918903,22.9573356046664,16.299734868296,15.3378392412351,12.115193040601,13.1486119342029,12.6137268020602,10.8543531286697,11.1151724085955,11.6355102201842,12.0540485814886,10.4119583527605,14.7387782203506,12.8715739416762,12.7726289526036,14.5032816909534,12.360320199265,11.8614314007647,17.449783566073,18.1913989644393,16.1759949361652,16.3096167880771,18.249485792641,15.5375579008625,16.6523277224593,17.6082544624872,16.5901888288188,17.0209071881666,14.7587701624624,17.2160244785476,15.7051556645632,15.3885096239692,13.4015733819769,17.6668843637371,18.3304971489289,16.8334274031983,15.4440345549376,17.1830101273506,13.4375699641054,13.9593741479294,16.5870419942689,18.174098194331,20.4212532815491,20.7411782709946,21.2841947652669,19.2602369494881,20.2642625064574,20.5600298844171,19.944027148842,19.073323149482,19.9225493136386,20.0193586662469,20.0258200296178,19.0795557353057,16.947449397308,15.9321618005154,21.5064446009328,17.4487010524232,17.5123097939144,17.4394631904867,19.5520607667875,18.7071073456216,20.7345219467151,14.1899013532204,16.5650845526368,20.9549720240934,16.5333448574918,17.0702507695284,18.3691466178037,18.6265815120638,19.7995739797107,15.2434850244698,20.2609515990989,18.4038263751085,17.9261099929948,15.3527597574043,18.5105729757474,17.8470022827533,17.6777102139583,18.3713804816712,17.3519128477836,18.6769112323275,18.0579854515847,18.9695384094479,18.542465379274,20.2042110617562,20.7355794371111,22.0051482832743,19.8471711118844,20.3460345618158,16.5614839800801,18.6301998566054,18.925358904933,19.5108716373181,17.801301643577,18.6799623245516,19.317271136761,21.9753285397015,21.3782760275792,22.2116394691899,20.0657547777036,21.5596911898387,22.3882389630557,21.7502953509063,19.4662064928989,17.1992451258204,18.0916602329116
66,7.24105060387201,9.81759714497507,7.41456938565674,4.03604651031049,4.4783358905337,6.53502364380742,7.63307956026762,7.66620930244254,8.76106493366193,17.9273915472926,17.5422074059029,15.5008934900283,12.6911426373955,13.6943999339879,12.3000609878511,8.44289239997125,9.23018672263636,9.84642994296643,11.1167237536011,7.59169385200434,11.7820243400735,11.2848384623923,12.3826481508046,15.2666162467748,9.05316792730259,8.78994484101581,8.69785233214598,8.77551122999435,8.21277503332383,8.35700147170305,4.08800601539207,8.994758684997,7.70856493370316,5.59293924869846,5.6436729537409,2.51204128443915,10.0311617193302,5.2968833653997,7.41584388355788,7.45257983545759,10.4563195970557,3.65800840796888,2.18602175489733,5.30354884291645,7.83671080460393,5.57578051001765,9.77872335064781,10.2666845633215,2.56308493715873,12.8010712550543,7.60939464416866,5.84124135341663,8.96722811236368,7.76624505415214,6.8397234439091,7.39116951624667,5.67021484225473,5.14835062128672,4.69411228998013,4.25294828520468,3.98482091512762,3.47680562835979,2.70140936193604,9.46781066181071,11.0859189884204,3.3184784241361,0.0,4.10443141705457,14.9326903516849,15.9017827271239,10.7076095406311,3.34749836461517,1.08939010835036,14.6297471043829,13.5332143728028,16.0884165470061,9.57128685438662,10.7819719195342,12.7042020969973,16.3380610429717,8.64508530237924,3.31523970690443,4.0607522606294,4.61605013265535,1.24579161226073,14.2769660790414,6.36933674316394,7.43922863262325,6.91914354601656,3.14423239089645,4.5684555583865,4.05221264017133,6.98685141908169,9.56088063753469,9.63229612503507,13.5742989069353,10.8468870640322,12.5412365352148,11.6040782894183,11.5013439171969,12.2956731899734,6.4229308489811,3.76785377113728,5.05204431526986,9.74184872558888,21.3912092327339,19.2714474920582,16.5369282179901,16.9218022770175,14.659010585178,13.7501678953678,12.6759045391388,18.8694748097135,17.3601190314817,14.4399872046097,18.1140589327919,13.1569297915016,13.1058924586218,14.3028110514919,13.0957512033358,10.9911925710877,11.438200279821,9.43691637381552,10.328704289134,24.8880725081567,18.7509711068142,17.5630020429574,13.8379159867676,14.9946419230275,13.800497940035,10.2542069565485,10.8834030668374,11.5471628809757,12.6076924807475,9.16560000875706,16.3822450550225,14.3847075674568,14.5193412505632,16.4480609417991,10.7981156183045,10.0552950975382,17.2158048158402,17.9737476924749,16.6061881716041,16.8857069000815,17.1641426878314,14.0709191105747,15.2266101829723,16.1994335897423,15.1990297877045,15.9641926221577,15.2895127303882,17.0077952194766,15.5867364146233,14.9198375456646,13.4302659212617,17.044465453737,17.5670635942951,16.3220272177005,14.4553670142122,16.1417807105788,12.6586268301363,12.4131518778517,16.2314276005068,19.6058226413102,20.842150103996,20.7772592003312,21.8829411422895,19.8149776695789,20.5194465336014,20.9478800263166,20.0455263555536,19.167523629806,19.6298140040024,19.8187896747498,19.6422278804025,18.7898507384534,16.7619933032142,15.7208265667412,22.3833403759984,17.3463844410508,16.7931551910904,17.3093667906763,21.2919758418876,20.6506535423855,21.7131797699882,13.377097590341,15.7761752038612,22.5429749113512,18.1014779444599,19.0906700194179,19.1888257656311,19.7021291351516,21.1499687456787,17.5340671735762,20.8066739731964,18.0007680115368,17.4844712340246,14.6213410050393,17.8052395361077,19.6588260633086,18.1034027924267,18.8645488565096,17.8757560621797,18.4093812205582,18.1062739839333,18.4286061794554,18.1475624557321,20.35921966888,21.2143287941085,23.0703877106494,20.1440474450455,21.2458735769273,17.4797811854426,19.2285076224111,19.9045699580289,19.6037785618863,17.0069564558484,18.7254452933718,20.2000740016329,24.4236074724523,23.6355574917144,23.9119550447042,22.0810067832048,22.9845180936407,23.6758627908989,22.9394116762762,21.8206417319645,19.4234406883353,19.8376943646273
67,6.99880982224263,13.365625405871,10.8632647675882,7.49235916043459,7.41618125149749,8.90219860813015,10.6452540369765,9.71549833589995,11.5502558848339,14.9581561881152,15.2480686818194,12.8341012559965,11.6245888784557,12.5929384403689,12.3561811626585,10.1694872442916,10.7976016672653,11.3791635598079,12.0027080384072,9.31119424968718,9.77041618577744,10.0026414324789,10.804258811941,14.2019094348467,11.9120601976827,11.4948764227795,6.05588830034893,5.91720288476062,8.65177057484986,8.40897971893424,8.00571220820369,12.4463396117201,11.4089063753345,9.5572619186014,9.39449087950289,6.4456964056285,10.7865508002458,7.03362444255173,9.16800420989517,9.86716889419059,12.1115428760362,6.67570117484295,5.83852955752945,7.8851694886124,10.9558608411822,9.14304643337711,12.3304344892592,13.4085232129852,1.79542885852194,11.2150717804906,5.65110843121032,3.58114805601173,6.36668260113539,5.45825933084986,3.6818296271922,4.69053630231998,4.14448013086293,2.68351865623053,2.68064884329513,3.17822748741923,2.93991326335183,2.12628996108428,1.85517489595968,7.03190664504173,7.43925726252206,2.52220574305377,4.10443141705457,0.0,12.7706202241303,13.8691966475609,7.94069023995393,5.22279699761991,4.39361340407475,12.132635814134,12.4410414436632,14.5731673164262,8.59176737596303,9.14205676234161,10.5817038933002,14.4207816779721,4.85957400671443,1.77564781230075,2.37533126573512,4.30186259135605,4.72846458738243,11.0421166628865,4.33407624153091,6.35769480117038,5.52501241665465,3.68343308537901,4.04851139798222,2.88849326975096,4.55899817707308,5.90473840756468,5.67696047724934,9.55388887827039,7.16923800962629,8.44220399156565,7.79515393742668,7.67441135488093,8.24486596356333,2.74625330747432,3.81029844008433,2.06574905751094,7.60125979126812,17.9536023674798,15.9277742513896,12.8247612818665,14.5735534166367,10.8690264524889,10.401391932516,9.60462150666061,16.5204015931646,15.6743226678194,12.5899652052417,18.1423627302929,16.0151567073598,15.3679643564622,15.7409250723474,14.461898333509,12.6036193895453,13.6606870958998,11.1892633661868,12.7998059727884,22.9470258244265,16.6353311881909,15.3027183219341,12.8900444288486,14.0142338540531,13.8953363490881,11.8287462238838,12.2980825719766,12.9403953850145,13.4366410846547,10.688957963636,14.9385812161335,13.3918013903009,13.2403963132826,15.5253026080781,13.331317501276,12.5157093604791,16.1600904371881,16.9464459684566,16.943879283538,17.0230763539634,18.6352011432467,16.5536294353876,17.492138946862,18.0986931505494,17.0438999664662,17.1528493024719,15.8753437322657,17.7722589280565,16.6084363598751,16.3632001278383,14.7968521725538,18.0805873680726,18.5025187926545,17.4721332264448,16.4280474411373,17.8258056213133,14.7576548086599,15.149259435415,16.2768028579591,18.7365462503427,20.3968810721,20.4266182551881,21.114810722612,19.1874180383255,19.8554062650573,20.3045173659675,19.8777756374952,18.8428935684786,19.3963784631615,19.8106290159321,19.62985885239,18.7928406254315,16.7243526803805,14.5208687177948,20.9833370797997,17.3541954684457,17.4265415725269,16.9880607280342,19.9538954931867,19.2301341659663,20.6525671607321,14.0787608303385,16.460785311513,21.1445137570898,17.3834415530886,17.872833931796,18.8591191906298,19.0003981917571,20.1054261627422,15.7813909457582,19.6911424542964,17.9692865545431,17.3025630016002,14.6442158034281,18.5037116869842,17.5652327907179,17.6764265877856,18.6283465310486,17.538061991808,18.6906254304195,18.149474171764,18.3816127558879,17.5202031232001,19.1064665452402,19.8933685073468,21.1247915605287,18.5663146557735,19.2822416475417,15.4062134997409,17.3380984240345,17.8315395241575,18.9090953905414,17.197020992566,18.3554494441423,19.4483909051599,21.5490985410004,21.0836901948165,21.6478704565974,20.4217125148704,20.9410501693052,22.0543121552558,21.5605155212269,19.883691749125,17.9699080586913,18.629678026429
68,8.4736963410895,20.7440523757423,18.8482122414495,16.3068366015064,16.1148477929014,17.0835888208585,18.8474076416327,17.7640908504673,19.6485557614742,4.90660103937287,6.0536354467344,6.237360325122,7.70491516653933,6.98897258228815,9.45078161383309,14.5280476608216,13.7693430215631,13.4775161645277,11.7050444235432,16.5772888850617,5.43890585650191,7.09399210786607,6.80341590769817,6.70422523719779,18.1243452271804,18.7061014429447,16.755722055663,16.5896312519204,9.00066654285424,8.24907395590304,16.4251875963018,18.5001892093762,18.2261681646274,18.0101306130121,17.72789105416,16.2198378317686,9.92799957269704,11.78507821549,11.8813117719465,13.6852528737913,13.109032207354,13.9547301415361,15.0566229454133,13.3242757327517,16.1892989658662,16.0474793461577,15.949699914373,18.9094441672726,13.5713187258083,2.77376554959285,9.01013394980146,12.3324425065683,8.85152545841493,8.11763595043306,11.2044013684405,10.0848395562258,10.9091683598453,11.2106271506663,14.4936200566185,12.9599749584313,14.5968668359054,13.3537792787806,12.6881839304137,16.9660221390148,9.3295181473303,11.82750509593,14.9326903516849,12.7706202241303,0.0,1.90174800536079,6.47115125160836,15.067471145073,15.1208047194589,2.30391358398378,4.57827394775443,4.41572344515894,6.1303486331755,4.44208245790158,2.70751415485017,5.96982896902603,10.656378273861,14.2957356385658,15.1186512532583,16.0298399349059,14.9921304043772,5.55024205776448,8.77472791097529,7.93978532872165,8.065772079055,12.5346188642701,10.7254073543917,15.5658357094047,16.4086313778655,14.9930626082366,12.4723869126253,11.3821257727849,15.5169766870497,12.5782967355507,12.3191603137146,14.6205151731374,12.1575127522883,12.495261836083,16.4966689756549,11.6161575167671,5.77558019978181,9.87026346586977,7.49861686237197,8.21913176209851,2.21223480967851,8.51952499589532,6.96522532910185,6.21354179095404,4.94509216196423,5.20436260969309,1.70731806971447,17.1692010428752,22.2366275749398,21.1810376033216,20.597764642668,19.6692893449632,18.8673423660622,20.3030906687607,18.4653225272047,20.2480035077591,16.490866169269,8.51092038204182,9.7846392690051,9.20017567484106,8.90162382858541,11.0045574898598,15.678424484522,14.7884861242946,14.607559645657,12.8824566167225,17.3049255422267,11.4328533296163,10.6149503910675,9.72658175773303,8.85041218747212,18.8831532890923,19.2297434138869,21.5301307042151,21.988552854898,15.9902313903716,15.6342507852742,22.4680258953925,20.9825859400625,21.8292825588931,22.7770957346387,21.9430849912017,21.6489141664324,14.4972793783827,18.9409356544368,17.3280302316306,18.1151999011668,15.1744913079464,20.6492723757217,21.8037066438371,19.5069717257899,19.6269640730614,21.2994314990063,17.5200016516747,19.9324454103909,19.8428831332664,13.879294641788,19.9656382232776,21.8519801447968,20.2446113952485,18.6992737334316,20.9136118205527,20.4987484330236,20.6913171089691,20.2559459148706,22.4975038205206,21.8773353944823,22.6784430512149,21.5081370832845,19.5096612300698,20.5160818116217,20.0307422448736,19.4738000287989,21.3104037528886,19.9984879361292,13.8499895524529,12.1760741156507,18.3744829280387,19.1389128542396,20.8022817421903,15.863808065935,11.8777022585796,10.2729223681866,16.419783301307,15.813088155775,15.7257539699196,8.25497474254947,20.2222842470099,21.5057040669161,21.4946224069446,20.4447438419926,21.9620259967612,13.5400757894754,17.8749894057516,17.8296793131031,17.089690320914,20.7682977759493,19.2394681119401,22.5500405722807,22.4126239749996,22.2538221341829,21.2513207713135,20.4407372885777,21.8699535438498,20.0135173350284,17.3452124769221,20.0540570448111,18.7378626562246,21.1127307668291,22.3597030327887,20.2326628230509,17.3361832866107,14.6350208176877,14.5219370742878,17.8105391379244,13.165501746733,18.3668616137441,18.9901708170831,18.58923995117,11.1118707365086,9.43251880904135,12.5621677895045
69,9.45583290898976,20.9909208814586,19.2019462725424,16.8940037644292,16.6087098613884,17.3617831070649,19.1224780573638,17.9441593015887,19.8328676160488,5.76326219762997,4.55603552893665,5.52236396704699,6.93355047502486,5.99040273178585,8.8333494237219,14.491270754943,13.6397595647786,13.289576660491,11.3202887732862,16.6992891551737,5.32537362996413,6.73563057179775,6.21326184327726,5.36299276231395,18.205265832477,18.8190268159828,17.6376959154046,17.5515550520618,9.50378570047157,8.82636805026995,17.2294866103976,18.75763559561,18.6642415693455,18.6519428889398,18.2706277018018,17.0046012993216,9.92083851476876,12.582698781593,12.2844052709718,14.0161125820484,12.9507642024211,14.8088580178908,16.0327999805775,13.9889886953918,16.4919357141255,16.663701066857,15.9396531514658,18.9736317418367,14.5425911816866,3.50878644786068,10.5617144808924,13.8009916665628,10.529678946112,9.58300180243751,12.671726566631,11.6310744188721,12.3387171364621,12.5434381528761,15.79565365614,14.3178394693023,15.8962469700997,14.605276284436,13.7071602246316,17.6613961026465,10.8953099145333,12.9313555827639,15.9017827271239,13.8691966475609,1.90174800536079,0.0,8.19439875863818,15.6813855320652,15.9782320157324,4.11518675401405,4.05602662333812,2.79773391551605,7.24066047797328,5.7456965184037,4.43513003273903,4.42769959293813,12.0931717368813,15.4518222028325,16.1802095208914,16.794395472364,16.0412625781424,6.00518892308497,9.96872536129942,9.18701917679288,9.18970103791256,13.725978678624,11.9114541582227,16.7244078873497,17.4636500195619,16.1987491332575,13.8311897156749,12.6914731849046,16.5919759749497,13.6929526715632,12.9982328525936,15.5450756272306,13.0730727337499,13.8342095417686,17.5020551792664,12.9146469521877,7.30336418684287,9.61307803504648,7.50303670245969,9.24399571844937,1.80419584842653,9.77474020292268,8.60105143356368,7.96526624412708,3.49925702002973,3.33772160256802,1.58164781032166,15.9995829571095,22.1112113250501,20.932586248078,20.1456251180177,19.297507761873,18.7003112831003,20.1882004232663,18.4705553040526,20.2735841704502,14.8522153225382,6.91284394651723,8.56367976413932,8.19170674718661,7.66205009485354,10.0975997829958,15.4264565571351,14.4345936094739,14.1776664576382,12.2483518708283,17.2687790378416,10.2248075292602,9.58397899641475,8.66482292272208,7.36485162813295,18.7731421785997,19.2132288533675,21.1810540124543,21.5751097882784,14.9152444697057,14.4997076083944,21.8193265676354,20.6397323792243,21.390090515364,22.2760512306408,21.4909727780237,21.086921042654,13.5249145707567,18.0258455261321,16.4822649870275,17.4187594865009,14.5486336304169,19.863627897175,21.0611182573293,18.7185581184067,19.1098374988526,20.6799606156731,17.1300217831982,19.7441806057482,19.1823226850816,12.3208252602218,18.7635612692776,20.8448090510768,18.9975314307261,17.5335163595904,19.900453796863,19.3765743979411,19.6253848077398,19.2883119430289,21.7017152190531,20.9442973566074,21.8605923316711,20.6743587550127,18.7509640768629,20.3080504750361,18.8580987212611,18.6224972310835,20.6477740954904,19.2645362995932,12.1660228557641,10.4343879040402,17.0163994801404,18.7289095201537,20.2225952842339,14.2383228808738,10.34399379528,8.52392942179824,15.0772752925851,14.3917681405244,14.1718448370262,6.64593044856331,19.2026306769755,20.7891320225662,20.8802638839984,20.0933965725216,21.2224632795269,12.2887826664755,16.822810180954,16.6444877314411,15.9790540450182,19.8692275732688,18.2563734727229,21.8971776528646,21.9160105850888,21.5860059027446,20.357051122968,19.41830918184,21.2952359849372,19.1967646455955,16.7940795455968,19.5003287829432,18.0030682645656,20.2581946571541,21.8490975194636,19.3323782967865,16.0037142689297,13.4240502050901,13.1428921398456,16.5365692996179,11.4201691280972,17.1645150350165,17.6094907454723,17.1819679012276,9.328948720098,7.60914255712946,10.907676276775
70,6.31166219424102,18.9049135611541,16.6501003135617,13.4372358885735,13.4681814675146,14.9666759482948,16.7353421497409,15.841024270455,17.7186718310669,7.73001017964099,11.0988301519208,9.45698920432084,10.4430360937902,10.5671910068005,11.8395637317714,13.9713136566446,13.7492173476852,13.8045367692143,13.0127617400402,14.957452373081,7.33138632791392,8.92176482070179,9.24504884528539,11.3140241302421,16.9018955929941,17.1481940219422,12.2321548891622,11.8292226835975,8.48929292792209,7.71893129332092,13.1365035677063,17.0012860854567,16.1638670874907,15.0933215909211,15.0618522894244,12.6750850447159,10.7997992687603,9.34988115682793,10.9377088479917,12.6121336532009,13.720398794399,10.7924513506665,11.1324115314233,11.0827092549665,14.8144299513272,13.5750187096033,15.5940432716573,17.9189279071219,9.21171593066179,6.14442698296584,3.536272923727,6.41428721450179,2.55407824949984,2.9873575963649,5.21853365894657,4.03228244402831,5.53400270706054,5.86334368166492,8.86770814297103,7.50170223127497,9.06657689698348,8.10666525717299,8.34156866952439,13.0471372658869,3.69808449914341,7.41072254450347,10.7076095406311,7.94069023995393,6.47115125160836,8.19439875863818,0.0,11.8995696316818,11.2121326116551,4.90237503764979,8.668067752641,10.1146143241381,5.14865279289845,4.17770183380717,4.04713685505604,10.8703834833861,4.82442356261973,9.18701676841122,10.1776608717343,12.0091092645643,10.6387422288203,6.58023512444253,4.64913030042428,4.67444690431832,4.84909691618029,7.93742461774629,6.46403068814662,10.3149284535542,11.3323684357919,9.65572679433423,6.88439602385368,7.05585027307356,10.6549069848013,8.30579765465842,9.30896601399709,10.4187084998502,8.55154157556035,6.7836490840945,11.6900693492159,6.25665303641131,2.29426702730051,12.6927518917866,10.2437077958493,7.25753148347101,8.24411507587076,5.86396706017968,3.5768133056488,2.12209181140373,10.8965605520599,11.1501279475057,7.21145682476141,19.730677422646,21.3626344193651,20.5990506735829,20.5527097578053,19.3930614511908,17.9874326800338,19.2649116412521,17.0308652950646,18.7595000203552,21.0077279151414,13.3573619201388,13.3116227188748,12.1729877019392,12.6072553675237,13.7796645148848,15.6184055557846,15.2682174656454,15.4460247374214,14.6410165404385,16.1139352112827,14.5086754996683,13.3234339352649,12.6428289274512,13.3681636935598,18.1638830805483,18.0225381831998,20.7993103282898,21.453712290634,18.4528874436983,18.2806865837649,23.027746881657,20.9674945983351,21.9825309093013,22.8988744612905,21.919689934272,21.8509110236957,16.971822094695,20.6057329211946,19.0509121093196,19.3547136974695,16.6999502725871,21.7424375175646,22.603080983672,20.7739730598977,20.2129894612861,21.9413358002706,18.035359345631,19.5717235457434,20.3237058120007,17.9737299034002,22.3433166105882,23.410425348446,22.7608349602566,21.0049914197008,22.5338778234023,22.5392396113056,22.548777539232,21.7646746398738,23.2628658526145,23.1929252568569,23.5287661894672,22.4862317780962,20.353579836579,19.3682792231703,22.3368945734388,20.6573013485452,21.7793577678405,20.6923497358684,18.4046565875491,17.0618969911825,21.4082020964121,18.8973494535257,21.0194506814913,20.0979755001965,16.1504505513137,15.3525517255132,19.6031056613345,19.260686136287,19.6531218687997,12.986032609014,21.9212827788706,22.0606494600021,21.6783031479609,19.7989340054663,22.6798045039816,16.7043181007735,19.8465472286073,20.3209141205713,19.3500722898433,22.0754990651826,20.9257836206775,22.8150949422727,22.1250965471141,22.6164099124494,22.4749074728074,22.3233803813539,21.9732368469396,21.1627913325663,17.7267042434774,20.2371386632572,19.689817406307,22.1531672098679,22.1534580240391,21.4973454937642,20.3364939737597,18.4853921975762,18.5633297968974,20.9354446260515,18.0899470494704,21.056673208746,22.1826714434556,21.8398772881796,16.4871120632513,14.8379565769892,17.0735652806227
71,8.08756357938883,8.46351747722801,5.95470396824538,3.09447503499499,2.47694910192285,3.71027684880724,5.46571894670101,4.63101109872585,6.33179443998118,18.3228030500436,16.5196595418095,14.4575143793793,11.1909032037966,12.3884675537623,10.9072500451984,6.09571366699384,7.18998095540882,8.01200954257749,9.51531904193028,4.437904467087,10.9099242844558,10.0069427727401,11.0464283056831,14.1377262363048,6.9508361248859,6.31423022958809,8.34284527709832,8.73701586611362,8.24418564513528,8.46792609196529,5.32521638941322,8.01084592883404,7.30715637421441,5.76789657251477,5.0819511995981,3.24881167612752,9.32640706495362,6.19937079266649,7.21211604391462,6.94633663160799,9.17708573153449,5.10503279734191,4.68265357850331,5.81980952856523,7.0737228090249,5.88868421187949,8.30953022293647,8.67287702589532,3.53807346609331,12.9110795584238,9.41689756720456,8.19402399858271,10.7181730765849,9.11242544434878,8.65997300519206,9.24752617185201,7.88059550412494,7.02192355716178,6.8938464599773,6.91220569949732,6.56281903527941,5.89312453894908,4.04489165895262,8.4290485178138,12.2829863154407,5.00305090734083,3.34749836461517,5.22279699761991,15.067471145073,15.6813855320652,11.8995696316818,0.0,2.29519102078486,15.1637343059078,13.0905696213148,15.440606006994,10.2987367651111,11.3630556108586,13.2635180558399,15.2004119642942,9.90475317773099,5.24500290715028,5.11022984217381,3.55343599772316,4.46272294785388,13.9360403574531,7.32689159805946,8.59879467043741,7.72715200086498,5.68172065222587,6.32446108486881,5.79487923698206,7.46616153511216,10.3259891090839,10.7164217122992,14.3351392489382,11.1529480750885,12.9115127735748,10.9640768618939,11.3796035396434,12.2190052582557,7.96459005620439,4.70175922356327,6.79703926292521,10.6858112661242,20.9397898706097,19.0238607938179,16.9140095219931,16.8545011053011,15.2256491830456,14.7333870774839,13.7434607910074,18.3465598245844,16.5666563867864,14.3087858528147,15.23963521221,10.8300008924996,10.2987731580015,11.1291555825782,9.88789722741436,7.82365387694616,8.5665334709764,6.28814458439997,7.61631491603319,22.7129255737761,17.3124001782934,15.8100010704462,11.9800275027862,13.2704197762505,11.9677492368287,7.58291968614294,8.47293244502361,9.29516692497399,10.6034183399536,5.96214328409052,14.1380386708692,12.203104553966,12.5048539703841,14.8993507686974,8.33753161305186,7.37014062918468,14.2240419058548,14.9445557883289,13.9048865124104,14.2025037744146,14.0457274106507,11.6058744548596,12.5460918868926,13.2237663070454,12.1884629274744,12.7208424152698,12.9345083310975,13.9906530534562,12.8479547170129,12.212740855901,11.2776201103026,13.9060413720645,14.3193103827779,13.3271792907088,11.7979556742121,13.1810444749762,10.4015577369431,10.2387795876126,12.915095290819,17.2842068908425,17.7498031131055,17.5252804276556,18.8326582844975,16.7744371178146,17.3327210468339,17.8098144696496,16.8432897180779,15.9439972597917,16.3196062735274,16.5258710490133,16.3128748988882,15.477679226292,13.4799864410636,12.8511831413025,19.4600915377763,14.0971540727317,13.4707430720044,14.0342795414397,19.110678833069,18.7104324553707,18.8653906953695,10.0441121365616,12.4490716847102,20.1507024625068,16.0764180430888,17.4062393076464,16.4665114706614,17.0604195338611,18.6398150997749,16.0100356262652,17.7415317444691,14.6739069592827,14.1764909351371,11.330961526489,14.5016669015926,17.4309821475347,15.0363703008648,15.8949275576258,14.9021115668343,15.1474676562073,14.9349059276845,15.1030255033972,14.9694355632657,17.3090719604491,18.173844181761,20.3253193804481,17.2443733622659,18.4968355268807,14.85348069981,16.4747884662287,17.2373220100401,16.3877348062058,13.6837521459252,15.4849641780479,17.3606569368456,22.8243721661769,21.7960831163726,21.5455688650612,20.117231811945,20.4185643923261,20.9791296841116,20.1922488502712,20.243478435895,17.9216502750473,17.7426677644927
72,7.55174566143008,9.13737066825527,6.67188953939541,3.31297510480807,3.55318673560113,5.50361869461701,6.71715787502749,6.60102239693136,7.79527434213925,18.2187702025917,17.3695843581524,15.3152521413004,12.3204896433138,13.3917729458488,11.9244754479099,7.65548990784165,8.55376036938935,9.24026214721425,10.6301687212087,6.54491516044048,11.6236802834676,10.9808087913991,12.07340617016,15.0265845432975,8.22516197753434,7.84326363590248,8.51237293129048,8.69982408009008,8.24088210245751,8.42837832231039,4.14062032655709,8.46331587210683,7.31519998643648,5.28127423838445,5.10608560518783,2.12646734929457,9.82693063631451,5.50155331492626,7.28478636931321,7.17268863847557,10.0208241963832,3.91200317916281,2.77106434258034,5.30606470906087,7.40743778384677,5.40008116552413,9.20486373253481,9.58618643282175,2.63910609427916,12.9590035251799,8.28125855682187,6.65456505495782,9.63474759721866,8.28791298191915,7.4886633307815,8.07257531442274,6.44946349515251,5.79386482637484,5.36676990759987,5.15332977535312,4.79074631695358,4.25173496423226,2.99973261795841,9.08346107143093,11.5807096255369,3.8245765027504,1.08939010835036,4.39361340407475,15.1208047194589,15.9782320157324,11.2121326116551,2.29519102078486,0.0,14.9483862924098,13.5059294626924,16.0177823002876,9.89075668805744,11.07851844649,13.0156109093458,16.1183109552253,9.12527582576702,3.83137127294753,4.21651903827899,4.03340704984721,2.2305367797428,14.3126164835172,6.73187422406176,7.87981921689899,7.23669482314629,3.9791786455599,5.15309825838183,4.46349554295843,7.0307302278158,9.81092707694976,10.038111128649,13.927462508627,10.9570733396996,12.7431268823589,11.4741808855142,11.4998502562953,12.3550760821971,6.94078514899786,3.7655918957381,5.64003340483873,10.1540226480202,21.4185054129822,19.3599505675853,16.8085523664819,17.0564342320571,14.9782471185431,14.2057025850191,13.1543264446304,18.8642964276046,17.2510472982389,14.534907512999,17.2681405146747,12.2609462058662,12.1109689262024,13.25544226511,12.0430733600516,9.93230196398737,10.4162581628986,8.36531786719074,9.32121931134382,24.3408221680862,18.4436415449146,17.1484979882527,13.3550152193187,14.5597823687321,13.2898134484539,9.38384414881398,10.1095686653985,10.8270924277852,12.0035753241475,8.11286092759323,15.7907896942031,13.7998983048125,13.9958252204672,16.0727976620039,9.9004801302013,9.07581061904722,16.2854409428589,17.0339994242254,15.8060774520877,16.1009247682843,16.1350686156376,13.1870744869507,14.2886870083789,15.1830430645151,14.1749161859544,14.9049317034695,14.5911578364137,16.0745920931304,14.7363213099113,14.051328198608,12.7490019478117,16.0467132526159,16.5282239852654,15.3721836760026,13.5590299333074,15.1594166200648,11.8853706147635,11.5982972545932,15.2075133994101,18.9811766292274,19.9314839269137,19.7943480950317,20.995875601585,18.9289076890925,19.5706916943915,20.0219355752207,19.0820037197477,18.1984170556373,18.6073921275797,18.8081341811239,18.6078333388887,17.7683785456138,15.7593920440155,14.8258119275917,21.5508005798952,16.3580571688682,15.7386358907747,16.3117490772688,20.7285835649556,20.1691865293394,20.9095104279044,12.3185515555575,14.7164278914122,21.9097597218733,17.568696290331,18.6859566354211,18.4100034907396,18.9633926711341,20.4670173352099,17.1896689681697,19.9120077364338,16.9675801368501,16.4538678826488,13.5770419773754,16.7555525281418,19.0852994330039,17.202274637999,17.9944086444508,17.0073643622726,17.4038896411982,17.1493289276099,17.3844183756908,17.1541395541669,19.4400201261759,20.3210957000622,22.3004890878349,19.2766688139325,20.4634024809835,16.7329580781206,18.4235499274896,19.1506209670573,18.6357675453434,15.945442144746,17.7485483814883,19.3927061589292,24.0769215559412,23.2057847770732,23.2934490388515,21.5986726525782,22.2902930814527,22.9354905493912,22.1782186567721,21.4720054505724,19.0850766486821,19.298291154313
73,8.56513243702445,21.3975158360941,19.3625425515055,16.5450653223029,16.4324426394086,17.5967155515275,19.3958068450456,18.3432648023033,20.2669908343643,3.83703868864353,7.73809828725155,7.28969230838431,9.38538812127304,8.8900328699074,11.1555327986164,15.5097782170419,14.8993847958562,14.7021548592279,13.1700266569312,17.2363554756188,6.56151665850191,8.45776808476634,8.27414103345341,8.86458591399539,18.9582020364774,19.4388485527671,16.0470303642067,15.7657384679664,9.71549199805654,8.90848779381689,16.4686791367111,19.2171730489662,18.7387273700509,18.2314737935448,18.0512557926786,16.2022311281932,11.157659850632,11.9868286360639,12.5978093548275,14.4274187550454,14.3813355145964,13.9862998215863,14.8449840776251,13.6553842572622,16.9003112992022,16.3723889445261,16.9984376738356,19.8141777486056,13.1706424483965,4.07966273762404,7.94741813407969,11.201587097613,7.40077737871287,7.19378860808839,10.0003287307313,8.8462287508651,9.99620975580866,10.3482170289565,13.5330463506004,12.0743700399723,13.7023277058821,12.5820831962311,12.282379452128,16.4675767950759,7.60444781633396,11.3735693003551,14.6297471043829,12.132635814134,2.30391358398378,4.11518675401405,4.90237503764979,15.1637343059078,14.9483862924098,0.0,6.50776916461409,6.70822417082629,6.27374089384665,4.46667373228926,2.23791030413515,7.9161440865851,9.302434346298,13.5882354106264,14.4621585370657,15.7526291228852,14.6247799428794,5.31605222724014,8.28104979172408,7.60036206121647,7.82375098427445,12.006868884926,10.2689662395684,14.7939826101049,15.5785303935718,13.7844500597601,11.0717286604278,9.71251578878298,14.3888326435433,11.2501397007424,11.6678707111664,13.6348191975753,11.1193675918516,11.3947801902938,15.9365890626212,10.7484962186132,4.97795984191515,9.73351419773173,7.20604142221515,6.69453842487719,3.61136020004803,6.83368342730756,4.8855682501543,4.19069387771125,6.50863277878583,7.43712950153137,3.85991498961079,18.9592458834677,23.2314347009785,22.2472088424954,21.7841285453945,20.7733336033053,19.7880684067414,21.212679049018,19.2056239427265,21.0155376528063,18.1720312727355,10.2656584830463,11.2096428601168,10.9714234766321,10.8569777841111,12.8517760335236,16.832232157014,16.0899443968609,16.0104607043015,14.5069582627963,18.1064011268965,13.083719092622,12.2996621807449,11.4041054744961,11.0038054046671,19.8890936459542,20.0810637607122,22.1566173454989,22.6750207129739,17.7969010451174,17.4664618539211,23.8493250661546,22.2263405762304,23.1275619078207,24.0560274464334,23.1699077520396,22.8943172447895,16.3243108890925,20.5742493494076,18.995242693154,19.6741368415848,16.7764514269695,22.1468822264207,23.2054051107939,21.06257260309,21.0278522945424,22.7157204956535,18.875496895427,21.0588218291852,21.0369230646323,15.8951027377536,21.6081924781735,23.281157074451,21.8498268177402,20.2927702903281,22.3004241851815,22.0063199500193,22.2432216872616,21.6842759112361,23.719804872527,23.3002635186193,23.963411108884,22.8369180385936,20.7997186816675,20.9989427900217,21.4141909210401,20.8699380694481,22.5777085369104,21.1956871480404,15.8231289040584,14.2056321579891,20.049157559309,20.1935450549995,21.9987847088104,17.7270781952027,13.987878545854,12.4378030696041,18.3138408010376,17.7007154503157,17.6376812173326,10.2005910348039,21.5280308909446,22.7045048078285,22.5580540861702,21.2890760306484,23.3120446040678,14.9341355741954,19.4250799445424,19.5547818408055,18.7392181164183,22.2375680391088,20.7852656606341,23.6561885216902,23.2505896107092,23.1437764545621,22.3675908034723,21.5338258341207,22.6054111598196,20.9242920265173,18.0584266563118,20.7396754662666,19.5753480415977,22.3307936777352,23.359230568849,21.5839237188705,19.0900824098218,15.622563924884,15.7939895766939,19.068472271189,15.0875943675242,19.6280900103819,20.5198214236739,20.2183548270487,12.9842535247453,11.5826879839782,14.5889768768735
74,6.96425619875506,17.3443026424435,15.7535690231479,13.7971954362886,13.5482904876965,14.2596845256114,15.7996041334956,14.90101517018,16.5260884661966,9.42547820861782,6.58602458644401,7.0998817533943,4.46029484825211,3.57244189439672,5.08000046127069,10.9711706202551,9.95925474712628,9.49264806522546,7.45704854188163,13.6541538273872,4.39288700802084,4.38065938533971,4.55862801442239,3.26535373026914,14.5873955096108,15.4038970565753,16.8610099174513,16.8987824108084,6.11922465256875,5.6284184531063,14.1477609009115,15.0034513895731,15.0494460010823,15.3580055236905,14.9442352816136,14.1567754313213,5.98273213434365,9.53414776468596,8.66105215701536,10.3076727575592,8.96994193657712,11.8484693902756,13.363416520698,10.6945527843525,12.7615700479213,13.2705229605563,12.047984556439,15.1634892735254,12.6388894567005,2.72705157095973,9.6857051315627,12.8102670172953,10.3489573699759,8.76194062079204,12.0449075130046,11.0351968813924,11.0258038217702,11.3003297417022,14.5553837247134,12.8412094386333,14.4445297389044,13.0419871349055,11.778261126246,16.8297871433303,11.7541389527841,11.0189397613958,13.5332143728028,12.4410414436632,4.57827394775443,4.05602662333812,8.668067752641,13.0905696213148,13.5059294626924,6.50776916461409,0.0,2.9161998939397,5.28808018945827,4.78598901652683,5.21246590334282,5.11751357940271,12.1085415109986,13.8791953082362,14.6736797502195,14.924966943254,13.6444753423265,8.08218151856282,8.53180829950148,7.42713545335887,7.41113668021884,11.6974436239943,9.96145228097295,15.2353817865375,16.4807510496036,16.1190734442539,14.0651522790206,14.1765505252877,16.7078809802484,14.6755562722853,13.4008289702248,15.8520631639843,13.9185887556675,13.1409090260164,15.7327103295385,11.7319245636457,6.82981358825768,13.1945004346288,11.1069120821796,12.0383938738048,5.82518896968127,11.9324281904286,10.5077931761158,9.40944820631202,6.99099538787358,4.44525917245985,2.931225623394,13.6309154929469,18.4592800929082,17.4845032949993,17.0383103327917,16.2341631286729,15.5921137470662,16.8577421790029,15.4225123321445,16.9576731931767,15.6258196545825,8.12979790676468,9.25670163579449,5.96114261417025,5.63043278710016,6.72434846116396,11.9398996754655,10.8222440802906,10.4753911538489,8.5668212377345,14.217527875096,9.26681533892674,7.66891751384775,7.12741063718741,5.5490989873683,15.1542671981197,15.7949887034336,19.9450846630803,20.3490123847786,12.1031826560273,11.8622608134752,18.677695835537,16.9246178083366,17.7907366236295,18.9361364376452,18.1821441710292,18.1497638776555,10.2742494437861,15.1099159231107,13.2130132671416,13.9491353943155,10.8046964739707,16.885005146921,18.24537270734,15.565253458185,15.4989856892544,17.3312779855982,13.3260320239274,15.9504436156411,16.970214840973,11.0359850247197,17.0881169492858,19.1108086930156,17.7098221774782,15.9676803478605,18.4314718596646,17.9059456210495,17.6694202424314,17.4397784576048,19.8614384698332,18.8853653216874,19.8394995257349,18.5834536773423,16.5814467273013,19.1115871954396,18.2650644334894,16.4105628980254,18.0604683968041,17.3683276431538,11.8094253320251,10.2743145471379,16.0656097848649,16.0518026318159,17.5941540808884,13.9693182087642,8.62970731267165,7.90443187430988,13.1068389039128,12.8823753996482,13.254772560863,6.83563473862819,18.1831066828742,18.7287871673415,18.9452549474465,17.9786668913878,18.5994966585017,12.6307876486765,14.9485485382103,14.6085592972477,13.9713752245325,17.496799797781,16.002118639742,19.9026346616819,20.3844223798461,20.6482007689133,19.5454999041135,19.4355086574953,20.6329243609046,19.0490111889938,16.4527361114495,19.0811960950849,17.8795331209424,18.7823552126754,19.6800591542669,17.5132902258604,14.5921157476497,15.6769173421288,14.8071739798875,17.3008747834261,11.7886396481265,17.4575845759728,17.4754666133789,16.7122147309998,10.5168267057549,7.65210480282097,10.2070214316047
75,9.70772003000892,19.8551494503827,18.2878178813229,16.3995675684465,16.0394904601502,16.5400003639601,18.1811685839698,17.0348881752109,18.7934002632232,8.50491769038358,4.3641264817541,5.99766855307347,5.33855537475834,4.07131333453802,6.87162017337218,13.1917307486679,12.1827331682779,11.721304914528,9.53418095451237,15.7416659100807,5.30405818237512,5.78581348682447,5.25845392942468,2.82141702886428,16.9347678422625,17.6654893299391,18.3950223321599,18.4353845126512,8.99377648556071,8.48881896516686,16.9466823222814,17.6089138867744,17.7681699435689,18.1040330973902,17.6150692249649,16.8068785466369,8.63241776732671,12.3815949001676,11.4747011348424,13.0492265491264,11.344270144461,14.656440169804,16.0985114038855,13.5327691496538,15.4358098682396,16.0721275849156,14.4786727862642,17.5870457756578,14.9349056074391,4.38897805681412,11.8565634856989,14.9891466413436,12.1880023173462,10.8393552342716,14.0072354860919,13.0367697021789,13.3687719859448,13.5256569974833,16.7413799791793,15.218061835573,16.7520648217482,15.3808835712767,14.1404754135409,18.2191591724901,12.9015967323877,13.4534895227734,16.0884165470061,14.5731673164262,4.41572344515894,2.79773391551605,10.1146143241381,15.440606006994,16.0177823002876,6.70822417082629,2.9161998939397,0.0,7.84125214782147,6.85093906971093,6.36020490758431,3.23337347327682,13.6652800217631,16.1368432924673,16.8042760116695,16.9873780211332,16.286859666138,7.75920614911681,10.7831534023181,9.92689960205734,9.83016905521117,14.2675451367401,12.4981716637246,17.4393238740521,18.2935687469491,17.5438249760097,15.434984769871,14.7802024745311,17.9055737402454,15.413179436989,14.0964853918009,16.8097519138514,14.5688415848939,15.0399943610062,17.9579416239256,13.8918350054055,8.72689253990404,11.370586450996,9.57730614539029,11.6870060093203,4.42421374918129,12.1027616817123,11.0593283357941,10.2881098357515,4.4930612090144,1.55913307233438,3.01400753066039,13.7593936610299,20.5517274020519,19.3340543917515,18.4663303584809,17.7400964694264,17.3673421342149,18.8025659338221,17.3610803327639,19.0515628251416,13.5203226024708,5.92366344427898,7.80724302992589,6.28884450509487,5.46138369488865,7.80905612837729,13.8712028108198,12.7176479549956,12.3302611574783,10.1784813462951,16.1253565274897,8.61803724321099,7.77729373910027,6.99920709035367,4.78092839527456,17.2794966577154,17.9099327306046,20.454122915297,20.7783784793912,12.5978812480582,12.1812959387822,19.8761116880039,18.8100165767778,19.4927091921469,20.4183752919057,19.7111400032867,19.3466239347604,11.1531057608211,15.8669571548317,14.2584788510322,15.2916645802458,12.4187063440326,17.8345419419537,19.1558039536544,16.6107103659142,17.1300712061679,18.6833302889783,15.2392794566812,18.0690144136729,17.6618560251848,10.0243964761509,16.81092604443,19.1124111928787,17.1716036620246,15.6813872407118,18.2865214979009,17.6247438888126,17.7161542255626,17.5552208990449,20.1777865334727,19.1526610430719,20.2260522306353,18.9916692648354,17.1320298662784,19.7600387460862,17.4609042332109,16.8693346520958,18.9469911916522,17.7986444870168,10.1605837614371,8.4170721592488,15.2050585296406,17.3024916046184,18.6056687109431,12.385284785693,7.82678887507211,6.16693032362285,12.782862265912,12.2078918010365,12.0904976866684,4.99899865093,17.7934573774903,19.2629228520837,19.5330049606458,18.9759997622356,19.4088518868726,11.2692520886077,14.974681789413,14.5420837217013,13.9916713589992,17.977398679272,16.3167354450236,20.4730339413116,20.884739994793,20.6293893387744,19.1955613100616,18.4963116873486,20.5734608775534,18.4422952601089,16.2701456347295,18.922119020106,17.3613669648327,18.8357875506267,20.5134857129226,17.6972610246968,14.0002290216736,13.4128646547985,12.6260897026704,15.6776008129328,9.70394065598249,16.1619365051258,16.1690946050224,15.5410570949316,8.00266595865229,5.47362224269117,8.74568065585369
76,2.50309135862503,15.5114418595582,13.5967603857078,10.91608663393,11.0134779323924,12.4626695841633,13.9294785880657,13.439696217914,14.9523231530839,10.0883506631189,10.5190169468408,9.67281206963417,7.58659437447819,7.61905963539312,7.63137644541259,10.3880116765239,9.79676385036253,9.60171817849704,8.6086643110991,12.4379351917398,5.93462842641016,6.31111562173659,7.15025626229801,8.26819289857585,13.3889476132526,14.0871288607659,14.0075281144949,13.8743455714131,3.80434470563779,3.04280363749291,10.5211967421655,13.1915952973398,12.6184322141274,12.2505355922646,12.1659385433703,10.6534808029043,5.98652796773799,5.85499201786943,6.54909611668812,8.38948126947997,9.07563572456827,8.03204359033197,9.24374478268305,7.50569373098094,10.8516557427767,10.2471787050061,11.3099447289443,14.011335303786,8.92159877241846,3.76069052364025,4.76894679757232,8.06234767404418,5.84726593360618,4.23296464814517,7.62514036103066,6.42445015383889,6.09182469100342,6.77502711550307,10.1563112862714,8.07017967371213,9.91153777646639,8.57067101373432,7.86696407929821,14.50474335795,8.47936730353152,6.78474469331929,9.57128685438662,8.59176737596303,6.1303486331755,7.24066047797328,5.14865279289845,10.2987367651111,9.89075668805744,6.27374089384665,5.28808018945827,7.84125214782147,0.0,1.85712501054378,4.04166625835825,9.44009607113018,8.36063719795888,9.73404301057418,10.8839832913768,11.9181901735442,9.39213554985724,8.62300193371795,4.32943487765276,2.4367258787951,3.07477948641223,7.07647581968302,5.3235170487113,11.1391322576123,12.9991409577155,12.7573065379065,10.5906448485129,11.7537859944242,13.8101645540399,12.3273062444218,11.917080321509,13.513980638223,12.0386457505314,9.04092892957494,11.9758612566309,7.38183276224743,2.9102375890829,15.0935256452035,12.651468913664,11.3670993763416,8.31449344925511,10.3981299647023,8.33075189018412,6.82340874033418,10.6730222588486,9.30111232878517,5.68923069986643,16.7093530204525,17.8455112854228,17.3222685419185,17.599025450729,16.5694624249287,15.2686519662229,16.2805382887689,14.5376241223943,15.9074329967897,20.0491023734098,12.4272934946463,12.7403710973822,9.38873697443164,9.756228540618,9.82333855698416,12.0656133551792,11.4009632969594,11.3671063786996,10.43376048514,13.5210404318819,12.7461013029738,10.8591519775379,10.4611751184129,10.3496888837188,14.5985634670205,14.9095956306789,20.447270912678,21.0295488561758,15.0057400239438,14.9658408696871,19.8147394586571,17.10024053011,18.255557573273,19.5693479240016,18.6820972705111,19.0411789830416,13.0536830133038,17.2889075760715,15.2947880734918,15.4820967395864,12.3843467952331,18.5501389663585,19.7235480645807,17.3020943892538,16.3319362163539,18.4192941509273,13.8577710711319,15.6387578720088,18.3096581731903,15.3968846246186,20.1143115858343,21.480723756518,20.8736522620921,18.9353910685678,20.870462098678,20.6819975554137,20.2450256265271,19.7368108206497,21.5627392899142,21.0044890010445,21.5825984972117,20.4072787659953,18.2442448670151,19.2373194740114,21.267907129759,18.3604570159103,19.3144347508048,18.9603711917442,16.4170947024237,15.0682364259051,19.6229430067897,16.5743673033855,18.5994371213155,18.3540539683691,13.1607853375117,12.9011809530569,16.7426023890627,16.7497578610285,17.47248351218,11.3494369295074,20.7039505333103,20.1952671524262,20.1150623737259,18.3462337392559,20.0717115250254,16.0746816874023,17.6044583573029,17.6786315104496,16.8487349453744,19.5339134737395,18.3734441241776,21.1487706083011,21.238409400572,22.1147250520399,21.7044567828771,22.0881881964059,21.8963545314914,21.1251044121058,17.8442906087091,20.3813361575682,19.7686978560059,20.7444214225242,20.4704229834486,19.6088950289847,18.1144814927613,19.1996648585263,18.6418730072216,20.7593068573272,16.5180013591432,20.667064714322,21.1177334163608,20.4183054064219,15.2887628100306,12.714768210011,14.824114989522
77,4.14894789942523,17.0635712281342,15.0840082148019,12.3402618826219,12.3266865690405,13.6429442138162,15.2708884596744,14.5233138370433,16.22694002171,8.25511069266631,9.15257271390641,8.29889870798785,7.35535443187934,7.24043574334997,8.14228296535551,11.5533361430671,10.9641436150574,10.7834136996705,9.56708064370921,13.4657657990694,5.08417135006035,6.08637740289736,6.61605879597834,7.76933750452711,14.7797025994049,15.3742194042196,14.098991279113,13.9282740796325,5.35399812321072,4.54127589729834,12.1490378036398,14.8215309195084,14.3017785690534,13.8723873008718,13.7225983175678,12.0688391065162,7.20786496176905,7.5584091382748,8.19579293370471,10.0292902306062,10.3889294603974,9.65716558725443,10.7219866218378,9.21024105330906,12.4943283864001,11.9415860696785,12.7839526437106,15.53019617072,9.75219277414821,2.52393311217185,5.13054380045582,8.5633148038467,5.65813053918408,4.34489975369497,7.78547118569314,6.56667276533361,6.83214591500987,7.34154171605429,10.7544811007171,8.89995861158195,10.6738819146305,9.37318073457342,8.75359854930984,14.5496736282139,7.62326080770046,7.74278241659453,10.7819719195342,9.14205676234161,4.44208245790158,5.7456965184037,4.17770183380717,11.3630556108586,11.07851844649,4.46667373228926,4.78598901652683,6.85093906971093,1.85712501054378,0.0,2.23372590831715,8.33251093014365,8.01734704897551,10.4685485496545,11.5077075708405,12.6029328446422,10.7085456188521,7.01625744093161,4.8402214134105,3.54203661771316,3.88959016423805,8.24923632752641,6.44207852817554,11.8262386170499,13.2929113176777,12.5550658490492,10.1841617015976,10.6788224395084,13.4639538072021,11.4705476378721,11.2012507372877,12.9925218094725,11.1760106997602,9.21131512139615,12.7614085759254,7.87258865760484,2.18047262140883,13.2931193876534,10.8307754165064,9.70060203958878,6.63092612830253,8.92818847545956,6.88931600276779,5.45997071901127,9.10949736313947,8.19472760608311,4.28273497974697,16.8804180577397,19.1718075419035,18.446761015503,18.4284958304029,17.3946672060129,16.2047760192464,17.3958673531646,15.5274282651432,17.0941705898712,19.0498964471184,11.2526393451559,11.6806856485485,9.17457069608386,9.42493805502485,10.201622721833,13.0958049058717,12.4087312127269,12.3718065463502,11.2181398428489,14.4679414498709,12.2140544997483,10.6309658415087,10.0544784194387,9.94708161621281,15.8708907678421,16.1210148656962,20.4118879971437,20.9781036125897,15.3555267113623,15.2132245035785,20.6136083210602,18.3303176520955,19.3824024241156,20.5370443662526,19.6417859896269,19.7548089352272,13.5737329034346,17.8156892239944,15.9730858461155,16.3445160824865,13.328442254169,19.1859398220095,20.3142488993205,18.0001271408288,17.3889242511468,19.3191740087219,15.0457475433857,16.989081919145,18.6049819227352,15.0233778175588,20.0484635082414,21.5054199219947,20.6488241642164,18.8097483434296,20.768712239979,20.5544769871881,20.3348373980796,19.7950319502743,21.6924757476813,21.188429730163,21.7903387045799,20.625362398005,18.4844440171425,19.2099557498621,20.7815423672941,18.5930236236399,19.8124668594432,19.093387415157,15.7414541907052,14.3121224109015,19.2285209429457,17.1713073922256,19.1377139289335,17.6758140294238,12.8726019882538,12.2412191017389,16.7023462184561,16.5098450016928,17.0108094129055,10.4096495070097,20.4080923959061,20.4317336014758,20.3232988810748,18.7083229329231,20.572294329745,15.1755727874416,17.6100712320963,17.7234621202918,16.8794596419593,19.8498425343529,18.5856142838191,21.3882102495991,21.3079899966596,21.8790245758619,21.3599132103156,21.3956583512734,21.5598833984969,20.5172642707277,17.3181649484274,19.9260577203276,19.1483427225158,20.6817740015248,20.8330863133784,19.6696824217068,17.8789449244644,17.7558496788014,17.3643900985218,19.7667228741601,15.622650802275,19.84028247641,20.4338085027747,19.8473028728299,14.1698127814995,11.8730289487559,14.2304010715048
78,6.35833190458541,19.2381590344816,17.2348772479249,14.4559355030488,14.3896298451456,15.6240555390793,17.3432554657181,16.4340661411103,18.2549261181534,6.05158513758566,8.18359012855359,7.53052472133185,8.1393438679718,7.78788546052037,9.48970602917658,13.5094286605371,12.8963292789534,12.697667190734,11.2808969107378,15.3444089815314,5.46934933283923,7.04412559788286,7.17600719421079,8.00309212213966,16.8672386001063,17.4092538406654,15.0321288502846,14.8015329606412,7.51066053338858,6.70239232086366,14.3194202237108,17.0194012893898,16.5262082588268,16.0654148211891,15.900903344518,14.1475389099244,9.10222097272341,9.77841498762211,10.3842296283368,12.219259707966,12.3293016291764,11.8294483558714,12.78737460537,11.4392145754646,14.6945607879379,14.1655787114965,14.8690324695183,17.6658654419034,11.4359070757016,2.50204923421815,6.35724639869412,9.78292314654521,6.26273292943921,5.57064223045881,8.75581286053672,7.53288815310904,8.31821342368184,8.75569443424861,12.0895045209022,10.4266207018234,12.1426864291797,10.9304315226498,10.489478496691,15.4703468643437,7.37252246962393,9.52483353918914,12.7042020969973,10.5817038933002,2.70751415485017,4.43513003273903,4.04713685505604,13.2635180558399,13.0156109093458,2.23791030413515,5.21246590334282,6.36020490758431,4.04166625835825,2.23372590831715,0.0,7.81481894959789,8.48382749982131,11.9910456289279,12.9519368411637,14.1618847353038,12.6637245331522,5.89010231565031,6.46531030878839,5.52100880127825,5.80469681559497,10.1008158310039,8.31950780737962,13.2778045938708,14.3956010579471,13.0913532806614,10.4972776228635,10.059026960679,13.8555721289036,11.2436737779268,11.3193811464409,13.2328214349787,11.0269948482458,10.2008018049098,14.3335648900607,9.22388204553983,3.18520826598815,11.4766883456681,8.96696687959767,8.10756370458551,4.82504659967321,7.72161694583797,5.61815165537033,4.40262904061264,7.57806248626855,7.46591398688224,3.36965628732448,17.8218649624393,21.1974022831954,20.3361218442892,20.0815959226179,19.0607565854454,17.9828702280039,19.2992678814379,17.3607279803105,19.0570361076734,18.4961159525442,10.5453591860582,11.2619074322515,9.87228986580257,9.91544750076179,11.3720106954862,14.9310816555792,14.2011332306775,14.1328473894258,12.7647244214128,16.2744113099437,12.4835690710796,11.2952946021653,10.5367462281331,10.2285601192905,17.869631072821,18.0984325905452,21.2570039036566,21.7991908543137,16.4740202396558,16.2301792516306,22.1997649492131,20.2563749685992,21.2310048945833,22.2745894939529,21.3850516572236,21.2966626161206,14.8374341117109,19.1278074801208,17.4098858270884,17.9512852728463,14.9753592787055,20.6182700816722,21.720484305583,19.4762860605017,19.1708516587628,20.9819271805847,16.9202309172931,19.0074701081631,19.7764254494812,15.3031008541259,20.7498034417834,22.3377618885823,21.1707264616941,19.4674039448509,21.4739066111868,21.2108279463052,21.2233827368273,20.6780656296507,22.6660062551507,22.1933852401579,22.8365573866652,21.6845772881057,19.5896664772931,20.0763547937503,21.0247561771172,19.6731926897372,21.1590380189794,20.0952332729689,15.6253668061941,14.0784130972538,19.5421132099191,18.6520357925744,20.5352143644773,17.5706417217099,13.2432337178077,12.1190557748692,17.391272207509,16.9796124159181,17.1916274512033,10.0630387817953,20.9032572532745,21.5282886446359,21.4057571558626,19.9728780621959,21.9039736474542,14.9269618198237,18.4351403107961,18.5464612289497,17.7167419265843,20.9893935961155,19.6168387550979,22.490362272414,22.2522019708333,22.4742832718806,21.8112614100163,21.4039657245562,22.0467305589569,20.6651433956139,17.6221300438244,20.2867613680305,19.3006076707797,21.4554596933021,22.0715853735985,20.5691320394972,18.3795058301474,16.6078852005169,16.4765594481706,19.3338464934842,15.1947425978929,19.6534045696732,20.3878223085839,19.9372045817875,13.4000935791091,11.495335508287,14.2349720178157
79,10.9470845165358,20.1385631688035,18.4711174021461,16.6211035233601,16.0476154397627,16.2115039803497,18.0532675945329,16.4823824211934,18.4911695149883,8.9820281874416,1.9957284943883,3.58291565727049,4.66000561630711,3.80320957868493,7.48225004623435,13.1452552585661,12.3448206911373,12.0673577300462,10.0589723569806,15.1721438484597,4.6706002064842,5.31207703738526,4.18140638726103,3.48591711593444,17.0089409284369,17.4500293493825,17.2646675755212,17.3873873847442,10.2957136019638,9.79225465577108,17.6724813548728,18.2267631249264,18.4801421852392,18.6772121030894,18.0196621988539,17.1270756659713,9.88125104956357,13.4419737075938,12.5899380592496,14.0042363190788,12.2077188603438,15.4956433981409,16.742385048627,14.4996252828094,16.2042770123915,16.8884739891179,15.0937722250312,17.9855794440491,14.8370018355183,6.30275995745514,12.7535945347692,15.4107438145702,12.9373654362819,11.5454971271374,14.2529849907996,13.5626045666289,14.0845560731519,13.8799706336075,16.7856357881574,15.700896254103,16.9484606933218,15.6309205729508,14.2291602085116,16.8187494539563,12.9021155159984,13.7909731801553,16.3380610429717,14.4207816779721,5.96982896902603,4.42769959293813,10.8703834833861,15.2004119642942,16.1183109552253,7.9161440865851,5.11751357940271,3.23337347327682,9.44009607113018,8.33251093014365,7.81481894959789,0.0,13.5555091431574,16.1106927356703,16.4847422287454,16.3387280247746,16.768360683122,6.62414075273992,11.2562495513707,11.0419525234762,10.5873666632203,14.8923986965629,13.203522967511,17.2839969698559,17.5761128191209,16.7670035539156,14.9733676767482,14.1001040279029,16.8134277330608,14.3545895848993,12.4972981778378,15.4633644032419,13.2388596141982,14.9373763088997,17.6508007570179,14.081798830341,9.74314771658206,9.85050718233167,8.47466015437932,11.0546531990889,5.49137059499195,11.5845810724279,11.3441954566825,10.8746802359621,4.42849770151215,2.6555312580924,4.8915756431926,12.1756916884305,20.3521130583244,18.7629344349757,17.387799610348,16.6675086451567,16.4962395094634,18.1934567038251,16.5917230817415,18.5572461330399,10.8569937892092,3.053076945099,4.5786918348588,5.0289857944837,4.31704939162037,7.81532695305622,13.536576289946,12.5666975672962,12.3267286569211,10.2953185597602,15.3620568589407,6.01322706827059,5.96932290085163,4.94445032278937,4.24337608508536,17.1264459918207,17.5371856941608,17.9873197297226,18.2602955008727,11.5068040200965,10.9459038680874,18.7755582727651,18.627859949225,19.0660291256874,19.5736258710425,18.8502921807785,18.0289012263954,10.7146300886989,14.655683559731,13.5531388791078,14.7884911574977,12.5405796220422,16.5965171007399,17.6999759372303,15.62682231172,16.7734566134444,17.8807639781049,15.3244877056288,18.1415212002956,15.6921437454813,8.15201117263682,14.5498099736258,16.7694925166594,14.6718228329541,13.326367920967,15.7779313015531,15.1610877322966,15.5778302154081,15.3012323556604,17.8766175378037,17.0317630085042,18.0516532564533,16.8854499045866,15.120184579806,17.3932310740696,14.5595136806822,14.8946804692845,17.2715939707849,15.575821513155,7.91502491784161,6.33353849491524,12.6151091390989,15.8364085159714,16.9927842993891,9.89809034974889,6.60497773854585,4.80909138634811,11.0352958964482,10.1544452668835,9.82080529413316,2.29366196353814,15.0388497432478,17.1389049678147,17.3431826866764,17.0544519714062,17.7536344168027,8.11419058824314,12.8059296027667,12.6089672754408,11.9860986888499,16.131373025326,14.4190673736225,18.2996503020414,18.4776702092279,17.8577165575455,16.3323062017589,15.3662391622233,17.7302640875123,15.3668782888486,13.3839612055647,16.0226150639026,14.3103997861903,16.313451106231,18.515097853858,15.4103669078422,11.6999458864656,10.6227156778493,9.69594713963833,12.5297795376194,7.3848439763955,13.020211627276,13.2466607413189,12.7651953037747,5.8994046940663,4.0982951794635,6.69416278067251
80,8.10833627907061,17.9588191445129,15.4892574876132,12.0893183602061,12.0301999969953,13.4527980812915,15.313015446291,14.2031706827631,16.2045788208885,11.4044259209505,13.8026791655758,11.3407090300015,12.3112052762273,12.9275486617054,13.8683267729969,13.8530742170665,14.1361866694953,14.5166062876718,14.4136262330785,13.5896454032944,9.35464315561718,10.6259367593065,11.0249846940175,14.2078489103153,16.2489023768599,15.9998617156692,7.82632792199397,7.28169220675002,10.3498725729032,9.762802374991,12.1834751100689,16.6918388154595,15.6815075538466,14.0114650700689,13.9400877382333,11.0411426716099,12.7322808236125,9.88834299829248,11.9887648681341,13.2278019177696,14.9663489024282,10.3593665407107,9.8723505358204,11.2996512924238,14.8766957098533,13.1821115563348,16.0108017946392,17.6438612611243,6.61249225010918,10.080073683385,4.55078681336966,3.89231428389615,3.65389502063201,4.26037804660525,2.28006518898419,2.92322753169684,4.74226532137732,3.91400683426141,5.26322264393165,5.33789991003412,5.91046321468969,5.45313306549037,6.21795212287468,8.96240442601216,2.702132268936,5.89895426835597,8.64508530237924,4.85957400671443,10.656378273861,12.0931717368813,4.82442356261973,9.90475317773099,9.12527582576702,9.302434346298,12.1085415109986,13.6652800217631,8.36063719795888,8.01734704897551,8.48382749982131,13.5555091431574,0.0,5.94795967572429,6.50238529790743,8.70829745158228,8.87000044404996,8.40049786612532,4.86335330535478,6.59414773498162,6.10261340307832,6.71931405018604,6.12160602343688,6.62639259988438,6.86776811643882,4.88110598069518,2.28393892363127,5.10350056523378,6.10037019834244,5.0625638348667,6.44770550474096,6.35557873320237,5.58521944166283,2.65727815083187,8.13980773012808,3.67598220090843,5.9352506829526,14.6309399222732,12.5687061017512,8.62372122154703,12.2147713241297,6.49742121835203,6.11392098638998,5.74152880444983,14.4139329589941,14.5947207934169,11.1166404489875,20.3173267177626,20.4850309964491,19.6452826776854,19.6015222301844,18.3406365095698,16.7244275694268,18.030490093118,15.497440159734,17.3313672478744,22.4969244474722,15.6520106866033,14.6681637712514,13.7917072557277,14.6256815169221,15.5676138421505,15.465763961429,15.6042389296244,16.0759856406534,15.9042462728147,14.8214142298503,15.5443895329991,14.4799567701439,13.9533980136969,15.8739419545552,17.566617226652,16.9280823774683,18.4517961351308,19.2051236440791,19.2744656812963,19.1648905393105,22.3692511056632,20.660249154594,21.5593111426325,22.1230207074079,21.0735193044707,20.8556368805246,18.1936749468832,20.7310245326787,19.5706610186199,19.6772672164873,17.7106286220935,21.4148955497048,21.9064536463839,20.7568638119116,20.185161824425,21.5752312165556,18.3805466330447,19.3120482425665,19.2153098736488,19.5699133759677,22.3559118734296,22.7417157882309,22.7505765379942,21.0052936977135,21.8799166293316,22.2122521330162,22.2359473252257,21.1880496119152,22.0386610561949,22.4676319523742,22.4214683045924,21.5577243663491,19.4907445195251,16.805650818913,22.0496062097895,20.0449591519456,20.7561537936298,19.587223303388,20.1667557835786,19.1746060405573,21.8148631587355,17.6331825414054,19.8883283562663,21.4653215829479,18.1692610367708,17.8571698264946,20.5406190862734,20.2845199954833,20.9022531037352,15.3004008104928,21.2574550542023,20.8312268367765,20.1520214292969,17.8843616386648,21.8048414067267,17.4186863615795,19.7614626160661,20.672354556629,19.5740490255123,21.5417128492707,20.6963372371311,21.3063602410817,20.097099461057,20.8937241230649,21.3799715609509,21.6610930008902,20.0560148658565,20.0237804468127,16.2811678938147,18.4586606687106,18.5011356572308,21.0812640248479,20.4203473130278,20.740728987008,20.8928948565954,19.7990468085751,19.8777825537779,21.3123067429663,20.1054632873744,21.0803117345991,22.5560490343826,22.3160388934428,18.9612234879961,17.5578630377043,18.9549557199474
81,7.9191406444836,12.9554195670396,10.4901545842214,7.13892630126062,7.2617293909229,8.92311664884647,10.4012845412055,9.80346642366794,11.3590976873385,16.4727584271429,16.9812076896932,14.6021238612976,13.1525324117965,14.1286427184993,13.5881934154229,10.7454218202837,11.4814791480374,12.0965976794351,12.9700166504709,9.62209029882532,11.446755905455,11.5587171616213,12.4309127167429,15.7244031035271,11.937048729419,11.4646455192532,6.27506272785638,6.10061168556154,9.56988525858003,9.42716399450835,7.33615098729455,12.2217310841235,11.0066558789302,8.88980924001784,8.89058687585912,5.77093991293166,11.7272478420875,7.35276646422009,9.68385583548158,10.160584340731,12.7878919368898,6.44496573885219,5.12759712214561,7.97848389282181,10.9373742935422,8.80304324330108,12.6216329809218,13.353562781266,1.96467152618768,12.6506182493656,6.49100434048648,3.66225524312978,7.27297661125166,6.61821979047508,4.42108160641005,5.50254647838351,4.59295448167895,3.44960907515757,1.65013051228086,2.80266601557986,1.59437229082222,1.55543110435607,2.3640142459047,7.4742875704562,8.58953019785772,3.11044422427394,3.31523970690443,1.77564781230075,14.2957356385658,15.4518222028325,9.18701676841122,5.24500290715028,3.83137127294753,13.5882354106264,13.8791953082362,16.1368432924673,9.73404301057418,10.4685485496545,11.9910456289279,16.1106927356703,5.94795967572429,0.0,1.59561976900244,4.14840807361336,3.81683234659058,12.7634411099892,5.63819853353566,7.37930126326763,6.73922540112977,3.57017191715343,4.65938133895067,1.4191396277341,4.28974485252168,6.32638323789194,6.52157738851501,10.6931363233762,7.74773682375196,9.57260394732679,9.20612756718656,8.60525250186498,9.55616637509575,3.41052980477403,2.64625993633827,2.9353109868787,8.89975370312021,19.6388474369979,17.59742807543,14.3009332205916,16.1658674838976,12.2718764851217,11.7068217968376,10.8960501693472,18.1970079336896,17.291082734209,14.1263308312896,19.3316170568976,15.9456719141724,15.5374965537787,16.2173370029974,14.945605971587,12.9543669921337,13.7795272207982,11.4137381727378,12.7622787530069,24.6357522777441,18.3690663394982,17.0358265872981,14.4005788868294,15.5427832715363,15.14101842964,12.4498979028885,13.0367352053057,13.7133579753457,14.4389020806583,11.0801232112064,16.527825748668,14.8965590686585,14.8141743415487,17.0462213937682,13.4944706148684,12.5914271684046,16.980622118966,17.787408857281,18.0744631898659,18.2172688560166,19.1547977809615,16.7732880147453,17.7719854175481,18.4371198148087,17.3914353249014,17.6958227993327,16.9639487724624,18.6814712983101,17.4943921668424,17.0820865150337,15.6091636238744,18.8212033293461,19.1952797422332,18.2349510596099,16.9015489476965,18.3369806893608,15.2394588120083,15.2771779008343,17.157792435342,20.2398008104127,21.6197562350118,21.4958351342652,22.4099919171216,20.458964372762,21.0113654754161,21.5175167374646,20.9725057268806,19.9327601595532,20.3087207839289,20.776970598667,20.5081442530252,19.7148005393392,17.6854731234838,15.3162026234399,22.3708886623735,18.3536338429638,18.1431409788618,17.9694267898646,21.5623736881382,20.8657673081047,22.078626959849,14.7308574099199,17.1387870160913,22.7388335106588,18.8669331382997,19.4697939747031,20.1811787865597,20.4217908024082,21.6215017629816,17.4650073724523,20.9536511384873,18.8309998900456,18.1308031614204,15.308188519545,19.2305911285251,19.2265743270438,18.8908270178764,19.8561065022764,18.7783190968461,19.620480135864,19.2098597195894,19.1691918141244,18.3210416016438,20.1499576148595,21.107078746257,22.5445194992061,19.6330289672494,20.6199588517397,16.7336638550011,18.5221898271589,19.1909084184638,19.9852270449809,17.8526012413905,19.422059542236,20.8286959464016,23.3063881262045,22.8288004131886,23.2762668277818,22.0960847918479,22.4943441949927,23.5818689519424,23.058097124366,21.6026869629949,19.60764540963,20.2175283635178
82,9.11053128251346,13.0648517194247,10.5840338361223,7.41904825615177,7.34303014017303,8.68362788514562,10.2516258911666,9.38476158971853,11.0664660728874,17.166333161489,17.3161715514804,14.7902941561951,13.50634001022,14.5746598174456,14.1324553838161,10.9176214357216,11.7938796350265,12.497393159169,13.4691737508141,9.28984109539774,11.8774385151284,11.9566449116226,12.7540618050434,16.2657438184422,12.0114992942953,11.3037982759378,4.85965244802389,4.79393530619055,10.5705564352923,10.4395124938074,8.12017330145046,12.6335495593005,11.5211660571565,9.37461639308098,9.23020603163242,6.2315332280866,12.5374999581075,8.4863560600693,10.5925922544797,10.9373134478825,13.4029993291292,7.49556435834192,6.14287584622968,8.95161444248681,11.5303602156051,9.55206145473404,13.083074527324,13.6077195919909,2.43217339689485,13.560926354134,7.80215129015812,4.98003338754954,8.43064047538828,7.76254652324166,5.43969438355969,6.67701304315865,6.04800697451053,4.73710163020178,2.56460031459507,4.36752223330722,2.89886446210794,3.1305846443822,3.3048086706201,6.02454286285894,9.19841157322104,4.34658624811435,4.0607522606294,2.37533126573512,15.1186512532583,16.1802095208914,10.1776608717343,5.11022984217381,4.21651903827899,14.4621585370657,14.6736797502195,16.8042760116695,10.8839832913768,11.5077075708405,12.9519368411637,16.4847422287454,6.50238529790743,1.59561976900244,0.0,2.96121015110072,4.86138252661272,13.0662002644771,6.6854440394439,8.6137898887771,7.8245128196304,5.04632296127369,6.01349751276505,1.19170644949837,2.96245818825117,5.74646048748373,6.60694871738318,10.8137821185148,6.94583575074831,9.32227776261477,8.6204329011267,7.81753821047066,9.17489047077202,3.98720584143756,1.65739490802589,4.10085014261928,9.96201783526389,19.8150224870737,17.9086257537707,14.6469378696796,16.881281672034,12.6268199489439,12.4216325264962,11.7494487510763,18.7434317931827,17.8739944957193,14.9168955673566,19.1020140004376,15.7641152900145,15.1980961816737,15.7095927225334,14.4278549097272,12.4654206204483,13.3797659196386,10.9033333946136,12.3742892223697,24.4542375213895,18.553356603656,16.9801627855008,14.6123107561923,15.82429256808,15.5101312204555,12.4503527916268,13.1815255377444,13.9359078592763,14.7727647310745,10.6566464271195,16.4156360204363,14.9257426267332,14.8744671131627,17.4308117548709,13.4347277721311,12.3449569323243,15.7673173367482,16.5914592306259,18.0044604799813,18.138816372248,18.685024313016,16.6975936594854,17.5728672319168,18.0166013753204,16.9600517069219,17.0959723178973,17.1175841728667,18.3993922698251,17.4337555539814,17.0320227244129,15.8798669618688,18.4106235145703,18.6310233858109,17.9704225527457,16.8211183209923,18.0295279374363,15.4041368501804,15.3359780849392,16.3997223162815,20.2352062385163,21.0967819779999,20.7607275566342,21.8416121977202,19.9427570753241,20.2689882947526,20.8719008415145,20.378414511459,19.2599329387543,19.4245210703111,20.0646134311861,19.6756131151715,18.9567644291676,16.9917057179693,14.0652407878095,21.6887661863904,17.7332095192934,17.4506755877045,17.1644410015531,21.5443510377813,20.9690020183904,21.6329239326553,14.0522335165361,16.4382829951607,22.5682505376882,19.0553484218767,19.7477374455322,20.0104194383966,20.2386523115113,21.4572273062293,17.6972017441634,20.1882891675234,17.9879559558199,17.1923158857883,14.3145364845597,18.5733708600564,18.9136457687593,18.3992245713053,19.5041512625978,18.4022198125022,19.0241686923523,18.7029870125801,18.2274697002308,17.1948097227357,19.0714807292432,20.2008801705737,21.745309092685,18.5066224411904,19.7134177753336,15.8225863474967,17.4633206895363,18.3008343399994,19.1268845569688,16.8812692612164,18.6972693477647,20.4777906107163,23.1249191908075,22.632308795868,22.7809996079702,22.1298743455557,21.9018299833441,23.0777946580149,22.6016286054158,21.7781933674501,19.9295929026582,20.277551209536
83,10.0093511552155,11.4016517304903,8.96063109015465,6.31669873244142,5.82992651405902,6.50521103980356,8.21513012924102,6.91941595032035,8.7880833140948,18.4653904330526,17.3270087306956,14.8210540702791,12.9304105213729,14.1608542003177,13.4605492590139,9.29980403368874,10.4072373525341,11.2483232259748,12.4982972391729,6.94055244564774,11.9402558636473,11.5879743277883,12.3807956327569,15.9878157568464,10.1604864003298,9.1412417773265,4.95103661627834,5.39839560887803,10.8084982239048,10.8119596071112,8.04137145119178,11.3871769242102,10.5780350343001,8.65333104069596,8.15687881395974,5.7782967902936,12.2293571244948,8.90887893337191,10.3898680602788,10.3870264805867,12.5022370346982,7.82318965789522,6.73457286230688,8.94453365199758,10.6004394212915,9.12679938747176,11.8236608094708,12.0112113580261,3.39618475196636,14.3187206695938,9.83544728333652,7.6362952427094,10.6479953931934,9.5309037832395,7.91205471560741,8.99204874213531,8.21790176871705,6.91011316520843,5.49115405674172,6.80571866699879,5.63280831903317,5.52257825712554,4.48202964580336,5.21432291621651,11.2954013856963,5.76413111055557,4.61605013265535,4.30186259135605,16.0298399349059,16.794395472364,12.0091092645643,3.55343599772316,4.03340704984721,15.7526291228852,14.924966943254,16.9873780211332,11.9181901735442,12.6029328446422,14.1618847353038,16.3387280247746,8.70829745158228,4.14840807361336,2.96121015110072,0.0,5.80673163863197,13.7764314105556,8.03823431080566,9.92537456375741,8.94330714841957,6.68286743963833,7.48165504067543,3.93609377443755,4.2451741053562,7.57179760869152,8.77017299983708,12.6272103612713,8.21930199678304,10.7857424043708,9.00599989143742,8.67383948906756,10.1899359838114,6.53166147542753,2.54359948393502,6.35051979080654,11.4248955818305,20.491488437462,18.7432254081608,16.0655180004128,17.682391631568,14.2185459866734,14.2620691219559,13.5819073918878,19.1854739273692,17.9757963032848,15.5566146838999,17.0984661951516,13.4963262298412,12.7011331109694,13.0533832380531,11.778113903395,9.84670839447143,10.8442761842824,8.28246041519421,9.89920845871703,23.3859975728962,18.1825015612291,16.330554206295,13.7202605963103,15.0476737578867,14.4787964620836,10.5130360728324,11.4844008378811,12.353487162247,13.4837313999423,8.15527739059205,15.2210835395118,13.7503319876562,13.881720547069,16.7891452746462,11.3253921185955,10.0184957638783,13.2956643418841,14.1095075315158,16.142019343422,16.3249941470292,16.0481639656665,14.5034094827038,15.2082542648969,15.404801181482,14.3463585488484,14.3693207804309,15.5445132112951,16.1173408335033,15.4127191778619,14.950121167124,14.3405739891661,15.9078150833182,15.975589637628,15.6316796596246,14.6329357702246,15.5582666295771,13.5977708885118,13.36120588466,13.7770665618183,18.9000327624645,18.8803356884168,18.2872974451934,19.7021904024401,17.8098445033826,17.9100267165357,18.5996556249999,17.9833196271424,16.8400521308565,16.7849114371048,17.4971835422695,17.00487200463,16.3447115269757,14.4565398193637,11.662581722823,19.7248434576414,15.2579923873614,14.7335058436415,14.6202225969306,20.4007333590811,20.0598871808151,19.7670008424854,11.3426125428868,13.7046455724742,21.225741849824,17.9720879086754,19.035683127963,18.2106488735448,18.567857046681,19.9574685879622,17.2007383124924,18.0068657928212,15.3146585226582,14.4960230208655,11.5173455832001,15.8732552510376,17.7835259531922,16.2221624577311,17.4257640002043,16.3357499835506,16.4887232094116,16.3408150578935,15.488128881752,14.5608141739219,16.7365565708032,18.0029824004792,19.9791932462799,16.3290246085852,17.8816055461237,14.0758227788288,15.504602613104,16.5562133240719,16.679666213065,14.0573794494969,16.2433091969901,18.5987220851177,22.6974915179564,21.9438896697307,21.517031561543,21.2308221291361,20.3932269411783,21.4195839949456,20.8737848839227,21.2669152836788,19.4106094922554,19.198660810722
84,7.03717333853143,10.0470999859918,7.76803819523334,4.48686623407719,5.17925737889621,7.37625143953705,8.2443523033849,8.58362551867799,9.45062017940612,18.0120510100685,17.9809497238824,16.0462153998861,13.1822371236053,14.1007130553539,12.6086051724736,9.01617693106975,9.68370341779317,10.2125420796012,11.429714485908,8.51484635254639,12.2261194842851,11.7678701209042,12.9026062581446,15.5768801259371,9.51012085143121,9.43326673760713,9.65434741629629,9.65131199884868,8.13667116062624,8.29801931516126,3.63667235742181,9.03734222955218,7.60289177888993,5.47451004666568,5.78408590478005,2.7902209870448,10.0856502148931,4.96074522202501,7.30816634986811,7.38871510595939,10.6006538697664,3.16010809849292,1.37195354303638,5.01755706982545,7.81912992154348,5.30726655638757,9.95460902771022,10.4934364403198,3.47509198972838,12.8182497714075,7.3371177233534,5.66349349355709,8.7703423436949,7.6862425349904,6.8661766225496,7.26443124477257,5.35145957786983,5.16285029879388,4.88687944175541,3.96510361098289,4.00208465024008,3.54497074164085,3.31107565641883,10.5471007207494,11.2115838749275,3.50150560612541,1.24579161226073,4.72846458738243,14.9921304043772,16.0412625781424,10.6387422288203,4.46272294785388,2.2305367797428,14.6247799428794,13.6444753423265,16.286859666138,9.39213554985724,10.7085456188521,12.6637245331522,16.768360683122,8.87000044404996,3.81683234659058,4.86138252661272,5.80673163863197,0.0,14.7093545692366,6.47441318196779,7.24081970605746,6.92896590037558,2.73324816050854,4.36743194962395,4.59358821194354,7.78294222173005,10.1367553262595,9.99752015495682,13.9130250605245,11.5449187132702,13.0847244596955,12.4321930235969,12.2800864637587,12.9637688681212,6.7140529974985,4.63273475611333,5.21049558834977,9.66879099854733,21.8293514377452,19.6331183787064,16.8190813284473,17.04987509396,14.9310399527869,13.7997638218921,12.6580532844452,19.1276038163118,17.6176910662574,14.5445213856599,18.9113851054815,13.6764484906678,13.8186414806237,15.1864340045231,14.0079583797434,11.9008031682861,12.2159935562764,10.3745206010021,11.0819403124447,25.6487776152719,19.2960877550305,18.2707626139284,14.4159427596256,15.5090311889172,14.2284308593344,10.9116145396923,11.4394895762173,12.0329713045523,13.0354163898062,10.0992473934983,17.1502404215847,15.0814159959884,15.1954671408502,16.8691132439604,11.3559720102504,10.7516911782061,18.4477265192476,19.2013897281893,17.3027173164778,17.5952484259194,17.9948855975389,14.5857895980711,15.8334912811299,16.9638227040712,15.9874052617918,16.8953237398047,15.8332184949637,17.8029704061464,16.2423781235136,15.5394005873893,13.8491990398729,17.8885818727354,18.4907058319054,17.0835530694411,15.0415676181071,16.8755362584558,13.0879968555802,12.8233155386229,17.3063907350142,20.2792833242374,21.8013673204785,21.833243264801,22.8684301818918,20.7808528922022,21.5887540413022,21.9716228505436,21.0340302745326,20.2030025450525,20.7454981772619,20.8553490676743,20.7286928316277,19.8506154342354,17.8104484292467,16.9594558345842,23.4266908204898,18.3563990324731,17.8028288079212,18.4100757895663,21.9692031458313,21.250112512167,22.6407165199838,14.4097564229074,16.7939808212857,23.3109831409989,18.6500996309072,19.5747272592466,19.9568869093224,20.4846980670914,21.918613071606,18.0614347890218,21.891157704386,19.1005237509853,18.6264631552479,15.786374778667,18.7874314954741,20.5126489416277,19.0616048262462,19.737370645791,18.7720601720342,19.3872179228367,19.0549306487588,19.5609407095685,19.3539933714545,21.5560400708914,22.3535308630947,24.1547485753124,21.3502548520136,22.3738560600717,18.6109873217251,20.4094434646153,21.0247166619565,20.724240260848,18.142531458242,19.787454049479,21.078582525382,25.1458808903057,24.3886845706241,24.843408611234,22.7190305850032,23.973958991381,24.6272483457222,23.8694616099712,22.3583581660681,19.8732568948771,20.470678323701
85,10.0564360976451,21.046936063173,18.8505765873929,16.0963902393688,15.6331950824272,16.2825472459799,18.3987760233878,16.6978282378452,19.010863103156,5.77504575973299,6.02489515345427,3.71529644743159,8.24096743263781,8.25770297975183,11.2370695931987,14.6971376499239,14.4005519331327,14.4634193144137,13.1699659635418,15.5855638405088,5.06219828794221,7.29636385918364,6.6227493116786,8.95214737463089,18.2993996947412,18.3331287135724,13.1328768203701,12.9874058527691,10.9759511492349,10.2196781427582,16.8966137155592,19.3827067808661,19.0684565366837,18.3667098913185,17.8987479345919,15.9380619715804,12.1216912169518,12.9990706841954,13.5330611794337,15.1048628719578,14.844251664209,14.6337997528075,15.192164393785,14.4491860501824,17.296176243348,16.9021365893134,17.1417837872948,19.6453724687847,12.1796477991049,6.70950361295445,9.3345010747142,11.418760220164,8.6900762214448,8.14073913438629,9.87768800443366,9.41146543819276,10.8011175446305,10.3550419304924,12.8905560307843,12.3236564667802,13.3532878003383,12.3213352372741,11.6469912126258,13.1090656982863,7.13840648660514,11.2345513188779,14.2769660790414,11.0421166628865,5.55024205776448,6.00518892308497,6.58023512444253,13.9360403574531,14.3126164835172,5.31605222724014,8.08218151856282,7.75920614911681,8.62300193371795,7.01625744093161,5.89010231565031,6.62414075273992,8.40049786612532,12.7634411099892,13.0662002644771,13.7764314105556,14.7093545692366,0.0,8.49852270907304,9.12926351508897,8.5715820912175,12.4373598335858,10.8798957283273,13.7285613417597,13.4327280165193,11.4847119078832,9.39594792546549,7.59783697359748,11.4624055157119,8.22157063853049,7.55124038604032,10.1526985200482,7.44213640998521,10.464567567346,14.5751343331126,10.400793839634,6.86411920521645,7.15973588317047,5.0881347503792,4.85405813367096,5.70575811254596,5.06610291600238,5.69257726884344,5.86067693187429,6.76580899203389,7.92604622291473,6.0564370491489,16.6446292861534,22.192774763688,20.6969908600029,19.5875314112126,18.5551826687507,17.7770643482789,19.565487159561,17.2798881525841,19.4992559401249,15.0840253077928,8.00847049022478,7.64123086359131,9.37089263846157,9.59315524670561,12.3540916614324,15.6588727699979,15.2065907129409,15.3446870973034,14.0485050227516,16.2127129567244,10.0855613719924,10.0407103317529,9.03402790308178,10.3670384406394,18.9239437685879,18.7645443270417,17.7653160132163,18.2570853046332,16.0489512992603,15.6030628196703,21.6985226038429,21.2698580543042,21.8468431581228,22.1949636669911,21.2721068625008,20.3998608199995,15.3198053181971,18.4890441315005,17.5544829753547,18.4148904980842,16.3204906864895,19.9103604555075,20.6211589599504,19.1906505610473,19.8850868552746,20.9812580913949,18.3140651415986,20.437526079639,17.7071192621241,13.8064006552561,18.3469284350173,19.6630874948043,18.3062605603011,16.9314254883992,18.4880068780662,18.3773023278678,18.99448223581,18.2059663910025,19.960094908135,19.9264779325232,20.4002992387406,19.4122121407969,17.5000622021736,16.6450414303024,17.2560916309885,17.7016005927331,19.6408569836252,17.5577197929524,13.4841665551423,12.2647274918083,16.6012459450241,17.4284292628359,19.1047067494735,14.8767427463822,12.653059113829,11.3140578153948,15.9860284656476,15.133740252407,14.9678687591682,8.36454735670348,17.3998178166979,19.1583726110703,18.8307592637885,17.7749287988312,20.443400974376,10.9733176264171,16.2370984152439,16.7936073801686,15.8555918914801,19.2465731071672,17.8389524964492,19.9650116196546,19.0775806370481,18.5678156930991,17.9107994665013,16.8523035164717,17.8275246494775,16.0861942958222,13.2344918160798,15.8663468486758,14.7002034040013,18.338860895517,19.8227472035299,17.9989671086721,16.0415878890517,11.9505646701162,12.1677904508164,14.7974511202701,12.8038019903105,15.2437879568761,16.6279680539869,16.5732053766575,11.159811966782,10.5954094345934,12.5493356940837
86,3.3728337056622,14.3513304528532,12.0426660762445,8.81471718262208,8.81996435855778,10.3754121562383,12.1030857269168,11.3149222629607,13.1067056446596,11.5768019057347,12.1467239647286,10.2400035289724,8.87984002624669,9.50760715149663,9.56617169633978,9.78431438986089,9.81162518564273,10.0487175331198,9.88317692574412,10.5068797766359,6.70363803998756,7.20698768865564,8.05223625907219,10.8075987069488,12.4213466556866,12.5860774195474,9.78819023317023,9.61950930041719,5.50670218507195,4.97280828816424,8.8223773541125,12.6288838661045,11.7853286406224,10.6376153216765,10.505904502442,8.15857270792175,7.9617430543629,5.38451300313061,7.21892844437674,8.62232459356645,10.2510399206276,6.54406219393725,6.8992116149261,6.9429479434264,10.5693895254535,9.25981535980617,11.5353583484755,13.5499243877589,5.02367887002084,7.03924423885165,2.72305027844748,4.40907904751247,3.93069351715462,1.89969896802927,3.86836683182996,3.28291500259291,2.94447950455298,2.77861240499971,6.06223131110117,4.47530677191308,5.99909048339624,4.65651653630745,4.04280751895544,10.4669666616414,6.18129913467202,3.10257931963675,6.36933674316394,4.33407624153091,8.77472791097529,9.96872536129942,4.64913030042428,7.32689159805946,6.73187422406176,8.28104979172408,8.53180829950148,10.7831534023181,4.32943487765276,4.8402214134105,6.46531030878839,11.2562495513707,4.86335330535478,5.63819853353566,6.6854440394439,8.03823431080566,6.47441318196779,8.49852270907304,0.0,2.27853795342057,1.37636128807928,4.00936793341825,2.38348471174439,6.99697371431838,8.67596834456823,8.66820461133453,6.91557919959955,9.27891275774431,9.81694864755805,9.18100390239614,8.74717323352168,9.77141005562226,8.93877918917959,4.88418548105303,7.94595852185023,3.21637974394814,3.48919348315374,15.5705794931837,13.2759684266439,10.7943357051027,10.7606833073714,9.17863142276568,7.85424374071824,6.63037012805925,12.9557314229024,12.0187707124566,8.58433910282166,17.0976363159882,16.8832857227729,16.2327032267106,16.4873439901277,15.2950275677548,13.6977788610965,14.8242122270925,12.6208351945179,14.2205236107667,20.9828938696325,13.8634597523218,13.2319923081472,10.4958324078355,11.3336283071776,11.4687843265284,11.5602109730563,11.4562152055932,11.7973330022472,11.5721099725294,11.7793891601374,13.1856448129495,11.4746520257301,11.1460610012284,12.5154723711004,13.7753539105774,13.52799061783,17.9599093870768,18.6484740875998,15.6592595491445,15.6560010547462,19.1022163739125,16.7373647040146,17.7949431605449,18.7487763998547,17.7503798988126,17.9271361167738,14.1664856714009,17.2861842527863,15.7051365478731,15.7146540911331,13.3363583683326,18.1196445912139,18.9293348720706,17.1815954682987,16.2317223539922,17.9927145390531,14.1082252955256,15.2770211708195,16.9749042078769,16.654588305517,19.9157648236062,20.6465887913341,20.6230938641624,18.6703304086794,20.0018091433604,20.1317024496622,19.7559003192868,18.9511227482171,20.1985888414338,20.1365121954057,20.3507976460186,19.320678072815,17.1490100091964,16.5178341068779,20.6654253605085,17.5293972249939,18.1454009439499,17.6251200977135,17.7298346851616,16.6837967647145,19.7102207928352,15.0410720537717,17.295968734204,19.2914743865775,14.8830920678547,14.9636859633184,17.4475274458192,17.4719996358382,18.3641833650371,12.9502233465508,19.769367812942,18.8010705386946,18.4185481363107,16.2171949065284,19.0850976491879,16.1439973411065,17.2422666135708,17.8001249488974,16.7979323897092,18.8471398379139,17.9427569940381,19.5106668909602,19.0808119381087,20.22077865505,20.367411131659,21.0782465187698,19.801663719312,19.6651253100776,16.0070404568552,18.3476299160662,18.2178536251772,19.4652908376794,18.607026600036,18.6353770219759,18.3740707551566,19.6532292662986,19.1953387897214,20.6019081746606,17.9790977842935,20.2325230379586,21.0984561673539,20.5304930524871,17.056932563336,14.8944040124451,16.2711610031545
87,1.74398248869641,14.5400812126142,12.4308007587241,9.41128012300364,9.58318597727441,11.2497062498463,12.7491387011806,12.292299744731,13.8313450935767,11.2524417819895,12.0502890147126,10.6544051139691,8.75966393589601,9.12610382588177,8.9006376050917,10.0077001664084,9.7449702218582,9.77082082597375,9.33881398411527,11.4348853873397,6.87203660557634,7.23781689074694,8.17110619913573,10.1243852979801,12.6664139806536,13.1518829630523,12.0367198180859,11.8618349905853,4.2608948910239,3.65956632999579,8.93244450184708,12.4594234550128,11.6401858436054,10.8251333866783,10.8146693237169,8.84742962681387,6.90470882806962,4.72947675635923,6.37064629016496,8.01815220763433,9.53346579187744,6.46487859417093,7.29916649375804,6.48348039146353,10.230903126688,9.08024484233335,11.1557572762986,13.4655891958334,6.75006081622215,5.87630220521558,2.81086832455708,5.70906218465752,4.32707768751097,2.44897764722105,5.45661406170265,4.3745238948109,3.70602593936526,4.40247667976405,7.7521751810588,5.63497737889991,7.48165763898228,6.15585463981786,5.66165321714408,12.7147488767771,7.327859780298,4.49688538747479,7.43922863262325,6.35769480117038,7.93978532872165,9.18701917679288,4.67444690431832,8.59879467043741,7.87981921689899,7.60036206121647,7.42713545335887,9.92689960205734,2.4367258787951,3.54203661771316,5.52100880127825,11.0419525234762,6.59414773498162,7.37930126326763,8.6137898887771,9.92537456375741,7.24081970605746,9.12926351508897,2.27853795342057,0.0,1.26653789838993,4.75268113932441,2.98046671382646,8.77949805469038,10.8142007291319,10.7884453603114,8.80712760507879,10.727965993805,11.9962602854706,11.0417410065471,10.7919153773862,11.9489824286553,10.8773251676643,6.83654469198945,9.71433432285966,5.04646467350691,2.83081857728197,15.9884500975373,13.5698667700993,11.4744258915988,10.0944912176359,10.090334436532,8.19896617814814,6.73164576441009,12.4742600895426,11.3133520215371,7.68709783228941,17.4009034826911,17.2153770780653,16.7661339171057,17.2133083809081,16.0924215402085,14.5546081771639,15.5193423455715,13.5876241945696,14.9592962324704,21.3174592914924,13.893677910217,13.7357089790284,10.4978194659973,11.1337886718629,11.0191565717453,11.8507889387899,11.4929409893187,11.6580265586338,11.2015403332698,12.6912559209357,13.6377720839587,11.7449616438577,11.4201369137198,12.0345895454802,14.0659547026929,14.1111940582757,19.6862780357561,20.3363438206109,15.7533588258382,15.7715772383845,19.6690970538534,16.8656812746028,18.0441838243475,19.2695025249826,18.3235318240466,18.7222826358285,13.94887554225,17.6386805760571,15.7756099551673,15.7783035075898,12.9859830978814,18.6320556285137,19.6396438522611,17.5098303301952,16.3468174729836,18.3644743050263,13.9579736113923,15.3070907322565,18.0621265479373,16.6795796210522,20.6038685013433,21.6133073955394,21.3884292366206,19.4049835910076,21.0248606325986,21.0111472423033,20.531519934707,19.8773801560526,21.374343585072,21.0597823022323,21.4361330613086,20.3312189529525,18.1471564352372,18.3357199375591,21.6705844864789,18.4071202749084,19.0720391556096,18.7781634780073,17.7990301349885,16.6001168695347,20.3522078358299,16.0759652686529,18.2630896468689,19.5654225245342,14.630918649942,14.610268993699,17.665716422371,17.741908650052,18.6099316535233,12.8639978174742,20.8804606520979,19.9457189843172,19.7112420928227,17.6330453128783,19.928582528004,16.8724054645237,17.97526234519,18.2845904510583,17.3675420979889,19.627793655621,18.6378368167635,20.7676012412532,20.6320318434663,21.7561724456703,21.6813316407164,22.3204652009916,21.4508353146893,21.0926680729923,17.5727541964144,19.9941529841656,19.6830313290938,20.6666074151213,19.9117248209415,19.6487368473275,18.880837034564,20.2386832539121,19.7330017958813,21.480843999345,18.0071451891634,21.2217200439632,21.8646736146515,21.2058438007141,16.9357466428509,14.5037839939477,16.2442235045351
88,2.12434840289151,14.114697851953,11.9210821608366,8.8627575908296,8.89709959889646,10.4353745655319,12.0791851126492,11.4081355939003,13.1010407686646,11.3448079643082,11.6114007856587,9.99448172699874,8.10605862570747,8.63001614184125,8.51212950745659,9.31128433961255,9.1506384124771,9.26930232096621,8.91602271273569,10.5216331045477,6.17524897478449,6.50173882648076,7.43684387063967,9.82429426046659,12.0938166804265,12.4485651947717,11.0290463343864,10.9066956052174,4.27720133899843,3.68264700786181,8.76751940133668,12.1798856030423,11.4279478309602,10.5529308600781,10.4175788772089,8.38522601175818,6.78476161786157,4.74207126600389,6.29233556569735,7.85840722664895,9.27883745696467,6.34801603480762,7.09230468157465,6.39634333666911,10.0024352588589,8.92701844257946,10.8250329288107,13.0709161899239,5.92422412678284,6.04338474783704,3.17916643112457,5.53442273044723,4.56055848993705,2.41416655009092,5.12523530495921,4.3064222066074,3.74431035064038,3.97142163081199,7.2643381593403,5.43202016812018,7.08391901342544,5.70175021754284,4.89242559800601,11.6041257804394,7.08062690093756,3.87646848114596,6.91914354601656,5.52501241665465,8.065772079055,9.18970103791256,4.84909691618029,7.72715200086498,7.23669482314629,7.82375098427445,7.41113668021884,9.83016905521117,3.07477948641223,3.88959016423805,5.80469681559497,10.5873666632203,6.10261340307832,6.73922540112977,7.8245128196304,8.94330714841957,6.92896590037558,8.5715820912175,1.37636128807928,1.26653789838993,0.0,4.53928327425066,2.73285361242681,8.13588706956701,9.95415342106158,10.0323605074072,8.2160155696156,10.264156919155,11.1418628050953,10.3185873788765,9.74707734229605,11.005473601364,10.007851214896,6.24579055177001,8.96216809830973,4.48974217974799,3.08949205310716,15.6000594150074,13.2562491574463,11.1914448950406,10.1314986280353,9.76480040964817,8.20904740747949,6.85258262056224,12.3353363603748,11.1489553311652,7.72067847727216,16.55932672887,16.5958045522299,15.9967887344159,16.2955698609474,15.1504027838362,13.6275385102699,14.703410794298,12.6587739341324,14.1707284953857,20.5801056886386,13.3364765468746,12.9398463412715,9.78800186416013,10.5390382764696,10.5205275313847,11.1005425646454,10.8288779543187,11.0686593758077,10.6836903552509,11.7497526436115,12.7654661741786,10.9157029896992,10.6054740867835,11.6040541494264,13.4200002911222,13.3622019800683,18.4321849737174,19.085812694979,15.0037995405551,15.0092285771447,18.7995623109027,16.2639849849912,17.3670613295138,18.4567263815228,17.4898469360165,17.7615198407386,13.3480188732235,16.7984596826339,15.0631672654563,15.0969390911114,12.4919526197237,17.7483901887812,18.6841863142803,16.7007948351995,15.6913463345853,17.5810148789575,13.4358808806823,14.7852034881422,16.9535596985052,15.9861328546665,19.6146449588458,20.5301086521868,20.3763079246287,18.3983788082768,19.9226591530802,19.955710789495,19.5117330234668,18.8055390681703,20.2344878013856,19.9957571355706,20.3261682371799,19.2417685742643,17.059067378277,17.075292447153,20.5948682388496,17.3559041190065,18.0351999273924,17.6408736720933,17.1226942607701,16.0115407969508,19.3960689378002,15.0199413479951,17.21953916235,18.7953418344115,14.0666092638196,14.1473261049791,16.8629733748168,16.9256767411485,17.8244107679769,12.3073605557418,19.7573562670467,18.8199037489358,18.5465031862149,16.4599077742173,18.9184619178873,15.9538317201931,16.9653806570425,17.3693388566126,16.4172083127074,18.6166686316446,17.6475451584336,19.6155658446293,19.4071640462361,20.5277620632264,20.5058369362282,21.2004444676272,20.2077500066418,19.9162135147507,16.3615372536352,18.760949631689,18.5014048234248,19.5125752442133,18.7632093408739,18.5495120491779,17.9655970210527,19.5343809728583,18.9849915204716,20.5287238644074,17.389508074638,20.1989027836096,20.8951491114274,20.2552790669724,16.4443373049658,14.0938382124368,15.601597979355
89,4.98359349273077,12.0763426088897,9.77648672264023,6.38741516610439,6.84170501761836,8.9174137931835,10.1615977322894,10.0812880575802,11.3387450192595,15.383702482159,15.9668227909091,14.0726761262379,11.7895668964717,12.5637387616889,11.5864738644367,9.55713871768951,9.92702894994212,10.3120291530858,10.9717663518073,9.68254196925733,10.3232697410124,10.2433113924567,11.306905671406,13.9291516773448,10.9899530976705,11.0859367509379,9.60568522702074,9.45583038192905,6.75839152392706,6.677806771841,5.61935469356196,10.6249820217937,9.35536191956319,7.65767482972003,7.85972390866645,5.10244945886652,9.15806213896786,4.26674561794492,6.93495457284132,7.69134423624711,10.5093806622843,3.85621809284515,3.33011701264124,5.26451436541961,8.92188037780641,6.75399529458874,10.7118605162679,11.9675527048097,3.36818816374795,10.5146459405173,4.60883500831642,3.63459713091962,6.10097173533838,4.9980023189333,4.64423316800376,4.71445813769507,2.70471319857509,2.80906414492054,4.22827970210984,2.16521826564293,3.51797513204716,2.35648278862816,2.45769434970395,10.5831555007527,8.79853001724694,1.59342371474679,3.14423239089645,3.68343308537901,12.5346188642701,13.725978678624,7.93742461774629,5.68172065222587,3.9791786455599,12.006868884926,11.6974436239943,14.2675451367401,7.07647581968302,8.24923632752641,10.1008158310039,14.8923986965629,6.71931405018604,3.57017191715343,5.04632296127369,6.68286743963833,2.73324816050854,12.4373598335858,4.00936793341825,4.75268113932441,4.53928327425066,0.0,1.81900748347867,4.86472356375507,7.8037959583529,9.13235125972439,8.26358889307222,11.8023246903541,10.6103574573814,11.3513676204689,11.0609550154832,11.1829035443163,11.324910841302,5.08904840935553,5.68388364629714,3.15357062587142,7.03206200151286,19.5036323094954,17.2285912637338,14.3597872492865,14.6138540736561,12.513259637907,11.1721738133975,9.97828148947381,16.8486459695737,15.6040005060787,12.2499319574966,18.7508973469885,15.4135721048826,15.292261140607,16.2745700358914,15.0718556900872,13.1209771979168,13.754725761172,11.7397087099817,12.8098752245812,24.3153741840156,17.5169360209338,16.7133609462027,13.2379459712345,14.2151566771702,13.4301309902707,11.5271162757811,11.7629221085135,12.2379536952523,12.7315819299777,11.2100688711234,16.0666173248135,14.0904891994944,14.0195654579745,15.4689811461511,12.7165828063979,12.2985117983197,18.8450952469412,19.5895831480238,17.1486608221576,17.3298910012846,19.0362727678907,15.8885927548641,17.1158982074557,18.2478065930544,17.2542154733144,17.9156885075149,15.5732548034232,18.1597009712168,16.5080630399811,16.0720260501958,13.9581888298931,18.5718038802059,19.2912579237794,17.6701568889897,15.9760701357909,17.8711418691187,13.833396450369,14.173950334459,17.7988794944489,19.3362609438616,21.693667066211,22.033359873147,22.6250874794275,20.5692482461072,21.6195611493345,21.8961330588312,21.1769058754072,20.3543940370351,21.2006067568863,21.2356863645466,21.2526782603767,20.2990225522952,18.1730362893596,17.3313260398501,22.9703836577591,18.6538772797506,18.5719520014269,18.7344572119784,20.7802649747241,19.8843204573996,22.0930313683225,15.2345842839632,17.6126445631517,22.2572949956553,17.575613599228,18.124468846395,19.5114489346285,19.8411155875696,21.0551395057819,16.4114238329639,21.6971058631307,19.6356980250689,19.1904005142436,16.5576188041752,19.54798644441,19.3008171072437,18.9483204841812,19.5618453605509,18.5752801179416,19.8117360019833,19.2322507785803,20.2035887216836,19.8817690512016,21.6653849109002,22.2134650303157,23.5502094160695,21.346193996544,21.9011039982086,18.1245959559893,20.1701065728105,20.4895355748672,20.8821903417903,18.9731911249597,19.9776810867803,20.6002253193138,23.3823308587128,22.7909258033784,23.7195908911381,21.3008494468835,23.0781493740695,23.8366872312401,23.1553026373664,20.6458141762613,18.2506263585393,19.2707370475099
90,3.38690036446246,12.8019013527849,10.5285422302911,7.22184006659264,7.50748112966795,9.41154388038686,10.8406318567963,10.5255112673013,11.9754532462373,13.7144584631062,14.2603797933684,12.4728436985855,10.3084084502567,10.9917439494261,10.2776552029598,9.2933732975541,9.44729263335505,9.7266755201973,10.0126529640463,9.90867393280684,8.68349992278487,8.73306751340582,9.76793383080225,12.288822909232,11.3116216426198,11.5395988040884,10.0833485306759,9.93320356967043,5.45515193858375,5.21489283304972,6.70805402437691,11.0950804000313,10.0228428070661,8.68646172175036,8.74993852507693,6.29831659045889,8.00658190102262,3.85691489536974,6.31693783590898,7.45836864006709,9.82595033941694,4.49054426157054,4.69251297586114,5.30496216581202,9.13746956181187,7.38991982655781,10.576624400309,12.2809668257557,4.12314646725408,8.70151681676713,3.35987735690396,3.88912851326165,5.01232162939445,3.4863758375816,4.31301121185342,3.94453211844502,2.17436926552381,2.50380864540836,5.23950327671578,3.10408200565582,4.78912382607076,3.43063950470965,3.01057003660357,10.9203241518477,7.8509606698712,1.74020252516279,4.5684555583865,4.04851139798222,10.7254073543917,11.9114541582227,6.46403068814662,6.32446108486881,5.15309825838183,10.2689662395684,9.96145228097295,12.4981716637246,5.3235170487113,6.44207852817554,8.31950780737962,13.203522967511,6.12160602343688,4.65938133895067,6.01349751276505,7.48165504067543,4.36743194962395,10.8798957283273,2.38348471174439,2.98046671382646,2.73285361242681,1.81900748347867,0.0,6.06391493734969,8.5511126222842,9.32271859287839,7.99313441494394,11.0263745934081,10.6927946630363,10.7941051234799,10.4363503464278,10.995725838312,10.6786604589326,5.17885899276432,6.9317814690199,3.07613068300372,5.30669700025414,17.9460898364741,15.6321837290811,13.0146892939299,12.8112214908471,11.2971466038092,9.82629687750842,8.54850253678869,15.0577875877209,13.8374389997403,10.4339798604635,17.881547356631,15.8325891602523,15.5298264792472,16.2596890871196,15.0710741906441,13.2706457315224,14.0837797812702,12.0429206195053,13.2993819417421,22.8805641674913,15.8872404100073,15.2468307856198,11.8549036251947,12.7506377993925,12.2136473331477,11.2446273190355,11.2728449787399,11.6560245007545,11.8180436629057,11.3444917833925,14.7738809818706,12.8232392318024,12.666311582979,13.929796829227,12.9061447790187,12.6483574465789,18.7130521036806,19.426103263066,16.2748134807764,16.3930930641151,18.9340815677982,15.9743979711459,17.1719153705648,18.3128992072572,17.3249609197965,17.8494273857804,14.6383498094217,17.6035647191394,15.8903127522737,15.6285303741328,13.2772676492185,18.2343750427442,19.0532840085365,17.2591732374711,15.8019130244946,17.7280900366833,13.5716404508701,14.3278759348124,17.4728779024937,18.0245717464528,20.9001364339236,21.4739577397161,21.7732975671523,19.7367111559011,20.9847606775486,21.1638259551264,20.5433057926431,19.7668228291229,20.8532756880895,20.7727690967674,20.918101468401,19.9050655658172,17.741970382347,17.2506405421203,22.0776036728846,18.1504088594995,18.3663680741698,18.3208782523484,19.3599450251654,18.3744343642466,21.0628521252411,15.130292602271,17.4577305819367,20.9227499329212,16.1850170614048,16.5594593936297,18.4708962418819,18.7045114698008,19.8037733823743,14.8060876428759,20.9707223004352,19.3367222709197,18.9607541207161,16.5270363366946,19.3092737249471,18.0116989400806,18.1781628904545,18.70546859629,17.7295870389916,19.3518910825769,18.6147440107452,20.0015336391342,19.7300349608911,21.2609211530439,21.5841658227319,22.6725368582822,20.9401264383418,21.1614960546276,17.450607919691,19.6493809612381,19.741460487744,20.375970169027,18.9140077120999,19.4376323286761,19.582657332967,21.8958891957052,21.325434125739,22.5065444246252,19.7833090467509,21.9879293711169,22.7213617528739,22.0517847981927,19.0088242499159,16.6172005440564,17.8379345528612
91,9.3369491615181,13.3548857541343,10.9172261187944,7.72563720596834,7.82767323310578,9.35148437358027,10.7451557646745,10.1359346250428,11.6295164754832,17.5384464328251,18.104325737577,15.6217144268214,14.3451576756251,15.3643060855512,14.8448753112933,11.6345226002822,12.4828960713075,13.1549530492271,14.1492291850313,10.1081900823678,12.6408113875816,12.7674720126417,13.5992670861504,17.001040176077,12.5417874730736,11.9001444155096,5.57546988495915,5.37689407570306,10.9471146622757,10.8231463927294,8.01707730986104,12.8988872431295,11.6551108518201,9.39213964446966,9.40639771185217,6.31246997353149,13.0403320563849,8.62901827798422,10.9246356475646,11.2643258870951,13.940388502613,7.49149013984153,5.94995952098348,9.10745045772139,11.817466668968,9.62547687340749,13.557470009636,14.019585066522,3.01138422453939,14.0010850082605,7.72798711897031,4.55993532804026,8.34360205496176,7.88959858233058,5.32041506393857,6.56286279966119,5.83651746901621,4.70455654182141,1.84319144454923,3.89033389006865,2.06596763358545,2.79661528616505,3.68350534116184,6.93275216501575,9.31321175061605,4.52268954584226,4.05221264017133,2.88849326975096,15.5658357094047,16.7244078873497,10.3149284535542,5.79487923698206,4.46349554295843,14.7939826101049,15.2353817865375,17.4393238740521,11.1391322576123,11.8262386170499,13.2778045938708,17.2839969698559,6.62639259988438,1.4191396277341,1.19170644949837,3.93609377443755,4.59358821194354,13.7285613417597,6.99697371431838,8.77949805469038,8.13588706956701,4.86472356375507,6.06391493734969,0.0,3.3714271718942,5.95677239310711,6.74217901204713,11.0613844012555,7.34634159036787,9.73880878942784,9.45671752084405,8.42808876526605,9.79020490778879,3.9811333078986,1.86194632716249,4.12852647045374,10.1955680360171,20.4662188425684,18.5032390538855,15.0463306486012,17.3891148520383,12.9695889474318,12.6083829941686,11.9137246167755,19.3821607086969,18.5564648665102,15.4328544472261,20.1449505260806,16.3282176869618,15.9303707472248,16.6219427680631,15.3494387355268,13.332613757104,14.1151262023764,11.7320173804839,13.0369140708713,25.5065088463833,19.4398182594482,17.9657428547493,15.5229689339578,16.7033622776473,16.3164709904867,13.2489044524719,13.958967344615,14.6898344088237,15.541939745378,11.5282488804641,17.4597009338845,15.9158283697658,15.8520827489958,18.2585614466087,14.072467781056,13.0149536792765,16.9025179310311,17.7307666738151,18.9767673799974,19.128865083737,19.5967719331444,17.3560117960043,18.3000496691998,18.8410496294349,17.7940823373818,18.05673235464,17.9893330101785,19.3868845760168,18.3356150243186,17.8759996586326,16.6229056255066,19.3853381453223,19.6337991434232,18.905755546048,17.5866791545353,18.8879010253175,16.0785323836728,15.9058793755303,17.5124589456991,21.2435260400515,22.2325611497977,21.9114986204165,22.9990338344405,21.0851503686303,21.4381917624163,22.0330917120323,21.5052426930447,20.403865885307,20.5638137394752,21.1865908525868,20.7973112557945,20.0773650874527,18.1114193406105,15.1934637908256,22.8708037404398,18.8450854888236,18.4964524821005,18.3108515882788,22.5577602921996,21.9298404687865,22.7756051053569,15.0802257203769,17.4748522951507,23.6362810651022,19.9802923057115,20.6296338711976,21.0588968285996,21.3049871730348,22.5243987327372,18.583382850378,21.3742698702318,19.1090801065982,18.3200695952859,15.4079559169353,19.6121912474709,19.9997905700789,19.5260382428749,20.5941945281101,19.5018619449283,20.1101328041,19.8004003626774,19.3424257228398,18.3291688930706,20.2448106073702,21.3916141800472,22.9229942882609,19.6718351765257,20.8919082488104,16.9980698684567,18.6331584990407,19.4748196116886,20.2990031628841,17.9621084122957,19.8469382840738,21.5916314406347,24.0816404634035,23.6390981540281,23.8996034464797,23.113094124326,23.0533947269383,24.2301341510021,23.7479644567522,22.6809671803515,20.7820479390546,21.2604864980621
92,11.5463702237073,15.417147559041,12.9708126346291,10.0495814157798,9.80455815792505,10.7327097186532,12.3829587742605,11.1550250379493,12.9907298511146,17.7666034055511,18.1503312404144,15.3668733561019,15.0555295009509,16.1479276723898,16.1966278319869,13.178481502536,14.1168047420636,14.867091515929,15.7454164618447,11.1195984076072,13.1571109437025,13.5215184603548,14.09954809484,17.8781140729893,14.32409835058,13.3738688894245,2.38575998424147,2.07746389781378,13.0832434026245,12.8603989442182,10.9918985583745,15.2698754533007,14.2425123215034,12.0749795396906,11.8538646813158,8.99465736120544,14.9977231244335,11.3293869073557,13.3399574352659,13.7213995409842,15.9356803429057,10.4505148059094,9.08209994555944,11.8511284576156,14.2848036627529,12.424598992182,15.6688069916915,16.0857875858749,5.20910929235497,15.2443097628557,9.6202207723685,6.64902890117306,9.75260840330551,9.47392063750701,6.66306142050636,8.12176830319167,8.17577471802414,6.74699218152349,4.2775321921617,6.66776281466106,5.06804985681499,5.62378833043585,6.03220480715848,4.08220193303829,9.40594241454071,6.9837505853406,6.98685141908169,4.55899817707308,16.4086313778655,17.4636500195619,11.3323684357919,7.46616153511216,7.0307302278158,15.5785303935718,16.4807510496036,18.2935687469491,12.9991409577155,13.2929113176777,14.3956010579471,17.5761128191209,6.86776811643882,4.28974485252168,2.96245818825117,4.2451741053562,7.78294222173005,13.4327280165193,8.67596834456823,10.8142007291319,9.95415342106158,7.8037959583529,8.5511126222842,3.3714271718942,0.0,3.86532976217792,5.95646040121756,9.99886164747236,4.67919595724555,8.04233946724202,7.53559279736052,5.85566512201101,7.9769884067302,4.79078450334075,3.64658629268291,5.99885550671763,11.5829909623716,19.6370956297162,17.9751484747007,14.4439653429708,17.952933765008,12.4099464385177,12.8314713030774,12.509704087677,19.6647038146278,19.1991450417149,16.3698165143386,20.3176635942855,17.7269027001544,16.9083937492689,17.039730919967,15.7619766990909,13.948570519861,15.0485726819619,12.4424188512933,14.1135404031174,24.801277105691,19.3156612546332,17.4622184770368,16.0455984246865,17.2714718348805,17.4196497115682,14.4832471341751,15.2984150919058,16.1015854911879,16.8796235947623,12.2783832692338,17.2561670985324,16.1544417352295,16.0199668845556,18.9494836244028,15.5463070993268,14.2628342402816,15.1005634383752,15.9526046246779,19.5212483320544,19.5799672180242,20.0146426738261,18.7304690106566,19.4174443096341,19.5100140541684,18.4476913172138,18.2093363272757,18.9525816326105,19.7942138597116,19.1679247895553,18.8892050769039,18.0483836015965,19.7186592351196,19.7010150184097,19.4975919419278,18.761621256001,19.6273922453742,17.6379949858486,17.5649724711841,16.9717653420739,21.3479834013946,21.7329910255991,21.1315932559192,22.2741870038551,20.538895213915,20.5161750830111,21.2612179589121,21.0308218497702,19.7630834240988,19.6259444839372,20.6057194346694,20.0347352763239,19.4536290922236,17.617747566311,13.2993346341316,21.6790846986075,18.463562949647,18.2763568137787,17.5148450118013,22.4176368355332,21.9417016181054,22.113440026494,15.0110834054334,17.2903941664336,23.2249932218454,20.4453942936532,21.0015574915629,21.1518983033448,21.2199476722627,22.2974905443412,18.7109278343793,20.209683535923,18.3593492153217,17.370603371325,14.551422855231,19.4459578266626,19.125414996194,19.1381613871369,20.4712709155622,19.3246860543899,19.850834641468,19.581838296913,18.4220005844116,16.8564836260514,18.5076205686628,19.8956096866308,21.2710517477736,17.694689410996,19.0835209834265,15.2195853600059,16.638423600692,17.6685182630928,19.2002949280257,17.1334676187175,19.1177357023004,21.2313693117537,22.9410662787376,22.6467884835951,22.5731495924713,22.8972995322246,21.693290325127,23.1949748343464,22.908020755564,22.5552523025307,21.1134904115426,21.3143642094828
93,11.9853742886349,18.6544979681987,16.1492395670067,12.9809553127847,12.7508733191972,13.7791972528982,15.6248609405805,14.2382151518714,16.2846592947468,15.3494269142186,16.9424084335385,14.0816590760806,15.2323371089032,16.126844118463,16.9578944412132,15.4217724852432,16.1094708342358,16.7308495248037,17.1077365292639,13.9415234599803,12.6368293183614,13.6341130234551,13.9579167320746,17.6794037874424,17.2289412721257,16.4664071231018,4.19405567324915,3.37135518392759,13.9029866468739,13.4651276973386,13.6315409367611,18.1162286649202,17.0959427242578,15.0573165915615,14.8817815963582,11.8929449095054,16.032169154329,12.8137921670936,14.9055814602387,15.7073409929628,17.6285180002565,12.5212418622922,11.4279264760083,13.7816020084011,16.7736261978212,14.956752816999,18.0002680604333,18.9437631542025,7.39695472507341,14.4449094446167,9.00400185730394,6.58336615674243,8.41110090682213,8.78139741022623,5.8530652739426,7.22777398375875,8.28170807945814,6.96874117412622,5.57629171488868,7.51846500852654,6.59905544728683,6.95755049682257,7.7571877324897,5.69503051714476,6.76586968508953,8.22952183038827,9.56088063753469,5.90473840756468,14.9930626082366,16.1987491332575,9.65572679433423,10.3259891090839,9.81092707694976,13.7844500597601,16.1190734442539,17.5438249760097,12.7573065379065,12.5550658490492,13.0913532806614,16.7670035539156,4.88110598069518,6.32638323789194,5.74646048748373,7.57179760869152,10.1367553262595,11.4847119078832,8.66820461133453,10.7884453603114,10.0323605074072,9.13235125972439,9.32271859287839,5.95677239310711,3.86532976217792,0.0,2.94958856066775,6.47036427031638,1.81065925164113,4.59153439145713,5.70836341664199,3.3609313927459,5.1219923035799,4.27594355424346,7.04704172186886,6.29062981492517,10.6131061637665,17.0150032474472,15.4410351484335,11.4074060124052,16.3126707088861,9.34773126971433,10.1907862456579,10.2655885820044,18.0900689850534,18.3117780514433,15.3236366273209,21.6135419515215,20.9099695430388,19.9169841112652,19.7108817732247,18.4298148502058,16.7889256693115,18.1263368390846,15.4318270334907,17.3339385590667,24.1516176184888,18.3682560894227,16.6842715797684,16.3662724071586,17.4216769671406,18.3058662428891,16.7753390742901,17.3306884909585,18.0203968604797,18.3165856987732,15.0507189968195,17.3520557575268,16.5908601591941,16.1955324449273,18.9560943240168,18.4170188744744,17.3130626618577,16.613537150953,17.4307079315093,20.9201820068445,20.8367848462324,22.6064628948578,21.565461841848,22.2473371841099,22.3443142390197,21.274021681398,20.78232699009,20.328644116755,21.7036854755421,21.0492395866282,21.045647476633,19.8505044563792,21.9530565198568,22.022663992062,21.6658590653004,21.288234696206,22.1967513550147,19.9993799451835,20.4092355441949,18.9131926723414,21.6599956116826,22.8844221525047,22.5831349278518,23.1736547344171,21.568168102093,21.725785299542,22.3739023435478,22.5018845841607,21.2215751496709,21.3660362341521,22.3336091547836,21.8934998761332,21.2708901203236,19.4064969249124,14.8216321744269,22.1196204484798,20.1850629477676,20.5486215330771,19.1867668306301,22.2824834422845,21.6332014624654,22.6421693449738,17.4322978578156,19.6390832053474,23.1486431802745,20.7386488227812,20.752390724523,22.0802837633881,21.8489094607951,22.5718713807884,18.121500936084,21.0453066331847,20.269260428719,19.2889572638781,16.8163029359605,21.6968966827833,18.6510887480949,20.3636090486554,21.671484993604,20.5066724221915,21.7150628127784,21.1823287590908,20.4126216349245,18.593888919213,19.5516562607161,20.6721558876508,21.27520308932,18.487669110074,19.2376191173466,15.4551216641903,17.1006354130936,17.7536496605929,20.5374412011039,19.3899928564514,20.6108416266249,21.9750879128207,21.3069080713851,21.4194142538126,21.9336198245608,22.389847877627,21.4050027351101,23.2109942787389,23.1250806194024,21.6487496159346,20.6005986053356,21.2673898039656
94,10.2450560999145,19.0252930475647,16.5158316218635,13.165987740804,13.0273504049705,14.2853186296344,16.180809985739,14.9051968093306,16.9748392916004,12.669725052695,15.0668921173509,12.3854266451307,13.8563391981504,14.5592608352495,15.635758730088,15.1701206858925,15.6080385716417,16.0832841541281,16.1164604373016,14.4020012666645,10.9129361243336,12.2078720347347,12.4986288206523,15.9234452837948,17.3972747694449,16.9266460567997,6.61320121114626,5.92894022515528,12.3857541988635,11.8315585082625,13.4791011437131,18.0442535406137,17.0218882206825,15.1771361726525,15.066946689872,12.0751586516187,14.6730776920544,11.7377060211795,13.8483913653501,14.9461627721837,16.7203879012835,11.9187586502992,11.1574698924684,13.004321758402,16.3962093552705,14.6359137179399,17.5539950738098,18.9443074581308,7.45539939008735,12.1102283129887,6.77591446190701,5.25540831076987,5.82636395363367,6.5275408759739,3.99515989911834,5.03081867956836,6.64430274943904,5.60168549817695,5.64888913595181,6.64027037185401,6.54179709662223,6.49717728470969,7.38320566941328,7.87709070082084,3.83041794640577,7.40031723754477,9.63229612503507,5.67696047724934,12.4723869126253,13.8311897156749,6.88439602385368,10.7164217122992,10.038111128649,11.0717286604278,14.0651522790206,15.434984769871,10.5906448485129,10.1841617015976,10.4972776228635,14.9733676767482,2.28393892363127,6.52157738851501,6.60694871738318,8.77017299983708,9.99752015495682,9.39594792546549,6.91557919959955,8.80712760507879,8.2160155696156,8.26358889307222,7.99313441494394,6.74217901204713,5.95646040121756,2.94958856066775,0.0,4.37386391090169,4.07711415962788,3.58643790749277,5.65463695248318,4.6122366011893,4.473054762836,3.29306872678682,8.19263581546176,5.13351974087035,8.14642651564292,15.073830116836,13.2672325668516,9.03685081160565,13.82777650992,6.87400250993544,7.32410102074728,7.3740117543761,15.8314646146409,16.2393925219379,12.9808065104637,21.311214650519,21.4283805051353,20.4826180857529,20.2999746353977,19.0240705642833,17.4189397123094,18.7869094079346,16.1458663384255,18.0612502143094,23.1884005822428,16.7799050677311,15.5007781758604,15.1929820940337,16.0922218758294,17.1824970123025,16.6674421103859,16.9625275830041,17.5199060383903,17.4799379809829,15.5739281778814,16.5055548466854,15.6768259158232,15.1516033209679,17.4423485356579,18.6526291258859,17.8143356482792,17.9996382529943,18.7766841266209,20.4615361971249,20.3331752942468,23.1224878239586,21.7768775792802,22.5726128258059,22.9135293302998,21.8493532736153,21.4515850370659,19.6163142388976,21.7004039784378,20.779561834608,20.888632432965,19.2270973943047,22.2412177923234,22.5476256833561,21.7484415361634,21.340158615427,22.5078705357493,19.7523566809225,20.5189870289878,19.5734709072896,20.719551195067,22.9479150735378,23.0720676918268,23.2351777055524,21.5853770345618,22.1586669792417,22.6200806345194,22.7726660169406,21.6096515125388,22.185049490005,22.8683476138445,22.6617336744477,21.9027260580831,19.9228402356933,16.285291062978,22.2592802499024,20.5717981976711,21.2292404428314,19.8443198002983,21.2156462058989,20.3464059918613,22.4058591044937,18.1280391957079,20.3538551431701,22.3192136439304,19.5510772930974,19.2608274682988,21.5692238151653,21.2547918033884,21.8373680837628,16.5810283786333,21.4246266175139,21.0627231418257,20.2407428902086,17.9359255301865,22.3240277947838,17.9535088712727,20.4034449126233,21.5009342884488,20.3658174422676,22.1167443617822,21.3649420517912,21.3976494563811,19.8483375654446,20.5769785064037,21.3005414257768,21.5519606490765,19.5795832642114,19.7636587903281,16.0201747787329,18.0051966102245,18.242169580473,21.2021186449509,20.4968030656877,21.0911376200065,21.6569642339488,20.1474787815677,20.357760359168,21.5145388939209,21.1390052056079,21.2323465796195,22.9406777805296,22.8233444439664,20.08324999162,18.9642014515871,20.1234890799571
95,12.3044759609844,22.6181704936174,20.1327399219995,16.8361114639467,16.5995677444111,17.68963261426,19.7332474214237,18.2208851944861,20.4686236713427,9.98330376899324,13.6191266281585,11.0816248021307,14.3949881453032,14.8105596055262,16.8004008107879,17.8571355167706,18.060291789925,18.4039370571559,17.9191383725801,17.5205935555624,11.0522762805826,12.9275425885455,12.8086167652747,15.8580798012069,20.6201822861391,20.2576698248794,9.98484241257764,9.3815975555059,14.3460742561482,13.6371271582079,17.2102255523595,21.4078114015807,20.5418297443327,18.9527389936,18.7685701031559,15.9356269738176,16.450957328627,14.6248004810841,16.3990139777117,17.7665815887717,18.9373105562507,15.339363341059,14.9334757619138,16.0978737658036,19.5545717157516,18.1038278826057,20.3505444656283,22.1540572507827,11.309129683753,12.0195902738449,8.88519277100014,8.86864721877414,7.38067138854617,8.38787097512298,7.32983846692201,7.6300280309618,9.69671762227376,8.99570655422529,9.91800547714111,10.407837274302,10.7333343661035,10.4683072184431,11.0701011217577,10.7990033276031,3.67282536066401,10.869350138769,13.5742989069353,9.55388887827039,11.3821257727849,12.6914731849046,7.05585027307356,14.3351392489382,13.927462508627,9.71251578878298,14.1765505252877,14.7802024745311,11.7537859944242,10.6788224395084,10.059026960679,14.1001040279029,5.10350056523378,10.6931363233762,10.8137821185148,12.6272103612713,13.9130250605245,7.59783697359748,9.27891275774431,10.727965993805,10.264156919155,11.8023246903541,11.0263745934081,11.0613844012555,9.99886164747236,6.47036427031638,4.37386391090169,0.0,6.53053435702619,2.69998659060983,6.08906298202814,6.05499880502858,3.97614968360371,7.37351731631894,12.4308072390989,8.74438251460436,8.91389500443477,11.6190674503294,10.0590994314628,5.37381036225134,12.149257579397,3.44667447745612,5.25474637135901,6.22387687189587,13.9310996554633,15.2650449101749,12.3072239302129,22.3294528196395,24.6684688261462,23.4683210384662,22.8469399365477,21.6230278490686,20.2976162698441,21.8968561476152,19.2478431663798,21.3724101077836,21.8120651878557,15.4772958094163,14.4764818886515,15.6843546460715,16.3109984920439,18.2507392371271,19.2025405952502,19.2593032553298,19.6894207004447,19.1572681302478,18.5175066701878,16.4776757331216,16.1860843444004,15.407973121983,17.4113522059557,21.692624563033,21.007078621018,19.4720488767845,20.1611412372829,21.7005137513916,21.4104573003579,25.4799395243584,24.6313388167776,25.3305818239866,25.5763706592917,24.536007484646,23.8172848602027,20.9768881752011,23.3900345977723,22.565679570177,22.9932894219035,21.1757348426472,24.2394025366789,24.5950315784936,23.7388479466766,23.841985861759,24.9148850643553,22.2661929442586,23.5114095101948,21.3139765429859,20.6718699151872,23.6629706200037,24.111098452308,23.6489087066576,22.2298943396532,22.9732067796895,23.3019375213643,23.8506813301697,22.7241208701074,23.5859750452874,24.2216539342273,24.1677005810015,23.395036127835,21.4848990334648,17.8996440510026,22.2115369284213,22.0329072513186,23.2544517870697,21.2813232396784,20.5895661552926,19.5914398264904,22.4400024582553,20.4681515527884,22.5002897652469,21.6739709695672,19.6265033452336,18.7174471590716,22.1604680876765,21.5066790241065,21.639121433795,15.7839731259516,21.8687409540027,22.6935908429297,21.9248119089743,20.0979312864926,24.2850331250147,17.0837122361888,21.3375761807908,22.3685887845269,21.271426564978,23.6640014963926,22.6662031237628,23.1058148134039,21.4038259804097,21.3752561986939,21.7184527005766,21.0912077715553,20.2080504141749,19.6134780102806,16.2515071002979,18.3729727287973,18.1173964857954,22.2135109729073,22.5268711394452,22.2686909902306,21.9887387202093,17.719067828913,18.4143386472242,20.2474028058886,20.0711684301214,20.4029362226372,22.3585466674852,22.4765588218382,18.612720188223,18.1248018929795,19.6928873084197
96,13.1519931131884,19.5131219040081,17.0198065529681,13.9881805410777,13.6224650866192,14.3969804190243,16.3290557075232,14.7030352953814,16.8681923531126,15.6321214354981,16.8702115578189,13.9104649242346,15.4934698608802,16.4156459656395,17.4848563347891,16.0352315885939,16.7502808829277,17.3989828684523,17.7271681169225,14.3881675295362,12.9347391538056,13.9782780919997,14.1639568501491,17.9963450637466,17.9403989213407,17.0700089391705,4.00555279596307,3.32071969139201,14.9154337182979,14.4637440495207,14.9261832158857,19.0914347186957,18.1867112780276,16.2168525889932,15.9303124980668,13.0609760276368,16.8793140446363,14.0602136113392,15.9648831269481,16.7481042630686,18.426387829926,13.8350665345289,12.8102576632383,14.9896922483171,17.7959288509396,16.1556324900302,18.837082088491,19.7647256922016,8.56037049561828,15.1456970084559,10.3949505762248,8.25661113969934,9.74291279906424,10.0064579703552,7.38509621927061,8.68358256757515,9.81582130141346,8.44113776548803,7.2120851419568,9.15023768063587,8.22575712240371,8.49975914010117,8.99733193040596,5.09709648710946,7.63162210370649,9.55774295980342,10.8468870640322,7.16923800962629,15.5169766870497,16.5919759749497,10.6549069848013,11.1529480750885,10.9570733396996,14.3888326435433,16.7078809802484,17.9055737402454,13.8101645540399,13.4639538072021,13.8555721289036,16.8134277330608,6.10037019834244,7.74773682375196,6.94583575074831,8.21930199678304,11.5449187132702,11.4624055157119,9.81694864755805,11.9962602854706,11.1418628050953,10.6103574573814,10.6927946630363,7.34634159036787,4.67919595724555,1.81065925164113,4.07711415962788,6.53053435702619,0.0,4.15580390346493,4.86319462504433,1.92383479429139,4.40998749919156,5.8496533745087,8.14269942709624,7.75577522832653,11.6263478917027,16.5480595411037,15.2011020382715,11.3595748255496,16.6465219294834,9.46184785589261,10.7898794342599,11.0459721195693,18.1835012587915,18.5419678248004,15.8381728850662,21.4350027541929,21.4301081231694,20.2411663009617,19.757127358493,18.49766228089,16.9971114760743,18.4682575831912,15.7291223481508,17.769087656483,23.4862216592849,18.1386418964603,16.2565808596818,16.484940089588,17.5464677808351,18.6666907028899,17.220735205303,17.8090742712074,18.5202674092262,18.7804272348832,15.3532739611611,17.0548545505131,16.5466662782441,16.129960391739,19.1243221809291,18.9708360324772,17.8008704479893,15.631600164323,16.4348176792505,20.9403953270573,20.809892472834,22.6004626030617,22.0315152071261,22.5861347933103,22.4788468768888,21.4153787347246,20.6836089087543,20.5695804771966,21.6590183496396,21.2184891879454,21.3106402839069,20.3283184025669,21.8884345541312,21.8421008733083,21.7221881452937,21.6434756268976,22.3407073108463,20.5465013307979,21.021758729277,18.4797683175258,21.4448282300881,22.3495897685654,21.9358099649154,22.5137359459879,21.0243271773232,21.0072334005896,21.7118772786599,22.0009644099798,20.6605526287885,20.6899636224104,21.8031346295778,21.2989956370431,20.7448507879333,18.9711176798242,13.85143115592,21.2237220907859,19.7818021384521,20.2587212323007,18.6071128250522,21.9363279947335,21.3880404832257,22.0094780971364,17.288424360075,19.3894263886521,22.6410486927949,20.7346900214304,20.7223310187,21.8487742477489,21.5272062721786,22.1662575026232,18.0216312297638,20.197238318842,19.7127051370749,18.6641201276326,16.3328375293321,21.4098430185886,17.9621863044751,19.9258474461905,21.3421224497567,20.1688082702718,21.3530581120477,20.8311773481228,19.7877229138315,17.7370559321111,18.4788653147951,19.6677767958528,20.1433200377477,17.2995710243438,18.0621849907697,14.3680387061567,15.8942697809456,16.5973807467202,19.7647496933042,18.8572402381283,20.0209226846146,21.5103613835077,20.47343974146,20.6467615451169,20.9522431431056,22.0143531082966,20.4127658097945,22.3708312338925,22.389565726647,21.3588755320581,20.5669612626913,21.040690996219
97,12.4407099871905,21.3453380430308,18.8413999482328,15.6595084135824,15.2996101145639,16.1732890857462,18.2592650847968,16.5684677414414,18.8811416600398,11.8612051476465,14.0477190553786,11.2090760322075,14.0935159405039,14.7376565748178,16.5291830222496,16.7697675461187,17.157107740474,17.623698217582,17.3896841231583,15.9523306498548,11.0228958181625,12.624564029283,12.5465370435208,16.0403916702721,19.3605895786748,18.7891267861936,7.60653181897639,7.0655856792395,14.2997023284427,13.672186867988,16.4005697187206,20.4265802716034,19.6159764851977,17.9419367099195,17.6508014085967,14.8395026568386,16.2735756402176,14.3105059166216,16.0359195856507,17.2043484279063,18.4137843783182,14.7561523858504,14.1895314818444,15.5905344927015,18.7572538855868,17.3449449612486,19.524583534434,21.0607141325778,10.1120733430784,12.8423871053179,9.42044287162785,8.68496833273308,8.27327642059572,8.81491874366558,7.23028497731972,7.96170712561937,9.73877936782975,8.6657138176671,8.98111605175084,10.0005310278384,9.90400209589327,9.73185649547017,10.119123460277,8.27763856429193,5.02144364923373,10.2293421972021,12.5412365352148,8.44220399156565,12.5782967355507,13.6929526715632,8.30579765465842,12.9115127735748,12.7431268823589,11.2501397007424,14.6755562722853,15.413179436989,12.3273062444218,11.4705476378721,11.2436737779268,14.3545895848993,5.0625638348667,9.57260394732679,9.32227776261477,10.7857424043708,13.0847244596955,8.22157063853049,9.18100390239614,11.0417410065471,10.3185873788765,11.3513676204689,10.7941051234799,9.73880878942784,8.04233946724202,4.59153439145713,3.58643790749277,2.69998659060983,4.15580390346493,0.0,3.90608181887172,3.37917876093588,1.7663429865789,6.60978586195557,10.8547169785902,8.21756177682505,9.72207963804119,12.710131643695,11.3396059883357,7.2722505630265,13.4134652088708,5.47917972717876,7.35093876853621,8.00587243022789,14.9396025420775,15.8948584235184,13.2018344111489,21.180170582988,23.1717801137654,21.8604346773229,21.1322675926437,19.9009945655707,18.5878549093358,20.2335296866816,17.5173268029603,19.7092779217407,21.3982446998904,15.587445890318,14.0989262457943,15.2104121941643,16.0204881534662,17.8004363249399,17.9880590840894,18.2326648026826,18.7723379658372,18.4866499856642,16.8764712121406,15.7228567959647,15.4691400295141,14.8025072082628,17.3518255005919,20.340034182523,19.4755435496021,17.1301809802877,17.8462471301682,20.6871020334219,20.425634168481,23.8144109273946,23.2870679099126,23.8787272820443,23.9184869683154,22.8696231248728,22.0269860275301,20.1923984174157,22.0398913868589,21.4392364607707,21.8116286090428,20.3702538118207,22.6941880841543,22.8792099638584,22.351098754177,22.5530233392952,23.4094755269419,21.2208618113988,22.2750221706079,19.4432298111141,20.0850045023279,22.2298708134993,22.3661215397375,22.2244459616757,20.816196949294,21.2567670891786,21.7266998800111,22.2621309260321,21.0369227389885,21.6165687929923,22.450649850475,22.2405401293593,21.552831185935,19.7059450084857,15.5048469470147,20.7381876340498,20.3491753655976,21.4127949482435,19.3959491046751,20.1632629830382,19.3808014056167,21.2539829274515,18.6230235529377,20.6399321395224,21.0416916831985,19.260606714784,18.688048790225,21.1852354132997,20.6018796433378,20.8835749700601,15.7795143694273,20.1876025615918,20.741201470912,19.8651285299763,17.9537931618059,22.4845636851794,16.2857052588605,19.8931166526966,21.1066657265823,19.9703347775366,21.9919120777421,21.1369028700106,21.0375457347315,19.1539860112354,19.2594158762107,19.8685194627938,19.5491246553035,18.0491623666893,17.8471141794902,14.3588749328253,16.3083795307975,16.3457522383328,20.3271588838815,20.3998158291777,20.5110039431789,20.8503470306736,17.6669322776112,18.1580157660524,19.3299843826618,19.8665074551988,19.2253425556834,21.2521643869412,21.3728078145432,18.7712881989973,18.2711013173185,19.312196281356
98,11.7716754753358,19.1954160079845,16.764812437442,13.9277461850913,13.3046751548774,13.7076047558472,15.9158524722576,13.8706971397504,16.3431394824245,12.6504927270626,12.441210909493,9.40840882961646,11.7148877146621,12.5793719930582,14.3044606689703,14.1990273835048,14.6631849280087,15.2029464694535,15.0451357799871,13.1797736013106,9.20303936149503,10.4088210275189,10.2652048971842,14.1168452216916,16.910027305761,16.2128716218566,6.35969688983752,6.27995078731685,13.0423717907919,12.5100028792054,15.305702204371,18.4593642057864,17.9283465697865,16.4981566109748,15.9556843708944,13.5230546184624,14.5374010547087,13.3028527789657,14.5319991530172,15.5186900377326,16.2869041856143,13.7710449206045,13.4048183122676,14.3392830714913,16.9253871833098,15.9598198252435,17.3092411867952,18.768656665368,9.04207955979088,12.2124608463234,10.0724508162043,9.51322458691774,9.51835581821819,9.13057002532549,8.15628707507676,8.92130813401384,10.1609910180927,8.82879935950819,9.29102942903356,10.3162465398064,10.1232966995196,9.68068559935845,9.21780138008021,6.16653097626486,7.18652891497277,9.61017700596437,11.6040782894183,7.79515393742668,12.3191603137146,12.9982328525936,9.30896601399709,10.9640768618939,11.4741808855142,11.6678707111664,13.4008289702248,14.0964853918009,11.917080321509,11.2012507372877,11.3193811464409,12.4972981778378,6.44770550474096,9.20612756718656,8.6204329011267,9.00599989143742,12.4321930235969,7.55124038604032,8.74717323352168,10.7919153773862,9.74707734229605,11.0609550154832,10.4363503464278,9.45671752084405,7.53559279736052,5.70836341664199,5.65463695248318,6.08906298202814,4.86319462504433,3.90608181887172,0.0,3.12954894541018,2.22346574382516,7.24042440944782,9.97607628213238,8.31601265785156,9.89684329321555,12.6464662042679,11.4306561180152,8.78570525336225,13.0975589736875,7.41597131648719,9.16934966063169,9.45287433312327,14.1169515465966,14.4941061727548,12.471542909588,17.679013494285,20.3883944519151,18.7960687059537,17.715545309151,16.5264561096467,15.4269082137089,17.2477904901468,14.5371152071873,16.9063863758487,18.6442544480304,13.4829819463309,11.4728155961469,12.5129827593761,13.4753316102051,15.2175458964703,15.1103943654336,15.4356526713664,16.0293244594372,15.8313320835951,13.863831101905,12.5833040748258,12.4487413082495,11.8987893358571,15.0234814821914,17.6000164490417,16.6933492226535,13.3852181616525,14.0810365926911,17.3830241342801,17.111472858714,20.3047461775638,20.3603688984423,20.7691080808786,20.5745060203896,19.54563642659,18.4598539921162,17.2047192889162,18.5289844580725,18.1941801413757,18.6438862216064,17.6132127592256,19.1276110051669,19.2143717661598,18.9167257978188,19.4705276181742,20.0529938089274,18.4566048270068,19.5905505554831,15.6317500807677,17.0256775721497,18.4729577055593,18.485966835798,18.4780977189087,17.0753648125207,17.3863686269839,17.9044312544616,18.4456278509968,17.1836704970406,17.7196160389619,18.587335240268,18.3582989280679,17.6895366588678,15.886980906144,11.8180731822679,17.056213633991,16.5508163912212,17.6859712960399,15.5195029456569,17.2726367569914,16.7424410769042,17.6721924481288,15.0530479050212,16.9556211222307,17.948886740226,16.4860854915912,16.287948111124,17.7759680662385,17.234914015831,17.6453050331649,13.5034810966779,16.3620584574042,16.8783578849367,16.0056464321554,14.2347683262565,18.7476894037611,13.1889521196928,16.1572162960584,17.4848975014312,16.3333085693816,18.208860156069,17.3922592418399,17.1795454526466,15.3347770744658,15.447419271716,16.0526162159767,16.0327014112468,14.3274896652789,14.2319674861765,10.6004071773966,12.6074658628846,12.7154306722121,16.4248055957614,16.6206197253291,16.6387396567776,17.2883555192172,15.7517346711163,15.8128591815555,16.2918908746397,17.2521889788693,15.9013630770107,17.8396370625207,17.8982137752685,16.6339069129958,16.0964337404288,16.4804561581427
99,13.0649334128205,19.7758772584941,17.2932077916412,14.3396670066423,13.8483064914184,14.4339912660429,16.497145628222,14.6481088647061,16.9658069090289,14.6557432414382,15.4245840147126,12.4181936046703,14.4167189309724,15.3223404605197,16.6884846576815,15.7074386366047,16.3515680353287,16.9746202389009,17.1276327056611,14.2027550347398,11.8617885070466,12.9891052547584,13.0259160762794,16.8895187072156,17.9163674499868,17.0657892611439,4.67912382254268,4.28936473023259,14.6566776777869,14.1675930213743,15.5044130633282,19.2797016048428,18.525331510389,16.7412176147389,16.3381622116371,13.6190433249904,16.4424755962587,14.2265711196373,15.8813692947507,16.7370149138802,18.0585432318727,14.2530321663554,13.4567596277502,15.1972115538024,17.9090091115359,16.5272625999586,18.6876208344363,19.7924351562777,9.04346957517014,14.4144817147935,10.630992806249,9.06550908881099,9.95400920479265,10.0171953353996,7.9494935293635,9.07783853324081,10.3207759182025,8.92232235927257,8.31213197891537,9.96224859846288,9.28736102995669,9.29369257494964,9.41475044006328,5.12351774102843,7.53179875544556,9.94327773704483,11.5013439171969,7.67441135488093,14.6205151731374,15.5450756272306,10.4187084998502,11.3796035396434,11.4998502562953,13.6348191975753,15.8520631639843,16.8097519138514,13.513980638223,12.9925218094725,13.2328214349787,15.4633644032419,6.35557873320237,8.60525250186498,7.81753821047066,8.67383948906756,12.2800864637587,10.1526985200482,9.77141005562226,11.9489824286553,11.005473601364,11.1829035443163,10.995725838312,8.42808876526605,5.85566512201101,3.3609313927459,4.6122366011893,6.05499880502858,1.92383479429139,3.37917876093588,3.12954894541018,0.0,2.9593133077695,6.6010214605923,9.08320083533657,8.27816619201596,11.3232531455599,15.011061400268,13.7976014186065,10.3221627642729,15.5713450350972,8.61929697308308,10.2880865226756,10.6389999792769,16.8762652551262,17.3239945428926,14.9093352489655,20.2352567663586,21.3581098126705,19.9687204842079,19.1930827353971,17.9598979413429,16.6315332045613,18.2681459022727,15.5092823984331,17.713343406311,21.7015496788537,16.5790035158572,14.6015140403444,15.3065513267386,16.3329080946116,17.739464158485,16.7592694248419,17.2741011097869,17.9554041718391,18.0530186905503,15.0367713435242,15.571486473836,15.2777446632799,14.8077168965172,17.9079064362166,18.7920281274274,17.6821670907767,14.5609532138991,15.3281102227803,19.8760630400624,19.6824292287583,21.9423419566326,21.7370866292408,22.2038470476969,21.9980114611412,20.9454914208798,20.0104395085783,19.6404126399986,20.7135733837931,20.3807925655837,20.6222723089239,19.6875402448979,21.0564400494355,21.0102683266391,20.9185421499801,21.1474341088618,21.7377582042775,20.1347655858542,20.8489542461074,17.4710227038596,20.0029134920628,20.9725600397169,20.6513515041674,21.0316334870312,19.6193103000202,19.6353952369318,20.304116915796,20.7430863464797,19.4020513730814,19.5461490275499,20.6432742196579,20.2005826583012,19.636902844121,17.887473721827,12.8408706799972,19.5913061772231,18.6655323350255,19.3994148587053,17.4620199577328,20.3546632925627,19.8440892294953,20.4367897788013,16.584013992427,18.5880841166832,20.9893742717141,19.421287581702,19.323634482339,20.5233393580303,20.0934367844528,20.6191495064859,16.567086478502,18.6967075389076,18.6608465879569,17.6368069122433,15.534049935588,20.5253521695907,16.2106281891127,18.6224735774262,20.0526113880312,18.8829099697803,20.2834776710017,19.669774343276,18.779815115063,16.6860605620834,17.1276427044988,18.1645623634178,18.4109295224435,15.9043671434353,16.3972450019091,12.7581838686538,14.3810879498809,14.9214327338427,18.4579544310163,18.0041566270961,18.7799968863662,20.0460461797237,18.6107516021031,18.7989159096219,19.0957888162804,20.3764860805878,18.6111973677806,20.6372137017792,20.7181754577988,19.7475160213514,19.1453138043955,19.5403892171172
100,12.1177440674291,20.5961762103889,18.1195813504537,15.0735453748327,14.5932074813501,15.2630954034571,17.4205246329562,15.558896306862,17.9592696735082,11.8047621331491,12.9821363196428,10.0369196568815,12.8971667701613,13.6084714507982,15.4733713418478,15.7322857843428,16.1256114347876,16.609283556956,16.3518810004228,14.8871650599355,9.99209526799656,11.5044544068447,11.355997677127,14.988487144333,18.4390229908694,17.8300833412359,7.18594650960015,6.83206163929438,13.7253158754286,13.119148325923,16.0947819588158,19.7239696653085,19.047315004226,17.5005136586062,17.0930580915187,14.4445533014047,15.4866335726239,13.9365576691661,15.425217852733,16.5498128503688,17.5137702929842,14.451047371583,14.006012788231,15.1418140552508,18.0833655502607,16.8896507082214,18.6519531153964,20.205858588959,9.77014452815178,12.3429695575686,9.66878661131842,9.12854154342129,8.748812160222,8.86723993734256,7.65162978938428,8.36459025358153,9.96330711688618,8.77516499671676,9.2636106914631,10.2484265774686,10.1553908496097,9.82925674438691,9.82520589957322,7.48420907202183,5.79183091906238,10.0326636000798,12.2956731899734,8.24486596356333,12.1575127522883,13.0730727337499,8.55154157556035,12.2190052582557,12.3550760821971,11.1193675918516,13.9185887556675,14.5688415848939,12.0386457505314,11.1760106997602,11.0269948482458,13.2388596141982,5.58521944166283,9.55616637509575,9.17489047077202,10.1899359838114,12.9637688681212,7.44213640998521,8.93877918917959,10.8773251676643,10.007851214896,11.324910841302,10.6786604589326,9.79020490778879,7.9769884067302,5.1219923035799,4.473054762836,3.97614968360371,4.40998749919156,1.7663429865789,2.22346574382516,2.9593133077695,0.0,6.93427679979703,10.6669487888528,8.30611506547477,9.63390169978566,12.1535735169494,10.8651421195527,7.43124658915466,12.9191302822244,5.86640114249262,7.83915069553486,8.37485632186572,14.1978166225846,14.9848117316657,12.6047145993945,19.5934567547662,22.1225942545028,20.6680768638337,19.7508699298317,18.5429963625166,17.3463087457087,19.087903919664,16.3734908941029,18.6607556850994,19.8819289088001,14.3295055154427,12.6371202977724,13.8831449100904,14.7314764003388,16.5887889195265,16.8130924916879,17.0635150584192,17.6120487607007,17.3096055094683,15.6989513626575,14.1643783980567,14.0139396719985,13.3652580150915,16.1349714670415,19.2813203223207,18.4187088638731,15.5383937646293,16.2345748239935,19.2019880502175,18.9193119950374,22.3723663553879,22.1332196152269,22.6403004936979,22.5770376840882,21.5393751737944,20.566783684681,18.8481295810611,20.5213988511904,20.036593910344,20.4749653294746,19.1830832451776,21.1886871965607,21.3428918354425,20.8958955407679,21.2953362655674,22.0322619380286,20.0928136834443,21.2349818676371,17.8242176270036,18.5667235315917,20.5132461219799,20.6404768832584,20.4821110127427,19.0988634079107,19.5125171671142,19.9840602212494,20.5615492580072,19.3288696584362,19.9296772134076,20.7642104483589,20.5677764420451,19.883850121619,18.0618078083098,13.9572739045526,18.9783809142456,18.6991508182809,19.8541386426846,17.7202297378948,18.6577461063344,17.9666878176472,19.5361541392882,17.1636626312363,19.1126059682317,19.4525297368069,17.8715670419308,17.3944801303353,19.590669350039,18.989300375033,19.2782793882928,14.4998638342775,18.424144441112,19.0917741235777,18.2284666543792,16.4302408966623,20.9127567638507,14.6607450816363,18.2080870813868,19.4571364842607,18.3192435517514,20.3551617533656,19.487310230704,19.4027138517324,17.5317402887407,17.5569647064921,18.1134448742764,17.8195306116823,16.3700777575586,16.114134010377,12.6103870882208,14.6063868083192,14.6075158788023,18.5968490307821,18.8336326819179,18.8044659131018,19.1690366264858,16.3972161226519,16.7496766329348,17.7043963164769,18.4335399781883,17.5275929075799,19.543117261515,19.6606060359798,17.5008062805294,17.0441414381968,17.8484749014246
101,8.02702308859703,16.0167898358552,13.5305380768491,10.1183225594313,10.1287585868882,11.6471759636782,13.3732405290136,12.437421336612,14.2852939966502,13.8458959987812,15.4534965432383,12.9556015076891,12.899101570165,13.7039394923777,14.014297378173,12.7229957061034,13.2227665359036,13.7210218497929,14.0529665796105,12.0142506334161,10.4237901648071,11.204723229822,11.8234383619932,15.1615390171388,14.6182209520512,14.239710904174,6.32963267341773,5.82775192584781,10.1510212824489,9.73813950252227,10.2238549684738,15.0027177143829,13.8783376300295,11.9712449096942,11.9457073469542,8.90275850275196,12.5283294405535,8.86247312146258,11.1748113352177,12.1160659804622,14.2946085590618,8.75607795860842,7.8829138525283,10.0035841243488,13.4095509231273,11.4710271110756,14.8135551595121,16.0483174128695,4.48265096965428,11.4192160143447,5.04072134026009,2.49017947322637,4.97887549521635,5.03760958408068,1.89340869297419,3.37675626509801,4.01787021731984,2.73077953948306,2.66023218624559,3.47463862857287,3.41297417019449,3.20435613048099,4.32685346329023,7.68310227238641,5.3336681392993,4.34951785974522,6.4229308489811,2.74625330747432,12.495261836083,13.8342095417686,6.7836490840945,7.96459005620439,6.94078514899786,11.3947801902938,13.1409090260164,15.0399943610062,9.04092892957494,9.21131512139615,10.2008018049098,14.9373763088997,2.65727815083187,3.41052980477403,3.98720584143756,6.53166147542753,6.7140529974985,10.464567567346,4.88418548105303,6.83654469198945,6.24579055177001,5.08904840935553,5.17885899276432,3.9811333078986,4.79078450334075,4.27594355424346,3.29306872678682,7.37351731631894,5.8496533745087,6.60978586195557,7.24042440944782,6.6010214605923,6.93427679979703,0.0,5.57801453261778,2.10754242106132,7.25428275477341,16.9899178302595,14.9588203213108,11.2137528241197,14.2134557997585,9.10048633129704,8.69366735610567,8.1282863001737,16.3569793530314,16.0774204413037,12.6849900856735,20.1605016047902,18.7593240084514,18.0889591716644,18.3344889909259,17.0524161265608,15.2577088171992,16.3833129854502,13.871618222565,15.5347034457764,23.6933046764871,17.1038095459188,15.901131384377,14.2951010914908,15.293794515269,15.6723263067122,14.3904352407943,14.7448458240328,15.3233458756667,15.5539425732579,13.3504722834124,16.1860437324317,14.8834745178294,14.5451823943111,16.6902882927068,16.0469377989116,15.256583740763,17.7354444217457,18.5304326847298,19.0419246946392,19.0389616868603,21.2112103225403,19.2525040123477,20.1874412178595,20.7623856696641,19.7041476225329,19.6778113383322,17.9663027457934,20.1077347382785,18.9611072566622,18.8423163085074,17.1045417405126,20.534721272068,20.943793452155,19.9308793450222,19.0455671501293,20.4327014695953,17.3120356418187,17.8388684695546,18.4500223853979,20.1607296831923,22.2571864110723,22.3674590007353,22.8094930331588,20.974123692256,21.6530461687538,22.0932352212626,21.8920899609578,20.8131367931826,21.4023610090081,21.9092733860016,21.729248153639,20.9111372569624,18.855751857386,16.0336633512035,22.3390618802359,19.4868284137578,19.7907052453,18.997450428039,21.0709539887067,20.217532986437,22.1537205541817,16.5088447953584,18.8522613199194,22.2967580451945,18.7871420074564,18.8799150376851,20.6681559112644,20.6191121749929,21.4957162151366,16.5186224804776,21.2505349321148,20.0821928679556,19.3525691069623,16.8013684074394,20.8764171571365,18.3862526039389,19.5843604125795,20.5652622459192,19.4561430342161,20.9089695727142,20.2642846319586,20.4695429064987,19.3218236938398,20.5720444100833,21.3322402376293,22.1280528236925,19.8273812937807,20.308168378694,16.4438871396144,18.4334937868651,18.8082526850673,20.7096280811615,19.3804082392006,20.3176113786982,21.1089686193862,21.5201240860154,21.3760192480955,22.3281031398029,21.2708003880671,21.8368894566329,23.2007262677589,22.8562791185924,20.4165637818811,18.7713244291245,19.8044354036201
102,9.99304919799989,12.0690404485081,9.65331634576509,6.71936759254922,6.69363316367661,7.98116854800798,9.31815129968269,8.66174666243884,10.1048692556423,18.7363772664095,18.5851523040822,16.1042893964153,14.387144317041,15.5086413636496,14.7406926764181,10.7748105726824,11.7864792212385,12.5473224480244,13.7860751016505,8.79138123946432,13.0645615286209,12.913318694888,13.7772204617482,17.2329069426419,11.33943156456,10.509934857724,5.446536143884,5.53293599674321,11.2252253972421,11.20779675792,7.51993508577102,11.9311960828434,10.7822416073957,8.50698757197229,8.38022721736215,5.50289476609673,13.0324555420303,8.80908894442877,10.8196336456019,10.885149969931,13.5153192513274,7.41697440819927,5.84756844267304,8.95773248970908,11.1081210500635,9.06912318930653,12.7897540751763,12.9279971560822,3.12359894829083,14.7893846943276,9.10376155077961,6.24321875120928,9.88072649923572,9.13732319389465,6.9404930996812,8.11213816076073,7.20002818838571,6.05541694817142,3.67560810150985,5.32251379737786,3.68902212630407,4.11937307448992,4.12648185389081,6.4599075985296,10.8374215507618,5.25110941097833,3.76785377113728,3.81029844008433,16.4966689756549,17.5020551792664,11.6900693492159,4.70175922356327,3.7655918957381,15.9365890626212,15.7327103295385,17.9579416239256,11.9758612566309,12.7614085759254,14.3335648900607,17.6508007570179,8.13980773012808,2.64625993633827,1.65739490802589,2.54359948393502,4.63273475611333,14.5751343331126,7.94595852185023,9.71433432285966,8.96216809830973,5.68388364629714,6.9317814690199,1.86194632716249,3.64658629268291,7.04704172186886,8.19263581546176,12.4308072390989,8.14269942709624,10.8547169785902,9.97607628213238,9.08320083533657,10.6669487888528,5.57801453261778,0.0,5.50753393963436,11.3290013295446,21.3594941643057,19.4701764426388,16.29203306091,18.2924361500016,14.2807657526689,14.0479506597671,13.3313851226742,20.1108533047409,19.0539007428804,16.1969546145416,19.3263172873416,14.8647151058521,14.4504092466628,15.1917720072472,13.9325892612296,11.8850350968801,12.599266006663,10.2386116890338,11.4834507918208,25.3954253069443,19.711279194437,18.074598807699,15.3979540322587,16.6551409796142,16.0284438647668,12.246908797264,13.125325885592,13.9304489269286,15.0251857030877,10.1673787232837,17.2156895788572,15.6416807013836,15.6991619938859,18.2924803876735,12.7939446148096,11.5879930457057,15.7357121058599,16.5619559987403,18.2089348457258,18.4109459594053,18.18242576468,16.054445992274,16.9312383143617,17.3657672038416,16.3250416682657,16.6137406943583,17.3579758457984,18.3144014720962,17.390650864842,16.8342996882292,15.9054354309591,18.1317514647847,18.2828589407707,17.7462925527435,16.3916940188593,17.557445199667,15.0909104912941,14.6850574294606,16.2710714970461,20.9010636884121,21.317447361737,20.805690253473,22.1536238778363,20.2350478006748,20.4291895470902,21.0882091884074,20.4480783378517,19.3370248339372,19.3164856133204,19.9913438625307,19.5170320535715,18.8461999181673,16.9422479475282,14.0633577709452,22.160211168627,17.7168768022969,17.1313989782984,17.1482902334747,22.3636312700827,21.8734468997384,22.1252569345267,13.7121947789376,16.0908202331232,23.3312644341162,19.763934770363,20.66361512649,20.3985554390248,20.7519802963551,22.1012086395344,18.7589058162328,20.5028226368412,17.8284953670944,17.0213201873005,14.0110178312597,18.2542176320322,19.8330324629288,18.6322336201643,19.7525595805789,18.6730889778808,18.9174414541882,18.7490632306774,17.9991213386539,17.058542993346,19.2206400551131,20.4978851250598,22.3380372997224,18.7448202686862,20.2452513217242,16.3961425575036,17.8687022363232,18.8838417295533,19.2191683742167,16.5283135326483,18.7564664226121,20.9143517533061,24.3630469043832,23.7622402450655,23.6620455006303,23.0816789508136,22.6531885966626,23.7345853102066,23.2008225021449,22.8839906122171,20.940914930293,21.0898770128821
103,6.06923054507096,14.492728678107,12.0507640677319,8.60435069334161,8.70908152241343,10.4064463245405,12.0557523184858,11.3338360581224,13.0629311474144,13.6553744875784,14.8229271274779,12.5612490033469,11.6634003451665,12.4469799079631,12.3817814844571,11.1171745860391,11.5193595870819,11.9571363678187,12.2972783681786,10.8375754573782,9.46292991576297,9.97841441623107,10.768860163717,13.8746703345194,13.0575141023298,12.8813860477741,7.59591557576032,7.27887445505932,8.18642224430178,7.82538807756716,8.52119621006964,13.2433345754095,12.1240984376665,10.3723097512965,10.3749351279179,7.44019589430322,10.6234373521204,6.7753571635569,9.13933422415552,10.1264088495884,12.390822615631,6.8190042458368,6.19996907427886,7.98309518177112,11.5292840458078,9.62391333937296,12.962904365903,14.3455371616198,3.41536997247165,10.1575497986935,3.72656166335046,1.86092012866694,4.40402252864204,3.77286382382553,1.88159958397934,2.67953756386109,2.29655776322601,0.761861192138926,2.9026928664571,2.10459463485593,3.04078404169105,2.00559312631927,2.79652023202208,8.71628094433366,6.05095304022665,2.39010627304815,5.05204431526986,2.06574905751094,11.6161575167671,12.9146469521877,6.25665303641131,6.79703926292521,5.64003340483873,10.7484962186132,11.7319245636457,13.8918350054055,7.38183276224743,7.87258865760484,9.22388204553983,14.081798830341,3.67598220090843,2.9353109868787,4.10085014261928,6.35051979080654,5.21049558834977,10.400793839634,3.21637974394814,5.04646467350691,4.48974217974799,3.15357062587142,3.07613068300372,4.12852647045374,5.99885550671763,6.29062981492517,5.13351974087035,8.74438251460436,7.75577522832653,8.21756177682505,8.31601265785156,8.27816619201596,8.30611506547477,2.10754242106132,5.50753393963436,0.0,6.10818914213838,17.2775181168597,15.1067278544514,11.7960289977904,13.5074736124973,9.81398121390708,8.91544070218347,8.00910158905018,15.713062180492,15.0545125667434,11.6196632671736,19.0774072614871,17.3656773069251,16.8299255668646,17.268514009552,16.0086672677286,14.1840967581837,15.2004357274711,12.8308688627727,14.3605333916284,23.2570061940051,16.4729703042849,15.4654262378028,13.1286544144884,14.1104010377006,14.1441911810409,12.9040059662313,13.1596448638902,13.6818146700915,13.9093399019151,12.2406972502676,15.431613374075,13.8582775824327,13.5915049069667,15.4500138453049,14.5619415956155,13.9472698214475,17.9061244322589,18.6751542282779,17.7675533957957,17.8136470873585,20.0943423940402,17.7467260630063,18.783020190122,19.5704597515261,18.5310459308424,18.7196964311102,16.4839385679701,18.9204213627993,17.5597584428451,17.3794557943605,15.4271470572963,19.4157540998408,19.9793999488939,18.67206515256,17.5609710646392,19.1522717653709,15.6458990564947,16.2399457070949,17.8276791631514,19.1647481668297,21.5421480963073,21.8235368095572,22.2299181153119,20.3002617610922,21.199905780131,21.5439139704675,21.1677853877022,20.1986200493888,20.9786043042879,21.2592942876029,21.2011094407939,20.3021411885103,18.1886727151427,16.2871545294755,22.0746247990759,18.7413647580294,18.9971909507665,18.5060630008072,20.256521893568,19.353819166228,21.5607157646624,15.6954769118278,18.0597588535769,21.6161748367427,17.6104425665372,17.8271912313462,19.6314777778382,19.6981175900307,20.6769158951347,15.6812613239122,20.9592558085847,19.566024280357,18.9698802892028,16.4301532852583,20.0371083935042,18.0760970841825,18.8284926431035,19.6453698403879,18.5786006431246,20.0855880840694,19.4089931446831,20.0637055089658,19.2661011329304,20.6596981511989,21.2557904190269,22.1980290347306,20.0908105635423,20.4867548868966,16.6488521554864,18.7379175031526,19.0098793401431,20.3779661642177,18.9586952053227,19.7630338641278,20.3345865913644,21.5724955278521,21.2437913119722,22.272905847785,20.5557097387497,21.7561735749799,22.869248082899,22.3890221936614,19.7406217351908,17.7890178334852,18.8819676956044
104,4.24419358408907,17.1476239556501,14.9932769479173,11.9489957535996,11.9747784261117,13.4401889774429,15.139752681418,14.3474384312884,16.1315111583931,8.49074977890446,10.3541821533109,8.94389479417174,8.68191823481252,8.81445133755628,9.69968710844666,12.0296349610515,11.6884574569986,11.6730069419012,10.8159445765005,13.3971279632294,5.95741976288561,7.17469223704191,7.7058042157269,9.60031195985031,15.0458915761341,15.4426346028057,12.5083110357453,12.2435819861976,6.24722841452037,5.46092265105182,11.6925979640216,15.1020313038394,14.3785687694524,13.5628065075343,13.4799390683885,11.3977002585767,8.52125940572937,7.50964042469221,8.81160682063856,10.5472106248181,11.4888877785918,9.24684466598623,9.92901053374262,9.24242322460244,12.8515716003788,11.8591814998196,13.4894601358167,15.9576412053279,8.49701885492535,4.53247703620141,3.25935080343589,6.64450246536243,3.52754896660937,2.40070381355787,5.73951282901313,4.49320388766,5.14633051845744,5.59758110735856,8.96278749211551,7.24202162833613,8.9746967710422,7.77457184483358,7.51899565967155,13.1541166040384,5.62540552234549,6.49715492191261,9.74184872558888,7.60125979126812,5.77558019978181,7.30336418684287,2.29426702730051,10.6858112661242,10.1540226480202,4.97795984191515,6.82981358825768,8.72689253990404,2.9102375890829,2.18047262140883,3.18520826598815,9.74314771658206,5.9352506829526,8.89975370312021,9.96201783526389,11.4248955818305,9.66879099854733,6.86411920521645,3.48919348315374,2.83081857728197,3.08949205310716,7.03206200151286,5.30669700025414,10.1955680360171,11.5829909623716,10.6131061637665,8.14642651564292,8.91389500443477,11.6263478917027,9.72207963804119,9.89684329321555,11.3232531455599,9.63390169978566,7.25428275477341,11.3290013295446,6.10818914213838,0.0,13.4245556708719,10.9545619283882,8.83170922570853,7.84303710965316,7.64500324512485,5.58064514645576,4.09283871470438,10.4074466216613,9.94930885369978,6.0108907301689,17.9988311919773,19.515686015928,18.8061055829093,18.8491328936946,17.730791313062,16.3660152948273,17.5736708936985,15.4967414732788,17.1281452268016,20.1761875590985,12.4838393176319,12.5261996955751,10.4709432451399,10.9166888644884,11.7233340144639,13.6869042480983,13.2317635427694,13.3477830097916,12.5018591746101,14.5260108892938,13.2193656543304,11.7408892479854,11.1608150168767,11.6715089407421,16.2748570043965,16.289350461941,20.1128006771856,20.7400154946393,16.5673593900184,16.4418254976285,21.2391279734955,18.9798640864513,20.0343362062206,21.0794539988189,20.1290172112638,20.2001686038505,14.9324606668739,18.7655181635322,17.0613913826618,17.3317827224581,14.5410547354115,19.9499768527826,20.9251156054073,18.8829046618604,18.2004532322279,20.0452703913953,15.9326936959333,17.574405707351,18.9521195896814,16.4416431367492,20.9155664247038,22.0937854582878,21.4725611949373,19.630576586258,21.3192048584637,21.25281886299,21.0855431093771,20.4000363118307,22.0320824096402,21.7727643998512,22.2028080125007,21.1032316672682,18.945282389642,18.7686277286401,21.3791608978541,19.1807025028427,20.2486907082892,19.4325589731905,17.1246923492674,15.7887202799859,20.1667285987428,17.4064726711962,19.5028645014748,18.9112722293783,14.4678927202767,13.9036161290523,17.9429495682589,17.7358122806045,18.2751846819115,11.8020293896594,20.8867982115378,20.7579267252241,20.4930864615245,18.6511308088951,21.1001444668342,15.9204183770209,18.3925666950314,18.7279875580503,17.799486172918,20.5162721648553,19.3584236483439,21.5960439486555,21.2200218069544,21.8766743232198,21.6260268383657,21.7199003688119,21.413528269162,20.6259357558106,17.2210080881736,19.7638638784123,19.1915675249455,21.0339474437619,20.9275354909373,20.1836641023999,18.9147633112369,18.3891204792206,18.1649486129234,20.3893520561509,16.9987435074576,20.3985439458362,21.2513897364863,20.757324287345,15.5731813354112,13.5311963328782,15.6793280724019
105,16.9215220595496,27.9218147006808,25.8016714919541,23.1825851774978,22.6503065023917,23.0862453107079,25.2399470343387,23.3430573408722,25.7281572334142,6.81380586897504,7.96932870156916,7.6298145215378,13.6371392989176,13.2264349939239,16.8279018234828,21.2573895024864,20.8404793891539,20.806511362854,19.17697814161,22.1956087912846,11.3495081871794,13.3562853966934,12.2877608370381,13.1525751817508,24.9989600753519,25.0181119159097,18.9369708216905,18.754357583523,17.6549238527412,16.9020650344339,24.0459749598553,26.2519199245677,26.0714825882797,25.4881257265216,24.9772197726976,23.079808566219,18.4039255035458,20.0193057964039,20.319906443907,21.9220038798066,21.1243919907867,21.7587657659932,22.3407803821371,21.4791384836076,24.1662359441866,23.977592299791,23.7018273738949,26.3332580621769,19.2034697889889,12.233923235714,15.9817733414685,18.0708283024146,14.9841964721632,14.9377435655338,16.4496510180828,15.9869933237348,17.6381937211157,17.2580522820463,19.5754933813863,19.1924998542797,20.1480985095469,19.24544857495,18.7319168443173,18.7398655758737,12.6967350205558,18.338962600057,21.3912092327339,17.9536023674798,9.87026346586977,9.61307803504648,12.6927518917866,20.9397898706097,21.4185054129822,9.73351419773173,13.1945004346288,11.370586450996,15.0935256452035,13.2931193876534,11.4766883456681,9.85050718233167,14.6309399222732,19.6388474369979,19.8150224870737,20.491488437462,21.8293514377452,7.15973588317047,15.5705794931837,15.9884500975373,15.6000594150074,19.5036323094954,17.9460898364741,20.4662188425684,19.6370956297162,17.0150032474472,15.073830116836,11.6190674503294,16.5480595411037,12.710131643695,12.6464662042679,15.011061400268,12.1535735169494,16.9899178302595,21.3594941643057,17.2775181168597,13.4245556708719,0.0,2.54728622723145,6.77176670560089,8.29468057718956,8.77676374555191,10.2046888581504,11.1100614588879,7.43627030195594,10.585279411321,10.7347447863389,20.5058597525193,28.5951479724351,26.8372746330984,25.2060238254412,24.3177677766982,23.9285013530995,25.8719231226409,23.6698910412804,26.0019259974764,14.0343286536905,9.19201218524747,9.64082403263959,14.1947804330291,13.8961011423349,17.4478937513604,21.9042166269661,21.3204562268837,21.3378465307123,19.6747312106919,22.5859229892221,13.455847623345,14.5601835416994,13.4349238751288,14.0183041741813,25.3709988396211,25.2730931449738,21.6612649419821,21.9752476026615,20.4706819855077,19.8199404877715,26.9239715793312,27.3669949859602,27.7296041962724,27.8135635036906,26.9778951618239,25.663230716858,20.1872693951021,23.1696436313012,22.621109709327,23.836083813752,21.949372160362,24.821869985236,25.4453122457549,24.2492482646476,25.6646762665425,26.4245074721324,24.3663747260351,26.7992601555427,22.2662777590787,16.2543380381457,21.2604943569912,22.8847088429943,20.6378992620633,19.913455787166,21.4548174899729,21.164998623396,22.4349347873708,21.762073189223,23.6736648860417,23.6595405919598,24.264437717269,23.3990480822971,21.8546405972969,20.8540526493134,18.7919724735205,21.917403245797,24.446880271627,21.6471714092972,14.6787670312826,13.5015108974195,18.4782370532495,22.8854485951499,24.1272669122168,15.6726321464057,15.7541735500379,13.4595821402751,19.2129424447055,17.8351932549842,16.7655949396802,10.8202346815003,19.8352689067395,23.3398508755536,23.0727234915019,22.766267208326,25.1020574598436,12.0792726986707,19.8562303371654,20.2932237231093,19.5508007634034,23.4320714169261,21.8470082465466,24.1243170108606,22.9956868434898,21.3711000686408,20.1871622069516,17.6252607069295,20.4395568444382,17.6108020706373,16.0263952844474,18.3584054517221,16.5353272248655,21.6109295579939,24.4481130783674,21.6589959481368,18.6518512225628,8.48102998190701,10.0775116403447,14.0833271412285,13.0713401625826,15.4750661081467,17.1717804117493,17.6491152142767,10.8123523392024,12.2665979437085,14.4640668197954
106,14.5406037539136,25.9822860861997,23.8487692049205,21.1440555973167,20.6910972948775,21.2915664453713,23.401995064256,21.6577527335135,23.9795399927022,4.49636006393294,6.79797352486885,6.23689124139316,11.9695810352384,11.5486511971406,15.0098847336693,19.4328617614078,18.9883743293504,18.9337506306259,17.3224039919056,20.510143190944,9.3875490155642,11.5138953949881,10.5687152889621,11.5221518066746,23.1481564503608,23.2493817648228,17.5189776843657,17.3024596466321,15.3834486309993,14.6092019533319,21.8315718586924,24.2096482787711,23.9532669697258,23.3538857567509,22.9084176131971,20.976320896392,16.2958440908937,17.715698286973,18.1097692764984,19.7662009238613,19.1458011987935,19.4955404326829,20.1099260941823,19.229087313152,22.0657446339648,21.7808570119427,21.7346846010315,24.4090740223694,17.1772004720013,9.88119281868935,13.5710450881638,15.8471461153139,12.6024526013726,12.5537035885724,14.2606447901498,13.6857472634105,15.302796607151,15.0274392571659,17.5211257479427,16.9548355993411,18.0340841495635,17.0884292412212,16.6249353000751,17.4724365283808,10.5840486136655,16.1380658475864,19.2714474920582,15.9277742513896,7.49861686237197,7.50303670245969,10.2437077958493,19.0238607938179,19.3599505675853,7.20604142221515,11.1069120821796,9.57730614539029,12.651468913664,10.8307754165064,8.96696687959767,8.47466015437932,12.5687061017512,17.59742807543,17.9086257537707,18.7432254081608,19.6331183787064,5.0881347503792,13.2759684266439,13.5698667700993,13.2562491574463,17.2285912637338,15.6321837290811,18.5032390538855,17.9751484747007,15.4410351484335,13.2672325668516,10.0590994314628,15.2011020382715,11.3396059883357,11.4306561180152,13.7976014186065,10.8651421195527,14.9588203213108,19.4701764426388,15.1067278544514,10.9545619283882,2.54728622723145,0.0,4.9946921129245,6.13707717047823,6.90785936572701,7.90716125431951,8.68746079232891,6.01611499544053,9.0558392490917,8.49904948167973,19.710535669263,26.9338328560592,25.3328836000721,23.9571921550357,23.0185985586547,22.4697876472647,24.3240315906726,22.1180704256021,24.3703672943585,14.7372953734387,8.60715519395735,9.18031400809409,12.7875388572379,12.5444053985624,15.878238708004,20.243411797858,19.6351629011469,19.6458353521692,18.0124977536727,21.0212751534515,12.708942909944,13.3829475247651,12.2571295401365,12.7160209286783,23.6551684293114,23.5991647118974,21.2629609797745,21.645113388461,19.4007537574361,18.8161678366753,25.8028487534631,25.7714449898376,26.2605642138935,26.5313426189839,25.6682343336032,24.580198276145,18.8411745302414,22.1437635719417,21.3510814500733,22.4503500889051,20.3254625245762,23.7832744538281,24.5068953943597,23.0899910315597,24.1784524694519,25.1555136131096,22.6790986210933,25.0591087144577,21.4991809180451,15.6983691699,20.9552171145284,22.5877278106286,20.5554224760006,19.5807504196193,21.2493164509347,20.9718814464766,21.9910520631149,21.3172840852044,23.2654605495173,23.1724730888425,23.7823938099079,22.8411305804448,21.1368637129083,20.3297656435739,19.0474603287217,21.2174361004211,23.566445716235,21.0687108992711,14.4952137051378,13.1531809094333,18.4660251659167,21.755086185345,23.1693636503507,15.7746958292593,14.8261914043106,12.6451247045221,18.5725397226933,17.3625836288382,16.5529245140111,9.89464031732755,19.8250697346888,22.7441369050624,22.4860884301608,21.9031379724756,24.2619319069975,12.1983802313371,19.2962549891308,19.690375981846,18.8992326980645,22.732087788377,21.1638982928412,23.5723735836871,22.5820376876515,21.353776861458,20.2968964636424,18.2070757020081,20.4974783945321,17.9767761279016,15.9332349345892,18.4285799218244,16.7794415667985,21.3487118844256,23.7283883417477,21.2016429193731,18.3339806694759,10.0121318800151,11.1351275154486,14.9761388317276,13.0912414478091,16.1178188000516,17.6453036993239,17.9092877244234,10.7733293123897,11.4831224018097,13.9815108003421
107,12.8766558293107,24.6159850017789,22.2780325566292,19.1805615679937,18.8744898188195,19.8192535822745,21.9196604179124,20.3291921612915,22.6320229697959,5.25215071163889,10.0186574948908,8.24252464228073,12.9931202879357,12.9396316933135,15.7547370245013,18.8097027485687,18.6237803006094,18.7293889290898,17.5825646746282,19.3569867795963,9.65985813700493,11.9164519417541,11.3925759283308,13.4278998479934,22.16824424379,22.1126300203543,14.2741876083429,13.8594633847207,14.4643394546015,13.6556604046102,19.5794491850706,22.9883820411134,22.3908810911822,21.3161566189701,21.0379885453689,18.6153073300475,16.1154149451825,15.9313812905316,17.0670403669614,18.7012100992683,19.0042365367327,17.3374436286922,17.5314137067037,17.5455347367578,20.8821678906798,19.9786941021583,21.1497077120787,23.5233663235812,14.3695585959825,9.97679253329028,10.5176891598544,12.1752023260146,9.12486190678704,9.73027182484729,10.554435533857,10.1527362779479,12.1135832462547,11.787888322785,13.8597422611351,13.56172534779,14.4754471517304,13.7814381513453,13.8644230272825,14.6635479578949,6.30686311588886,13.385102017708,16.5369282179901,12.8247612818665,8.21913176209851,9.24399571844937,7.25753148347101,16.9140095219931,16.8085523664819,6.69453842487719,12.0383938738048,11.6870060093203,11.3670993763416,9.70060203958878,8.10756370458551,11.0546531990889,8.62372122154703,14.3009332205916,14.6469378696796,16.0655180004128,16.8190813284473,4.85405813367096,10.7943357051027,11.4744258915988,11.1914448950406,14.3597872492865,13.0146892939299,15.0463306486012,14.4439653429708,11.4074060124052,9.03685081160565,5.37381036225134,11.3595748255496,7.2722505630265,8.78570525336225,10.3221627642729,7.43124658915466,11.2137528241197,16.29203306091,11.7960289977904,8.83170922570853,6.77176670560089,4.9946921129245,0.0,8.14080474862163,2.19686378375078,4.07385000899831,5.43030351561115,9.57161156602168,11.8011013293372,9.47983088571853,21.4401374235015,26.2447224474473,24.878381713885,23.9265343550246,22.821081150492,21.8426193834266,23.5775898325949,21.1234130999871,23.3249846022236,18.6775106830768,12.0964096913229,11.9185283263338,14.2096697947217,14.3897738173662,17.0696666004032,19.9785061962337,19.6381852343081,19.8306727006168,18.6607699725858,20.1621660089278,14.7867815361834,14.8850665036213,13.8774714408638,15.0087503924993,23.0194907562131,22.7022437919356,21.0235008815827,21.5704328240524,20.8843955988535,20.4448390549797,26.2058134923416,25.6019000636146,26.254997537915,26.5998685504251,25.6330868336491,24.7761427558845,20.1180004287253,23.2254977227351,22.3069463659162,23.076113956352,20.9182214636663,24.5339576180022,25.1348436757711,23.8714565516849,24.3961229902097,25.5293974336948,22.7275606191217,24.6168922585744,21.98389949153,18.480670605507,22.8706610384073,23.9848665885398,22.677900858788,21.4337773338578,22.7244127321099,22.7291100761321,23.5077924961132,22.6081837325397,24.0929806203,24.3275044849357,24.6396293854335,23.7448227210782,21.873275192917,19.7414129173998,21.1985425519218,22.1778559776918,24.0097448466332,21.7671862394949,17.85699416007,16.6029596685578,20.9653532787782,21.6377191057681,23.4189511267958,19.1282803289218,17.3833503194624,15.7671058153877,20.7635294814512,19.8268341152332,19.4911584476737,12.838161246754,21.4372623421894,23.3550471651545,22.8513113561213,21.6153619560481,24.8832919952745,14.9545271259542,20.8130921725684,21.5009837892737,20.5385589318611,23.7785696544716,22.4453392217526,24.0121774427062,22.6756217348765,22.0203344079777,21.6252945327226,20.1940998513358,20.9826867753288,19.3329903548148,16.5376486625183,18.9556703304429,17.9387366707689,22.4097017780332,23.7953689827027,22.3278426546849,20.629741228352,14.1046720210359,15.0885090799589,18.0484211476208,16.8694825585667,18.7394769813284,20.5204270591236,20.7067878686887,14.8822524229128,14.8473465916449,17.083306040536
108,10.6145036377281,22.5447256895921,20.676387459409,18.2198851799828,17.9460974071861,18.7547356098356,20.5766149709623,19.3370246941895,21.2995762049445,4.12669237068446,4.94693075769354,5.83048209761456,8.51647528397412,7.64273273553836,10.6068830874796,16.0832412814739,15.2947079479434,14.9854085682595,13.0705363567874,18.1115402002148,6.51806080537565,8.22289995578659,7.61080510379859,7.04706924084728,19.791018109964,20.3369851108075,18.0836397875886,17.9319230587241,10.9754758750904,10.2515238170112,18.4979571952275,20.3419731007751,20.1682961640674,20.0158568467598,19.6687946693442,18.2087699575947,11.6088362166032,13.8772136259509,13.814090110021,15.5780567777465,14.6817936728496,16.0462351104293,17.1442719659712,15.3687425589778,18.0620377065696,18.0691502601148,17.6205878648648,20.6162656850521,15.427139899834,4.78078066161899,11.0568331476231,14.262497951826,10.7325140603878,10.1211661497657,13.0254245305528,11.9861969581312,12.9605044323431,13.1590211049415,16.3502313368915,14.969989400553,16.5265795994197,15.3079402229984,14.6031682498253,18.1700619672583,10.6581776302141,13.8170221811627,16.9218022770175,14.5735534166367,2.21223480967851,1.80419584842653,8.24411507587076,16.8545011053011,17.0564342320571,3.61136020004803,5.82518896968127,4.42421374918129,8.31449344925511,6.63092612830253,4.82504659967321,5.49137059499195,12.2147713241297,16.1658674838976,16.881281672034,17.682391631568,17.04987509396,5.70575811254596,10.7606833073714,10.0944912176359,10.1314986280353,14.6138540736561,12.8112214908471,17.3891148520383,17.952933765008,16.3126707088861,13.82777650992,12.149257579397,16.6465219294834,13.4134652088708,13.0975589736875,15.5713450350972,12.9191302822244,14.2134557997585,18.2924361500016,13.5074736124973,7.84303710965316,8.29468057718956,6.13707717047823,8.14080474862163,0.0,8.98389730942201,7.91882620435936,7.55390265142051,2.97607723664628,4.52518137140361,3.08023886617003,17.4631338989261,23.7457120771467,22.5316113353946,21.6810932709256,20.8057777495066,20.1830373360016,21.7246982591399,19.899464632734,21.7758074790553,15.2415906078015,7.44331522273373,9.12968869422634,9.71977793076058,9.20154435255727,11.8405735244096,17.0502998947257,16.115286063317,15.8968434552118,14.0038814793092,18.7130544993312,11.3427849725308,10.9891827304973,9.9970360198878,8.90366654827164,20.3985364262806,20.758553765885,22.0331169174296,22.4336847589481,16.506486250312,16.0534358435344,23.3999644346957,22.3388878404124,23.0733101110786,23.8897615865368,23.086665833927,22.5862493971609,15.2291145043797,19.6002568922449,18.1562392325206,19.1197298521405,16.3145185455006,21.4251021300587,22.5565857858144,20.3394071619822,20.8144054207633,22.3230355258312,18.8654188000563,21.4351690340568,20.4687470716224,13.5555882156737,19.9732659564058,22.019874278575,20.0732174912277,18.7098102542299,20.9880297639927,20.4912056338094,20.9003356918739,20.50888050967,22.8666613204324,22.2198729952198,23.0939033785636,21.9432015875464,20.0458241424717,21.1230204993582,19.6563551136871,19.9513044759979,22.0531096060452,20.4552122567558,13.0950577712777,11.3562014374373,18.0121026328988,20.1232956572106,21.6271938219696,15.0718501947111,11.7594682476487,9.69608231773142,16.4537917929533,15.6385745871779,15.2381322397643,7.63525983768493,20.1306700967184,22.022826238517,22.047940233417,21.2759335545452,22.6523685066794,12.8523319200282,18.0923369138027,17.9961233713005,17.314156405093,21.2533308797514,19.6281792252111,23.08728258812,22.9044604116632,22.3869863798584,21.1674795578024,19.9328662742612,21.9711512503105,19.7390696559158,17.39191676221,20.0935343761312,18.5338110703818,21.3131444182322,23.0724216422106,20.5287279306398,17.1761578131717,13.0493425966524,13.1090019848357,16.826147124361,12.0962291590658,17.6321850168874,18.2828042286113,18.0005847264359,9.74157224378178,8.61282810814429,11.9963490611594
109,11.5987788190285,23.1102516386377,20.7190962247032,17.5220396774575,17.2645184378057,18.3175213402077,20.3893573677718,18.8767904264092,21.1424210069237,6.57007716099072,10.8821558873189,8.74646044432351,12.7247900852864,12.8543347597538,15.29215810288,17.6545422919714,17.5850929024932,17.7631939831562,16.8496083264916,17.982783644131,9.28168013756149,11.4336059813971,11.1181912542222,13.5832628024956,20.8239715360595,20.7052958248259,12.400493307191,11.9327728940136,13.4098694824987,12.6212466496192,17.8548154787656,21.5708246055181,20.8646929860003,19.6281122437235,19.3982863669724,16.8347366072442,15.2932788019761,14.4736157800091,15.862532379593,17.4354588147068,18.0912913650916,15.6903584952552,15.7221198734943,16.074953635157,19.517651752008,18.4086818833666,19.9999067923291,22.2114894111356,12.4849945716502,9.73080767646048,8.81399826908612,10.1223058279212,7.34624233587493,8.09493658243619,8.4961409323612,8.21623912875842,10.2472816505724,9.84850859751212,11.7469750218544,11.5605977673967,12.3893614595832,11.77170398121,12.0109036161562,12.9568756513984,4.20098645205389,11.5632570217554,14.659010585178,10.8690264524889,8.51952499589532,9.77474020292268,5.86396706017968,15.2256491830456,14.9782471185431,6.83368342730756,11.9324281904286,12.1027616817123,10.3981299647023,8.92818847545956,7.72161694583797,11.5845810724279,6.49742121835203,12.2718764851217,12.6268199489439,14.2185459866734,14.9310399527869,5.06610291600238,9.17863142276568,10.090334436532,9.76480040964817,12.513259637907,11.2971466038092,12.9695889474318,12.4099464385177,9.34773126971433,6.87400250993544,3.44667447745612,9.46184785589261,5.47917972717876,7.41597131648719,8.61929697308308,5.86640114249262,9.10048633129704,14.2807657526689,9.81398121390708,7.64500324512485,8.77676374555191,6.90785936572701,2.19686378375078,8.98389730942201,0.0,2.97195704962678,4.2993739470067,10.7558800447343,12.459624513766,9.65213599269758,21.2401241932711,24.9620377463411,23.7006669187412,22.9408915305711,21.7828112718748,20.642307058654,22.3036547950566,19.7906322598357,21.94041723631,19.7019548992428,12.9588963360557,12.4922501492148,14.0516421246763,14.4191391989432,16.7363161781684,18.9406552471703,18.7204056055363,18.989631465937,18.0486315195516,18.8921754392986,14.9178676306404,14.7351584251286,13.8191236669399,15.2365613410058,21.7916365838349,21.3776499991468,20.2431058391253,20.852619725314,20.5722646440916,20.2064416784433,25.3697068295573,24.5268186393249,25.2372111650987,25.6162869613403,24.6184852606152,23.8854708791432,19.7333062287648,22.7066318378053,21.7388616614132,22.356089485597,20.2346367297698,23.862513767704,24.421700536601,23.2108389934953,23.4894215237572,24.677052906255,21.7832237755656,23.450437609206,21.3020063189108,18.8191603015768,22.7956303978827,23.7036085796581,22.7342303581693,21.3566853307608,22.5170967248744,22.6244127210867,23.243016084222,22.2767158958031,23.5842489193856,23.9079736042298,24.1121742766675,23.2287733056568,21.2940389398862,18.8397783462038,21.3884171630254,21.677926040488,23.2550451754607,21.2103632559307,18.501652151205,17.3085127866416,21.2121531026854,20.6727539769735,22.5886936486965,19.7780447221648,17.6398312740635,16.3415634846936,20.7863950724961,20.0031068675816,19.9090941817821,13.4195127185507,21.3593915558469,22.734555631374,22.1594318796305,20.653348691264,24.1880586519005,15.5001447264953,20.5757782013492,21.3567145435201,20.338312171026,23.2828858708499,22.0637671583673,23.335130850026,21.955451508168,21.6304745285667,21.4913796701601,20.4690332406938,20.5942425501344,19.3612438922754,16.2557659234021,18.6375316886763,17.9035809292229,22.0516647496256,22.9522726154036,21.9400116038906,20.7428182427679,15.5303691328761,16.2927826769598,18.8252580164777,17.7494515918674,19.2690246471366,21.0399875367537,21.1362693095536,15.9721451186985,15.5720620385036,17.6059998512987
110,9.77558168865415,22.1672567164594,19.8525624723346,16.6213339869448,16.5350059578496,17.8499905260131,19.7687626013519,18.5868067174956,20.658455875445,5.72487963258195,10.929713178163,9.24802472929287,12.1923169796499,12.1788458751055,14.2533895179124,16.9066910563948,16.6971541560562,16.766953503583,15.7855120691927,17.6765048390426,8.7801472578675,10.8390449298183,10.7484708649732,12.7375456823346,20.0181649501116,20.1296855598855,13.3188180470594,12.8314096995292,11.7496574395911,10.9440011766323,16.5323064593796,20.3696161717364,19.5848926923259,18.4505368656789,18.3550528614414,15.8615727796895,13.812700333679,12.8528720317606,14.3136876164177,15.9955927519937,16.7996365985318,14.2424547055988,14.4418460393995,14.5610118517281,18.2038415438326,17.0269069475837,18.819158457902,21.173031199264,11.9206931545378,7.97331195178249,6.89399537134192,8.97356018319184,5.40165221907611,6.36971075193817,7.51908731495096,6.75937352350851,8.6890493862872,8.7274721583257,11.1594174485783,10.3690937613418,11.5995490769896,10.8612244826721,11.2255545928627,14.0677127977092,3.59174315625905,10.4947669988357,13.7501678953678,10.401391932516,6.96522532910185,8.60105143356368,3.5768133056488,14.7333870774839,14.2057025850191,4.8855682501543,10.5077931761158,11.0593283357941,8.33075189018412,6.88931600276779,5.61815165537033,11.3441954566825,6.11392098638998,11.7068217968376,12.4216325264962,14.2620691219559,13.7997638218921,5.69257726884344,7.85424374071824,8.19896617814814,8.20904740747949,11.1721738133975,9.82629687750842,12.6083829941686,12.8314713030774,10.1907862456579,7.32410102074728,5.25474637135901,10.7898794342599,7.35093876853621,9.16934966063169,10.2880865226756,7.83915069553486,8.69366735610567,14.0479506597671,8.91544070218347,5.58064514645576,10.2046888581504,7.90716125431951,4.07385000899831,7.91882620435936,2.97195704962678,0.0,1.57466902988696,10.3284762702726,11.6929413544457,8.23668096696142,21.3807324464033,24.3658275064872,23.3645583038642,22.9491280395757,21.7943996014458,20.5375717988387,22.0156798911462,19.6459500972254,21.5888955752996,20.6749862007852,13.2777912191818,13.2841042821254,13.7556496104406,14.0413188004761,15.9706315350077,18.3821330574206,18.0301996632626,18.2097153575766,17.209990361525,18.7142769760986,15.3596671960383,14.7473237965809,13.8783417389772,14.6879924837747,21.1428311165762,20.9103638664887,21.6864521899776,22.3117132946056,20.4010403460912,20.1026195598646,25.3750903665243,23.8916160223989,24.7721527500477,25.4592395015357,24.4744451874896,24.069713272257,19.1939230643093,22.6882376761148,21.3824557275697,21.8933206974876,19.3920601577834,23.9157210652228,24.6683734305025,23.0679649827681,22.9546178197601,24.454323221111,20.9563500885268,22.6405816938104,21.9601146799271,18.9663302085111,23.5000861958924,24.6028917630979,23.6367825935836,22.0978922380375,23.5360805619792,23.5436807282095,23.9110495727194,23.0619499087523,24.5555634934275,24.6399235584019,24.9583068756506,23.9763286203323,21.9350883197227,20.2732436072308,22.7046545437471,22.2492412626161,23.6940296246875,22.0669227306148,18.8797749853443,17.5085957998298,22.083838421808,20.9862879993175,22.9949137901819,20.4378417161557,17.4062303181503,16.1265154321583,20.9810043257034,20.3503734750096,20.3864570296032,13.4468120341606,22.5950115034968,23.5504014893477,23.0916913424589,21.4481929419396,24.5978037076883,16.6470688278125,21.1736684666265,21.7450606403239,20.7671903507164,23.7698540558588,22.5235472180189,24.2560345129035,23.2197880089035,23.1982882534038,22.968476769375,22.2008376179812,22.3370204719761,21.1537280152914,17.9435197011543,20.4385527324084,19.6900496713248,23.1700252928189,23.7728713698641,22.7817636101924,21.3398200199586,17.0798219541251,17.6324744052152,20.4063052200059,18.1959927840237,20.8243216762003,22.2799258455495,22.1864371145804,16.2898339586353,15.359958578169,17.7794650177759
111,8.30158804533046,20.9195405863948,18.6495900217026,15.4445130120806,15.4129536596889,16.8069084991099,18.6552624004877,17.6084358857632,19.5896981153779,6.09798886216011,10.720217333897,9.14715264945628,11.3137299542744,11.2995597870959,13.0988069051932,15.7389232723761,15.4827198900387,15.5180857758573,14.5504367139635,16.690406904047,7.99802235597434,9.91499294110202,9.97425279407898,11.869611640039,18.8127260979789,19.0173917908437,13.1793230953862,12.7293415323996,10.3124589893363,9.51063401031841,15.2383923393814,19.0316939893993,18.2398964546756,17.1779920690125,17.1135344623167,14.7019295326946,12.4425239146464,11.4302585912074,12.885768785485,14.5921206119726,15.4557215739242,12.9013348817316,13.2087441541422,13.1602355330183,16.8340889006449,15.6701712532302,17.4845004173053,19.8781457901676,11.010028445581,6.80033589824241,5.57912748045659,8.09044750590477,4.25768720065226,5.06229005237014,6.74224897937696,5.75937620463174,7.51328275005454,7.71765335451378,10.4470193435121,9.35987292895361,10.7721063230129,9.92457774694901,10.2212229084873,13.9485710119867,3.62949205226711,9.38243699997777,12.6759045391388,9.60462150666061,6.21354179095404,7.96526624412708,2.12209181140373,13.7434607910074,13.1543264446304,4.19069387771125,9.40944820631202,10.2881098357515,6.82340874033418,5.45997071901127,4.40262904061264,10.8746802359621,5.74152880444983,10.8960501693472,11.7494487510763,13.5819073918878,12.6580532844452,5.86067693187429,6.63037012805925,6.73164576441009,6.85258262056224,9.97828148947381,8.54850253678869,11.9137246167755,12.509704087677,10.2655885820044,7.3740117543761,6.22387687189587,11.0459721195693,8.00587243022789,9.45287433312327,10.6389999792769,8.37485632186572,8.1282863001737,13.3313851226742,8.00910158905018,4.09283871470438,11.1100614588879,8.68746079232891,5.43030351561115,7.55390265142051,4.2993739470067,1.57466902988696,0.0,10.170347048307,11.0992627889221,7.35758810210766,20.6657459677493,23.2188972230319,22.3234101089119,22.060723098827,20.912494479397,19.6112708831576,21.0035864554867,18.7135065829571,20.559125351622,20.6988483254215,13.0915743678561,13.1815299473135,12.9678875575714,13.2703186869797,14.9238665265338,17.2825510440842,16.8904130626335,17.0428005119467,16.0638603400108,17.7704594815297,14.9278059099014,14.0697045399755,13.2607602435228,13.9089444073451,19.9874980745832,19.8317925104148,21.5396700966073,22.17067407556,19.54215422884,19.2893683523974,24.4819090708699,22.7312122996754,23.6762058362379,24.4873997306953,23.5112383168414,23.2582910318689,18.1867746562143,21.8373269575968,20.3947970753696,20.8386194535693,18.2161505522452,23.0668192153515,23.8957177197399,22.1425647842184,21.8465492905425,23.4681310618197,19.7455825851413,21.4182152970689,21.3999294551479,18.4220711031669,23.0432343303554,24.19237268426,23.2997890522167,21.668352765657,23.2037580218116,23.1814408534462,23.3977844899846,22.5988148537592,24.1503462856343,24.1275802309817,24.4859585138518,23.4630903374704,21.3773555394535,20.1325165866071,22.6070676424482,21.6659783840135,23.0113809717625,21.6159491079165,18.532509585555,17.1334248140353,21.7912278601172,20.2503607385608,22.2957217201977,20.1900060436648,16.7087961574056,15.5702684777472,20.3446364169443,19.8244792292121,19.986097496165,13.0347062136361,22.4015405773487,23.0622923393298,22.6595911203525,20.9461947718571,23.9015006855614,16.6291270075047,20.6539063142488,21.1452904534215,20.1819403179704,23.1374772957655,21.9045271555667,23.8117130801488,22.9621996513495,23.134189601664,22.8891852528181,22.3459434876626,22.3809088719381,21.2912849603021,18.0061120453488,20.5384458885612,19.8263563838567,22.8673252691531,23.2711785819799,22.3394714017977,20.895478658445,17.580695081697,17.9278216242825,20.6270814089767,17.9747310767831,20.9521615509079,22.2348950085373,22.0258565233767,16.1403932764164,14.8803012561764,17.3224400146268
112,12.7993306970906,23.7629861685394,21.9958113187463,19.7981037181386,19.3809075427167,19.879722691292,21.7375316998576,20.2950653472771,22.3142968966089,5.96698847176215,3.20809485099532,5.37833104310649,8.69069977230605,7.68959617154699,11.0888114518239,16.9686382255139,16.1344487076035,15.8022602803214,13.7338628016477,19.0149742083642,7.47192872098557,8.89928529064158,7.95562265651927,6.80482015924354,20.7954234021871,21.3030167676033,19.4926798546007,19.4340425714289,12.7427070941531,12.0950103632738,20.4041003926942,21.6561848928561,21.6968540321807,21.7245971754173,21.2400574485347,20.0022369682282,12.8517055990047,15.856105781203,15.4231416921081,17.0689261434721,15.6354404146539,18.0280807047562,19.1949152531093,17.1979546181974,19.4692738345154,19.8104872238946,18.6579187758858,21.6676554498607,17.2840905586098,6.97778307427147,13.6344331121213,16.6656835016178,13.3636296420037,12.5822070758916,15.3714433117386,14.4681563212831,15.4082564534825,15.4370045474515,18.5182386738575,17.3067512112021,18.7391585705847,17.4960904608105,16.55400824378,19.3177927385406,12.9567530936264,15.9056547706825,18.8694748097135,16.5204015931646,4.94509216196423,3.49925702002973,10.8965605520599,18.3465598245844,18.8642964276046,6.50863277878583,6.99099538787358,4.4930612090144,10.6730222588486,9.10949736313947,7.57806248626855,4.42849770151215,14.4139329589941,18.1970079336896,18.7434317931827,19.1854739273692,19.1276038163118,6.76580899203389,12.9557314229024,12.4742600895426,12.3353363603748,16.8486459695737,15.0577875877209,19.3821607086969,19.6647038146278,18.0900689850534,15.8314646146409,13.9310996554633,18.1835012587915,14.9396025420775,14.1169515465966,16.8762652551262,14.1978166225846,16.3569793530314,20.1108533047409,15.713062180492,10.4074466216613,7.43627030195594,6.01611499544053,9.57161156602168,2.97607723664628,10.7558800447343,10.3284762702726,10.170347048307,0.0,3.55778666326898,5.03440823260207,16.4718713202956,24.4192640495194,22.9756393025515,21.7483257202792,20.9832423157475,20.6646685353094,22.3223940290184,20.6048068386996,22.5625478791852,12.6372992548147,5.28606548156501,7.56558394426079,9.38557168434287,8.60064767111924,11.7922488834093,17.6131826173197,16.6159415541512,16.342107124037,14.2625523488232,19.3873594741034,10.1707493310636,10.3957521256145,9.35326688124769,8.02025997439981,21.1286296780879,21.5380670393616,21.6860614646226,21.98369607317,15.8240841254964,15.2547675304238,23.1900635289397,22.765690562916,23.3145082994435,23.9368173978059,23.1992560349611,22.4338997213192,14.8851645124756,19.0511007503544,17.862588033298,19.0596005731172,16.5318223644997,21.0182189442858,22.1263111630373,20.0158705479546,20.9982027431463,22.2456791560338,19.3318974630356,22.115759799235,20.0006484405287,11.8908300604986,18.6270987912525,20.9008944555445,18.5383230132892,17.4100477406019,19.80109996876,19.1701270867056,19.800081465219,19.5134621747586,22.049207266122,21.2984335029322,22.2975167207052,21.1702609243947,19.4424858762691,20.9870826755677,18.011873942844,19.2396500367574,21.66344712564,19.7922325931412,10.9473347851526,9.18487352558416,16.277822848129,20.143737733014,21.3704482614904,12.8621188149666,10.4321994241634,7.91616002061852,15.150675021909,14.1077988292241,13.3482805803746,5.98493435722641,18.8174857328708,21.3974753184222,21.5248568832271,21.1864826242297,22.1601548872156,11.047944843647,17.0613989210239,16.8510450760661,16.2773924599076,20.4987751723271,18.7655827749774,22.5081029184997,22.4122029538434,21.4944064862027,19.9430628409277,18.3104461647547,21.1438691272897,18.4674670425269,16.6310630862642,19.2724247241285,17.4071356481458,20.337890124502,22.7417317099273,19.6141358051839,15.6592600691964,10.6452395292325,10.629630113641,14.68901840159,9.6425610717958,15.7243131123906,16.2418243845998,16.0413629915265,7.04922246919319,6.60744024216484,10.0980365907278
113,11.1615496474912,21.0436703513969,19.4880590716511,17.6529615067793,17.2263263657839,17.5983848039128,19.2886387980247,18.0072554722039,19.8314567457938,8.5511733563877,3.38332798010046,5.69975325055119,6.03790133859485,4.77639016716715,7.89929858321696,14.2480838138078,13.2598834606224,12.8169266075266,10.6050936334044,16.6978327759195,6.10127038486016,6.68340078719277,5.9027435154811,3.42992742018584,18.0372509924828,18.7080538018323,19.1401029092313,19.1955640967911,10.4581354941723,9.95678084253133,18.3358994418128,18.8722514634154,19.0964314697002,19.4441598248162,18.9041030499532,18.1020171851858,9.99126826289602,13.8275963357425,12.8871900973741,14.412084003952,12.5460158646676,16.0675687096837,17.4723292144321,14.9539052959241,16.7480388646819,17.4575710441117,15.6678861398254,18.7458193955143,16.0870648623789,5.75755571906042,13.1234455012148,16.1877600298338,13.3325540345345,12.0586905388834,15.1171439177333,14.200120852943,14.6582772210635,14.7315452519435,17.8853734614857,16.4832435877339,17.9545229702252,16.6012235874774,15.3411650659039,18.8682342794898,13.7056830639624,14.7125407945912,17.3601190314817,15.6743226678194,5.20436260969309,3.33772160256802,11.1501279475057,16.5666563867864,17.2510472982389,7.43712950153137,4.44525917245985,1.55913307233438,9.30111232878517,8.19472760608311,7.46591398688224,2.6555312580924,14.5947207934169,17.291082734209,17.8739944957193,17.9757963032848,17.6176910662574,7.92604622291473,12.0187707124566,11.3133520215371,11.1489553311652,15.6040005060787,13.8374389997403,18.5564648665102,19.1991450417149,18.3117780514433,16.2393925219379,15.2650449101749,18.5419678248004,15.8948584235184,14.4941061727548,17.3239945428926,14.9848117316657,16.0774204413037,19.0539007428804,15.0545125667434,9.94930885369978,10.585279411321,9.0558392490917,11.8011013293372,4.52518137140361,12.459624513766,11.6929413544457,11.0992627889221,3.55778666326898,0.0,4.12026849873731,13.7344546266599,21.4992529546532,20.1456867326776,19.050398668933,18.3684784571218,18.1410418779293,19.6622683829196,18.2224336457648,19.9906455638395,12.2596862862273,4.7522473995825,7.05782668247221,6.64047077821997,5.64598480163491,8.48577051303295,14.7723465490667,13.6248455036336,13.23420068471,11.0191185327235,16.9800661323909,8.28418194115772,7.90833346502146,7.0500544175635,4.7582593492538,18.2594505985388,18.8701008322685,20.5301444231687,20.8067203042592,12.803713380041,12.3007434572316,20.3371567239261,19.6675024396377,20.2423835341394,21.0295151269243,20.3480125539564,19.7986639382169,11.6140348876152,16.1431866089688,14.7251816324498,15.8987827455329,13.2283159630838,18.1821893648772,19.4608619395869,17.0319201014826,17.8659056458474,19.2455698075916,16.1509069383522,19.0580457041187,17.8505625110015,9.46960567097124,16.5023179608691,18.9205613596934,16.7139393532844,15.3778093585034,18.0219212207066,17.2971555355073,17.5688532569645,17.440315832622,20.1410962207791,19.1045825887289,20.2282561235907,19.017649507776,17.252666532916,19.9238316862092,16.8509179788504,16.9471533570317,19.2316977117359,17.8455587812795,9.21850100982574,7.39965204883522,14.5976218988007,17.7936248443185,18.95873999052,11.4294573909681,7.50923602428631,5.36046289578511,12.5371865991404,11.7728096828593,11.3823603106843,4.14806064744992,17.401667668027,19.3511672207928,19.646620316263,19.3156654878396,19.6518526199604,10.449930257973,14.8492314002975,14.3868798703209,13.8853842830316,18.0598315521029,16.3314561422515,20.569344625202,20.9436518163985,20.4152666467479,18.8131997382521,17.8115944052883,20.3457761937712,17.9411529106959,16.0319057285354,18.6626645986213,16.9237909562509,18.6702195849544,20.7505844881196,17.6153489877602,13.5639635275191,12.1217623134279,11.3499278527428,14.6559280861535,8.50906127781599,15.3069195645195,15.3043957003951,14.7580853199305,6.57987976071915,4.38681915667542,7.96057273723743
114,7.88788864315831,19.5663986920912,17.7642552287751,15.421121158272,15.182613715078,16.0283586237671,17.7471268772465,16.6742037155192,18.5060941191905,6.49495360403872,5.49365434830059,5.88636814190166,6.19257789218228,5.38622912551403,7.81272749465162,13.2070977474241,12.3695303489845,12.0294941604532,10.1532956709466,15.4511792154842,4.46280293139069,5.75486170972473,5.50659427192599,5.06271128605043,16.856818412309,17.4991307061173,16.6815942728657,16.600079934518,7.95935111763165,7.26860169390708,15.6777038714979,17.3059017726206,17.1596368105321,17.1240463142398,16.7739879613838,15.5076008514702,8.54039260104327,11.0130559017572,10.770389074921,12.5272265267331,11.6527754300633,13.2506662784627,14.4995551249032,12.433398672273,15.0192605097199,15.1212573423826,14.5838548193569,17.6004972161164,13.1884697228341,1.94916200868992,9.24062229292302,12.5173349153029,9.38849689119329,8.27771246936986,11.4837690801605,10.4126189898829,10.9573555270287,11.2139970762884,14.5150967828162,12.9372221355884,14.5569042115552,13.2392793378468,12.3182294924749,16.769495744684,10.1596916127763,11.5052517212427,14.4399872046097,12.5899652052417,1.70731806971447,1.58164781032166,7.21145682476141,14.3087858528147,14.534907512999,3.85991498961079,2.931225623394,3.01400753066039,5.68923069986643,4.28273497974697,3.36965628732448,4.8915756431926,11.1166404489875,14.1263308312896,14.9168955673566,15.5566146838999,14.5445213856599,6.0564370491489,8.58433910282166,7.68709783228941,7.72067847727216,12.2499319574966,10.4339798604635,15.4328544472261,16.3698165143386,15.3236366273209,12.9808065104637,12.3072239302129,15.8381728850662,13.2018344111489,12.471542909588,14.9093352489655,12.6047145993945,12.6849900856735,16.1969546145416,11.6196632671736,6.0108907301689,10.7347447863389,8.49904948167973,9.47983088571853,3.08023886617003,9.65213599269758,8.23668096696142,7.35758810210766,5.03440823260207,4.12026849873731,0.0,15.6306856380576,20.8664721582467,19.7930766353466,19.1922180344941,18.3089835866942,17.591295002298,19.0046178117321,17.2875931542576,19.0230576201305,15.680883689746,7.72530561854098,9.01232854476128,7.68392950833971,7.34342739278285,9.32821771189852,14.2654260771986,13.3008142735304,13.0697814822786,11.260374304962,16.1007827770519,10.1964195575637,9.18630037298171,8.36251513293888,7.27186372308491,17.5207736428346,17.9574692207182,20.6888777693351,21.1209546060711,14.3801067092108,14.040067206967,20.970093348694,19.4942046863268,20.3212933457846,21.2991949751621,20.4930793529934,20.2373756622248,12.8310242495155,17.3766509875293,15.710123981424,16.5174708840585,13.5518716585668,19.1274519032812,20.3425405993103,17.9412763081272,18.0790220886096,19.7647952070844,15.9892291870908,18.5006592567173,18.5685314385719,12.4591888613753,18.6050536196876,20.5633596730993,18.9753261179898,17.3778718891016,19.6936121459792,19.2301373436102,19.3128324132184,18.9465459582392,21.2743038780216,20.5311983052418,21.3956527715387,20.195350833952,18.2013396254296,19.75139183953,18.9961724285543,18.1134294863259,19.9412511753748,18.7778305431451,12.6448466377672,10.9908889284621,17.1482336849999,17.855048537367,19.4584240337423,14.7221366091109,10.3446264446012,8.93224832586535,14.9133687024208,14.3934223912841,14.4199893963481,7.12152714043339,19.1269293559812,20.2536096417153,20.3240409643718,19.3440966894109,20.5513097028559,12.7095511941369,16.5122695945918,16.3709976383677,15.66409635945,19.3498662501282,17.811191158023,21.3488795777286,21.4164366402064,21.3526999263464,20.2792789181156,19.6652217984997,21.0958747565979,19.2770240362402,16.6551209195725,19.35652941725,18.0394887165051,19.9614614477722,21.1756715121701,18.9604484896085,15.9842334640505,14.5120707233687,14.1043044294488,17.1525385829905,12.1528260932105,17.5879029841377,18.004350824934,17.4871732475079,10.3265602428509,8.23812843451155,11.2545746690697
115,16.3653163573703,15.9930087641961,15.4504686079573,15.8725289569818,14.8888100776539,13.4228991428299,14.4592432734399,12.8232619638015,14.0154222346719,20.8589283978805,13.6363867644994,13.6231468030334,9.68590352961036,10.2756917110478,9.68826505753753,10.5704169631925,10.1958340406568,10.1707797121023,9.6337621738281,11.8445575388884,12.7297780234064,10.9182961108904,10.7992499738003,11.0709103613385,12.8855954049764,13.0170875152435,19.5704303159987,20.1971780045222,14.4074526688436,14.6095570345844,18.1526969238151,15.3410545838768,16.5958199859845,17.6742357141602,16.5271592900718,17.4160767362866,12.403084218209,16.2992394958931,14.2735120366304,14.1787812372054,11.3478265430564,17.3185057148354,18.5334592717139,16.004060135136,14.7096644751619,16.7670634624828,12.3852763321037,13.8189625424509,17.4254297617253,15.8234359423205,19.6626658735434,20.8674201205931,20.6298999813381,18.5772873716694,20.3226546690045,20.2368616868417,19.7200001196426,19.1000488516051,20.76182801562,20.2512519822448,20.7263711899639,19.5704347725065,17.3805653438963,18.3298768981538,21.1960741916315,17.6542966081033,18.1140589327919,18.1423627302929,17.1692010428752,15.9995829571095,19.730677422646,15.23963521221,17.2681405146747,18.9592458834677,13.6309154929469,13.7593936610299,16.7093530204525,16.8804180577397,17.8218649624393,12.1756916884305,20.3173267177626,19.3316170568976,19.1020140004376,17.0984661951516,18.9113851054815,16.6446292861534,17.0976363159882,17.4009034826911,16.55932672887,18.7508973469885,17.881547356631,20.1449505260806,20.3176635942855,21.6135419515215,21.311214650519,22.3294528196395,21.4350027541929,21.180170582988,17.679013494285,20.2352567663586,19.5934567547662,20.1605016047902,19.3263172873416,19.0774072614871,17.9988311919773,20.5058597525193,19.710535669263,21.4401374235015,17.4631338989261,21.2401241932711,21.3807324464033,20.6657459677493,16.4718713202956,13.7344546266599,15.6306856380576,0.0,13.3930198148047,11.1723439095168,8.6357624227088,8.80718020031341,10.2722291786081,11.6645950229173,11.6000338706045,12.8935387493477,12.2314922867644,12.0518895261971,10.9022928869242,8.00192197786705,8.35958132240438,7.59512216199259,8.9874979094543,8.48592711720626,8.3282565579295,7.76127944459304,10.751930432485,7.06111127086463,6.73279846909231,7.73828508796542,9.17592955547215,11.5206448534943,12.1006609332894,12.9415877227041,12.812459230763,2.40992542964026,2.06300859284419,8.3308049984369,11.0587683391559,10.445818215951,9.97103493631008,9.71713397504774,8.30363403051724,5.0659402254376,3.65824213212694,4.69929147072555,6.41669780461178,7.76273109469661,5.77816638144802,6.90398899154119,5.35981256151713,8.67548813634396,8.09158861991354,9.53460099290321,12.0136399143846,7.00820431399316,5.73885228210977,4.64260079619297,6.97869286419149,6.20522219014663,4.42168894203715,7.11806035903559,6.18887289532558,4.93916151763389,5.64330425182017,8.66641065386392,6.55694117329467,8.17713997434003,6.94114442616859,6.01062578216128,13.4077631188719,9.08145412113779,5.03481820006188,7.35903113438604,7.21966069885463,8.25339453952492,9.2235083667125,6.26382328205467,8.27042319066982,7.71180966904889,8.35491719848455,6.73443196309537,9.51211822132671,2.21584131812987,3.85056462372969,6.08504530302201,10.5950647460319,8.26354490181962,7.9758815483338,9.11205141965987,10.2711359655567,7.15344460803871,9.88216038378354,3.47526436655513,1.81465018519906,2.21513743448509,5.19993736697962,3.55643425503843,9.43422126156026,11.697188966385,12.0742005824174,10.3988482005373,12.2523514880864,13.2576250863882,12.3382228643098,11.6984920794904,12.9411577921343,12.0928493435515,8.2919443793549,10.0984781242013,6.2395055932382,4.04631307865156,16.7412139704374,14.4048187785709,12.7910379152065,10.3970361266991,11.4638390794898,9.78245337166273,8.23274881947331,12.5678701241649,10.8999679882807,7.67539017183254
116,15.8435939060093,4.65890182365644,6.06817085176855,9.19841286683359,8.75970823123736,7.17113104989487,5.61832707850943,6.73114724177087,4.78766399815833,26.5101870655067,22.1592732845432,21.0869776727888,15.7585011280562,16.7999174328479,13.7938720266274,7.73450005893532,8.51902284627435,9.01167966668629,11.2104676001098,7.23607217063507,17.7379387892288,15.7248739528556,16.6932415198549,18.1489709570881,4.58384547111542,4.52112229813563,18.0406229551039,18.6886564695892,14.2117077066213,14.8908666814457,11.1072978131938,6.33089495180878,7.76201572659871,9.18031236562849,8.23031245958157,10.9378750121819,13.059807575625,13.1402111345148,11.7396985335951,10.0730605559963,10.1184362368131,12.3106951752896,12.8997133483094,11.5849045531185,8.04915158081363,9.8823390189729,7.24284318532577,4.65803721841743,14.3219038968922,19.7336562302249,19.0767948352775,18.6763515129121,20.661830945142,18.7152936814973,19.2265613342428,19.4909649334059,17.8448965826074,17.4069475582286,17.5571110592287,17.195746357206,17.0462326468402,16.4188173443008,14.6024464795436,17.4180802896336,22.5895372711003,15.180658798017,13.1569297915016,16.0151567073598,22.2366275749398,22.1112113250501,21.3626344193651,10.8300008924996,12.2609462058662,23.2314347009785,18.4592800929082,20.5517274020519,17.8455112854228,19.1718075419035,21.1974022831954,20.3521130583244,20.4850309964491,15.9456719141724,15.7641152900145,13.4963262298412,13.6764484906678,22.192774763688,16.8832857227729,17.2153770780653,16.5958045522299,15.4135721048826,15.8325891602523,16.3282176869618,17.7269027001544,20.9099695430388,21.4283805051353,24.6684688261462,21.4301081231694,23.1717801137654,20.3883944519151,21.3581098126705,22.1225942545028,18.7593240084514,14.8647151058521,17.3656773069251,19.515686015928,28.5951479724351,26.9338328560592,26.2447224474473,23.7457120771467,24.9620377463411,24.3658275064872,23.2188972230319,24.4192640495194,21.4992529546532,20.8664721582467,13.3930198148047,0.0,2.70840160882015,6.06782567570046,6.11510659551386,5.59023175107197,3.50941999117505,6.06463502225008,3.80573722433575,25.0149626669869,21.9390625222379,20.6345404870189,15.4882007418987,16.5213902584199,13.4302606477488,6.83032522025285,7.88132905256024,8.38466330196043,10.8048512071702,6.62236077746638,17.240049808975,15.2287144403404,16.194640146798,17.7593974869225,3.35652277903308,3.70464152327575,16.3002058152681,16.6081585458215,12.0545130343222,12.8280146617166,7.2799644275149,2.96561168170903,3.70082921626082,5.22542630629187,4.88463818343137,7.61751395826998,11.6121115624534,10.0709095235652,9.27391346174291,7.53406361446365,9.15544104541607,8.81345163070364,9.31416438853844,8.36993636913444,5.17296182045093,6.14535610373513,5.96920226883553,2.99903658487892,11.5538025695246,18.0546153582492,16.1209170502422,15.5961774664991,17.8788330283304,16.000885199038,16.4196096736217,16.7021154970775,14.5587959742782,14.4234268950553,14.5372298416965,13.8310165156692,13.7993530927315,13.1331888406692,12.0589438380566,16.0119784032981,20.2105687344559,12.2486008010494,9.91977309976288,13.2979368185659,20.7214357924923,20.9588298172113,18.9108950862521,8.43663611792424,9.27642620313151,21.3630515467384,17.3560594298049,19.9401255370767,15.4574476105179,16.9638271629064,19.1742187286775,20.1519602634553,18.0749443854283,12.8386583445244,13.1599998771523,11.3960021121444,10.2519668925501,20.9906955771813,14.2583822229794,14.4047134956989,14.0469541697657,11.9976948943118,12.6925264675638,13.321042911634,15.3390539556432,18.5045041634645,19.0767873657504,22.5136681764279,19.4830671639921,21.2004857109634,18.8885750858838,19.6883003898376,20.5599851703519,15.9253792218404,11.9253293900115,14.2730366977623,17.0043237889791,27.8448798232218,25.9896731860089,24.5512942896826,22.549290638397,22.9103756779185,22.1760804170431,20.8760150406216,23.7908748565596,21.0888880710353,19.51930299953
117,15.4847756155881,6.44161773383627,6.93926635263486,9.40827089627492,8.65298014328119,6.63921524236113,5.88866592653403,5.81990713189348,4.83572462674089,25.3057126191608,20.5020467655912,19.365536851216,14.2923753452607,15.4066706526149,12.7629644881072,6.94356698835946,7.80646344654822,8.40264834723707,10.4136694746881,6.09325318812321,16.3584526371193,14.3527790900715,15.1837857611222,16.8434882422683,4.9827357411745,4.44168222052337,16.8977938886923,17.6051219216903,13.8413130475421,14.4327801975735,11.8007807208742,7.67431138444273,9.03955038669681,10.1516763841649,9.00639637882482,11.2053269950651,12.6061113282758,13.1891624456621,11.7408335067989,10.3282255003528,9.8893422552299,12.6112611901343,13.212864405571,11.8530356160825,8.80042196360672,10.6356874195155,7.59013622075015,5.92201689608543,13.7977798751523,18.8434436475755,18.6425395662048,18.3207882798413,20.1090357816164,18.1103484281179,18.6525020342988,18.9667111733017,17.5400484039415,16.9326339519051,17.1835912633621,16.9849639614214,16.8095138450011,16.1110926407715,14.128409788977,16.0468969404243,21.6698061008962,14.7842077355078,13.1058924586218,15.3679643564622,21.1810376033216,20.932586248078,20.5990506735829,10.2987731580015,12.1109689262024,22.2472088424954,17.4845032949993,19.3340543917515,17.3222685419185,18.446761015503,20.3361218442892,18.7629344349757,19.6452826776854,15.5374965537787,15.1980961816737,12.7011331109694,13.8186414806237,20.6969908600029,16.2327032267106,16.7661339171057,15.9967887344159,15.292261140607,15.5298264792472,15.9303707472248,16.9083937492689,19.9169841112652,20.4826180857529,23.4683210384662,20.2411663009617,21.8604346773229,18.7960687059537,19.9687204842079,20.6680768638337,18.0889591716644,14.4504092466628,16.8299255668646,18.8061055829093,26.8372746330984,25.3328836000721,24.878381713885,22.5316113353946,23.7006669187412,23.3645583038642,22.3234101089119,22.9756393025515,20.1456867326776,19.7930766353466,11.1723439095168,2.70840160882015,0.0,3.38175337911398,3.44362459187622,3.44082102789173,1.89905724548215,4.52784828314315,3.18940754525469,22.7240261900973,20.090970920899,18.5846330665286,13.8220805415991,14.9062211777316,12.1416154698416,5.55005627425656,6.7618728842876,7.38983802839662,9.71905861450973,4.98435918834619,15.1212349204164,13.3239722283698,14.3184416930991,16.2569767977406,3.17673436950459,3.07050152564545,13.8130896655477,14.0787444424951,10.1087140449074,10.8323595748149,5.09304361908533,3.02200344638452,2.8704687427264,3.34911087958591,2.60232018941573,5.02970771627112,10.1175453537525,7.8640143511481,7.52520881524957,5.99706524481933,8.25240108261222,6.46790009680431,6.82574075837215,6.26167627929378,4.01469320646627,4.21453584799515,5.54013992913612,3.86229650618845,8.84613172640859,16.0320737442158,13.5841252050161,12.9451316131937,15.3012899417186,13.4418949722014,13.739249335235,14.0706158256733,11.9766233879263,11.7633187556882,11.8633247331481,11.2018699700497,11.1510901380864,10.4611476662483,9.36275444231928,13.6372544730654,17.5584259553871,9.590556869985,7.26039225206189,10.5903963212616,18.6376816972936,19.0123885264322,16.4103884971866,5.79529370231507,6.58406906449102,19.1078205042609,15.6086258905099,18.2364614728824,13.2851256856227,14.7393486700521,16.9480790434181,18.3807766562161,15.3864445491553,10.1492702936639,10.4907686736603,8.86963527581618,7.67449254556208,18.6528658951473,11.7072707743648,12.012604248036,11.6092254431476,9.40580662896073,10.1392441211832,10.6766851616743,12.7617552803332,15.844648401235,16.3726846417901,19.8470318307233,16.8659654428823,18.5481894112125,16.3667564128179,17.0995427130304,17.9536706259867,13.2176737386766,9.34072693225761,11.5848625812162,14.5943302453084,25.6096139748889,23.7190422744107,22.03554789065,20.5002789870233,20.3313841518867,19.6273082580519,18.3628175818173,21.8898363828378,19.4124783814807,17.5432497210602
118,16.0659842775751,9.51764823361001,9.43433982740158,11.1087831920527,10.1061980471393,7.92269744650017,8.07534257661918,6.84037704859955,7.05301774573193,24.4881732856796,19.0067135196391,17.8729245290822,13.2656969318418,14.4136510198147,12.3772369407772,7.67322474183596,8.41899414035714,9.01536765497348,10.5194328103996,6.71797567139353,15.4779508691848,13.5268648599319,14.1063796728002,15.8835510236261,7.33151211815908,6.62381144777541,16.5862370880752,17.3526434318585,14.4207920757171,14.8838049655884,13.7958401743216,10.3445685188456,11.6228214447418,12.4867593282233,11.2484083179953,12.8461403395031,13.0614083401995,14.3732680702265,12.8741558104896,11.8307341014126,10.7561735774285,14.1467278953837,14.7744431386748,13.3456901162002,10.9106943277686,12.7036564863641,9.34522234811726,8.63454360367963,14.4015189885482,18.5382610228193,19.0945856008739,18.9394469114862,20.3810935251137,18.3552208677662,18.9815671277315,19.3274605978621,18.2127993112604,17.4339990043136,17.8477780124393,17.8215103415339,17.6476042743995,16.8733535291821,14.7606098156215,15.4327188328712,21.4473509280427,15.4621990928496,14.3028110514919,15.7409250723474,20.597764642668,20.1456251180177,20.5527097578053,11.1291555825782,13.25544226511,21.7841285453945,17.0383103327917,18.4663303584809,17.599025450729,18.4284958304029,20.0815959226179,17.387799610348,19.6015222301844,16.2173370029974,15.7095927225334,13.0533832380531,15.1864340045231,19.5875314112126,16.4873439901277,17.2133083809081,16.2955698609474,16.2745700358914,16.2596890871196,16.6219427680631,17.039730919967,19.7108817732247,20.2999746353977,22.8469399365477,19.757127358493,21.1322675926437,17.715545309151,19.1930827353971,19.7508699298317,18.3344889909259,15.1917720072472,17.268514009552,18.8491328936946,25.2060238254412,23.9571921550357,23.9265343550246,21.6810932709256,22.9408915305711,22.9491280395757,22.060723098827,21.7483257202792,19.050398668933,19.1922180344941,8.6357624227088,6.06782567570046,3.38175337911398,0.0,1.29201145868561,3.37171394721501,3.941493500529,5.07676863514566,5.38205643356147,20.0377864625606,18.265693153661,16.5156320218082,12.4571435058021,13.5385148125437,11.3440191899147,5.85479446911748,6.92141986680897,7.54740364878287,9.40723095617961,5.16824097088323,12.9474565118532,11.5831784382041,12.6097964342852,14.9656954663454,5.55947086895822,5.27483011060017,11.1839211965937,11.329233673062,8.168898363226,8.77698474515921,2.99998764292242,5.29552698367664,4.35120641075998,2.93093132866013,2.02327064465053,1.90372101729058,9.00291860322694,5.45026459198284,6.15740918373372,5.29504858399018,8.26849147197872,3.77839746223905,3.74223824851288,4.24206508985149,4.57678865955348,3.1355213839964,6.66478814102916,6.5218159299626,5.56938002776764,13.8078881496026,10.396708742141,9.57249602024675,12.0647423401305,10.2874598071449,10.3794422694772,10.7592739245028,8.69825158631644,8.42011217766347,8.53849100590023,7.84318131445068,7.81795895798629,7.08297179700019,6.04876480144842,11.294060594783,14.3025965030816,6.28302415708725,3.9118935310383,7.30433492437159,16.2960579591156,16.9138288614492,13.349950057149,3.09589338290724,3.26707562311298,16.4629705384888,13.8712003268906,16.5459964924551,10.791567568878,12.1685703698091,14.3520847370433,16.6882904670564,12.0847824184307,6.83345753027301,7.32798183653652,6.30099082160422,4.41264927564781,16.0589173235333,8.62109324139798,9.14380049330409,8.73081779907285,6.11038071850293,6.97393043063046,7.49254930657595,9.86770743279295,12.7323072833815,13.1014260595771,16.6598968160846,13.8890668711641,15.4579622267688,13.6328935415047,14.2112562950739,14.9897338818634,9.88643776612878,6.40651348416616,8.23150611979224,11.6955824945249,23.1502920523763,21.1771360996119,19.0811395142985,18.2227924836746,17.2722852238163,16.5249326273299,15.2952452208511,19.8748954233626,17.7656395716706,15.4107884121339
119,14.9955312191514,8.99529316346187,8.61086293605548,10.0254693905684,8.97850455384562,6.78672029039712,7.16787561365901,5.68294060946948,6.20899372467159,23.5008997491674,18.2665998802698,16.9985798793731,12.4813985344756,13.6831788649817,11.71176289734,6.74288991987239,7.61398608730491,8.29963447501851,9.86688250434902,5.50507354419244,14.5115831606277,12.616631163252,13.2320017381036,15.2366357753872,6.62636069707853,5.7794928229337,15.3334470953262,16.0913450907592,13.4614518900248,13.9012887709663,12.7805239054879,9.73351521778013,10.8839204490927,11.5695892740837,10.314468107664,11.7254405191514,12.2697548832949,13.3257608957359,11.9683163892668,10.9816847125184,10.1274280627731,13.0725713304992,13.6465900616578,12.3478824145561,10.1531197425148,11.7785874755695,8.75445054403404,8.17261662872759,13.1331415799354,17.6065744066311,17.9045609914364,17.6836544206702,19.1744129437053,17.1694552520099,17.7214446808649,18.093697011937,16.9964100580922,16.1880995969331,16.5725212210564,16.5802681717585,16.3867177299586,15.6172995049555,13.5074724314311,14.2120179140709,20.2187689523164,14.2316569235473,13.0957512033358,14.461898333509,19.6692893449632,19.297507761873,19.3930614511908,9.88789722741436,12.0430733600516,20.7733336033053,16.2341631286729,17.7400964694264,16.5694624249287,17.3946672060129,19.0607565854454,16.6675086451567,18.3406365095698,14.945605971587,14.4278549097272,11.778113903395,14.0079583797434,18.5551826687507,15.2950275677548,16.0924215402085,15.1504027838362,15.0718556900872,15.0710741906441,15.3494387355268,15.7619766990909,18.4298148502058,19.0240705642833,21.6230278490686,18.49766228089,19.9009945655707,16.5264561096467,17.9598979413429,18.5429963625166,17.0524161265608,13.9325892612296,16.0086672677286,17.730791313062,24.3177677766982,23.0185985586547,22.821081150492,20.8057777495066,21.7828112718748,21.7943996014458,20.912494479397,20.9832423157475,18.3684784571218,18.3089835866942,8.80718020031341,6.11510659551386,3.44362459187622,1.29201145868561,0.0,2.21343633991055,3.36253538576687,3.91372804110732,4.66666787132609,19.8291948400993,17.6534324181174,15.8536379641724,11.7912311633804,12.9470994519613,10.851994936455,5.06564615281258,6.28664070961902,7.03308133499377,8.93333945513491,3.93400781484741,12.4140605950092,10.9694678294547,11.9493741715437,14.462103415725,5.06811140906881,4.53094662396475,10.6914533864598,10.9252343803131,8.21903978975922,8.78365090657707,4.27050938977581,5.58716146610684,5.00883201191614,4.0612952846804,3.04328320634347,2.89866876989282,8.8639405632144,5.93872242852992,6.35112539808516,5.54005300915567,8.03583586669597,4.64432279641154,4.68346702450047,4.87728811794285,4.93086088424679,4.15323427597904,6.49769676484318,6.41621794880447,5.50774857786829,13.6570732931322,10.6785939681211,9.90396426481146,12.2671698753376,10.3939519089419,10.5293300698829,10.9602856859738,9.07513084441984,8.62327990098762,8.77519155215013,8.28789921051478,8.19862512203365,7.41168248971429,6.06975378058645,10.6122055368318,14.2599390276293,6.44298573235208,4.40589588956024,7.24047084121317,16.0910539789568,16.608699761038,13.3915057976154,2.40032439817765,3.53768769327944,16.3488467821699,13.5945051317167,16.1579868536534,10.8778490662922,12.1489539891081,14.2916956415138,16.0950087709165,12.0502081665109,6.99795054175997,7.28789898010926,5.78862956197927,5.14924638111881,15.5856636555212,8.64724331687676,9.313941180377,8.75266305077661,6.60434194867548,7.25725585355892,7.64230292356442,9.63722183288459,12.5185849667126,12.9847365576516,16.4296344750094,13.5291654452477,15.1046974133706,12.997623451011,13.7147117730017,14.5219716560039,9.91266837401745,6.41813106195399,8.35418985597725,11.7441734126663,22.6007189493142,20.7144249933995,18.7722595844345,17.9328754719952,17.0092734575083,16.4517082357281,15.2765273939434,19.441807342299,17.3158888024827,15.1419688646033
120,13.4929818636658,7.39875517586331,6.64201139382024,7.89953127558872,6.84631131813585,4.60975029320566,5.09406563762385,3.47792507223004,4.21076230166094,22.6777927856161,18.095890851868,16.6282207969774,12.1258485471005,13.3832250606892,11.2964543997276,5.43516581590681,6.60248111521957,7.43836561983079,9.2982893948682,3.4474990096368,13.7861648627259,11.9798525687057,12.7450035081116,15.0337671572465,5.0262640490932,3.85957365994163,13.7355134460182,14.4623498767022,12.1600628452185,12.612757911236,10.7104616729042,8.16609276082738,9.09458261089705,9.51720728004481,8.25695390144959,9.57058106122415,11.3110600069333,11.5946773673873,10.5247423933004,9.47991742640748,9.28486767345351,11.1169049176426,11.5581346392302,10.5667550677826,8.55330047081289,9.86348301319674,7.62884729730431,6.90009688836164,11.1779216046713,16.7004630230676,16.2348123640043,15.7959480018138,17.5493362911178,15.5936740735681,15.9523626099519,16.372462111287,15.1722424377033,14.3701696565803,14.5922370285147,14.6185095045578,14.3613192670614,13.6441037646228,11.5888335865011,12.7867411626169,18.7451694423898,12.355193080997,10.9911925710877,12.6036193895453,18.8673423660622,18.7003112831003,17.9874326800338,7.82365387694616,9.93230196398737,19.7880684067414,15.5921137470662,17.3673421342149,15.2686519662229,16.2047760192464,17.9828702280039,16.4962395094634,16.7244275694268,12.9543669921337,12.4654206204483,9.84670839447143,11.9008031682861,17.7770643482789,13.6977788610965,14.5546081771639,13.6275385102699,13.1209771979168,13.2706457315224,13.332613757104,13.948570519861,16.7889256693115,17.4189397123094,20.2976162698441,16.9971114760743,18.5878549093358,15.4269082137089,16.6315332045613,17.3463087457087,15.2577088171992,11.8850350968801,14.1840967581837,16.3660152948273,23.9285013530995,22.4697876472647,21.8426193834266,20.1830373360016,20.642307058654,20.5375717988387,19.6112708831576,20.6646685353094,18.1410418779293,17.591295002298,10.2722291786081,5.59023175107197,3.44082102789173,3.37171394721501,2.21343633991055,0.0,2.18868568808509,1.72801002826622,2.96234333997819,20.7703329610406,17.7894429021928,16.0159182222257,11.7535436011422,13.0009131556402,10.8623863398542,4.28677853062752,5.80361231889047,6.7179868198259,8.81692926517465,1.94984235655963,12.8454535754449,11.1629500785523,12.0447879129767,14.5933297374243,3.98295809983675,2.85233913833503,11.172161735835,11.5611271540041,9.37107797600257,9.91598175598076,6.32345797195291,5.76575245282641,5.79682083715593,5.58816192736464,4.52030743699519,5.05258813340328,9.49305948499746,7.69910352547562,7.49858570121789,6.53589570705727,8.14982248650377,6.73056262340336,6.89210309358138,6.62957864378891,5.66649714056894,5.83961871931775,6.35086019266985,5.86505583630932,7.03191289878138,14.5833734703296,12.4104537935814,11.7105165836158,13.9075804733387,11.9428683762002,12.146355691549,12.6274339235072,10.9356381182024,10.3362885868651,10.4418126386375,10.2132856299399,10.0193612383943,9.24343827693076,7.67770897586688,10.7315297565724,15.5951211437282,8.17565421253251,6.41956681391897,8.676964675507,16.961961524209,17.2667978296722,14.8012769210538,3.53503720373847,5.44041961747084,17.4251758870733,14.1979597106707,16.5719820508473,12.2046434817608,13.3632587860548,15.4391319484515,16.2267612278469,13.4246248603287,8.64271648309762,8.64147313282936,6.42838051711509,7.28056057492579,16.1843117272476,10.1328733330063,10.8713586653005,10.1726713442046,8.60166969055962,9.04709847964434,9.16720034995485,10.5671299471758,13.5330214844206,14.2100687414594,17.4728828201826,14.2966147853618,15.9573884543035,13.3895787674215,14.2985296111076,15.1967062103353,11.3728578141637,7.72324521198486,9.987294368271,13.1407051671549,22.9894781235603,21.2642222844523,19.656924882468,18.6577550342178,17.9941313764642,17.7004700033937,16.5959350380513,19.8784841150981,17.6212095289611,15.8728935779044
121,14.344087687279,5.81622416636847,5.71878913027838,7.8855453798868,7.05164971604604,4.92378808881759,4.36744039220182,3.99886615652816,3.23240734336861,24.2764539203616,19.8706924610406,18.5037638605389,13.6925156735352,14.8868165615416,12.4063369609588,6.10003045688153,7.23050754917527,7.98808747520633,10.1073092356528,4.4450511459616,15.4219359754035,13.5460543844177,14.4142731715838,16.4500863489219,4.17624290304092,3.04210934767933,15.0685402649017,15.7717385405694,12.9376779911283,13.4883953103145,10.4629740802028,7.11267433715643,8.19582840996499,8.89749012229057,7.7015994830456,9.62504906869716,12.0338544358835,12.0239318081565,10.8955638996714,9.54459971016901,9.60539510272677,11.290030097671,11.7145690655172,10.7381308402033,8.07840025788825,9.52427819090541,7.30083476000434,5.70093911008696,12.0805362737925,17.9846360234132,17.2242898287289,16.6830361989344,18.6544564918665,16.7150707077407,17.0335454429871,17.4319481738495,16.0257636472789,15.3453785222349,15.4209343344144,15.3538213368198,15.0719477073364,14.4286921588612,12.4815698486456,14.2664494612567,20.1445997717581,13.2156921947075,11.438200279821,13.6606870958998,20.3030906687607,20.1882004232663,19.2649116412521,8.5665334709764,10.4162581628986,21.212679049018,16.8577421790029,18.8025659338221,16.2805382887689,17.3958673531646,19.2992678814379,18.1934567038251,18.030490093118,13.7795272207982,13.3797659196386,10.8442761842824,12.2159935562764,19.565487159561,14.8242122270925,15.5193423455715,14.703410794298,13.754725761172,14.0837797812702,14.1151262023764,15.0485726819619,18.1263368390846,18.7869094079346,21.8968561476152,18.4682575831912,20.2335296866816,17.2477904901468,18.2681459022727,19.087903919664,16.3833129854502,12.599266006663,15.2004357274711,17.5736708936985,25.8719231226409,24.3240315906726,23.5775898325949,21.7246982591399,22.3036547950566,22.0156798911462,21.0035864554867,22.3223940290184,19.6622683829196,19.0046178117321,11.6645950229173,3.50941999117505,1.89905724548215,3.941493500529,3.36253538576687,2.18868568808509,0.0,2.75987874602613,1.49997775624555,22.6666494294815,19.623461954143,18.0001073370957,13.3901437930303,14.5771354846939,12.0390262843591,5.07469650148531,6.53760816341804,7.3471151796272,9.69638569196284,3.45128362466969,14.7579848338501,12.9351493591517,13.8477323486636,16.0580699205836,2.92991020861372,1.71480335861072,12.9846326742865,13.3527528824787,10.5913474082563,11.2413635217265,6.4049271991253,4.46733240004494,4.68999196272473,4.9647525735515,4.03866153097503,5.70555500531723,10.4911312152618,8.68008557771819,8.26896399548824,6.90672495154285,8.61339406793111,7.45692146072594,7.67647606373755,7.2730706655318,5.27774557135077,5.70415873343537,6.08227487362538,4.51274757084864,8.75012523566048,16.1895956881058,13.9862958690677,13.2517123102067,15.590538469584,13.6642931343288,13.8647905218424,14.3105657564143,12.4203792575502,11.9803145471195,11.9599688342655,11.6128438719461,11.4088498935119,10.7170191273035,9.39022249416945,12.5873476392636,17.5099381598906,9.79669547693185,7.62201589582054,10.4609155930626,18.6865816960307,18.9683289117613,16.5859216496638,5.34698213253403,6.75085392396747,19.2059617937732,15.6826474447837,18.1449002341681,13.6891307573408,14.9937575965819,17.137030363273,17.9771271874204,15.3083677449808,10.1871700671861,10.2762159087319,8.15645040134252,8.28922895918696,18.2412396988668,11.872297860782,12.4135195517928,11.842719889152,9.92485528837981,10.5486437136413,10.6302759020236,12.2468476008932,15.3941994328655,16.1254843345505,19.5157053933248,16.2326456112696,18.0316341170466,15.5442880989625,16.3546968046982,17.3185990310406,13.1436795236833,9.11803301722154,11.688076919547,14.8413417956927,25.0674064571542,23.3083271861285,21.7287708572169,20.4355126344354,20.0529835051336,19.6214306817756,18.4516127676703,21.659381641458,19.2297177516238,17.5512967507637
122,12.6117363773631,6.75447237370011,5.54446419637007,6.46231470730689,5.38171448193687,3.09570844362142,3.85789538692074,1.82939583438493,3.12609640217575,22.1693584043096,18.1459409299173,16.4884158442913,12.1908401109848,13.4833218224967,11.446887309956,5.16689500001102,6.53857434241411,7.46878168166003,9.44766620474652,2.16157663072407,13.4639079155713,11.8040247504807,12.6502804363236,15.2051443454812,4.58902670298362,3.06388937098348,12.3764637906963,13.0817446584733,11.5376418685834,11.9725950432095,9.35539107098475,7.56558417134246,8.19046305209208,8.22601791403653,6.97677038275832,8.04100450652579,11.0587858414811,10.574113164196,9.86783033005278,8.83503350251991,9.27051968890571,9.8627279423577,10.1050616753945,9.55048484920107,7.88200349995378,8.75176840045863,7.49579220397435,6.68901190424265,9.70055362858733,16.2693344312163,15.0832964767162,14.3867361077881,16.3995737006628,14.5192991788196,14.6313689153206,15.1265618712492,13.8766538681192,13.0446206759621,13.0493274563849,13.1678399914989,12.8034584455214,12.1609051167428,10.1801954022774,11.5620069412712,17.6442283444144,11.0165117288488,9.43691637381552,11.1892633661868,18.4653225272047,18.4705553040526,17.0308652950646,6.28814458439997,8.36531786719074,19.2056239427265,15.4225123321445,17.3610803327639,14.5376241223943,15.5274282651432,17.3607279803105,16.5917230817415,15.497440159734,11.4137381727378,10.9033333946136,8.28246041519421,10.3745206010021,17.2798881525841,12.6208351945179,13.5876241945696,12.6587739341324,11.7397087099817,12.0429206195053,11.7320173804839,12.4424188512933,15.4318270334907,16.1458663384255,19.2478431663798,15.7291223481508,17.5173268029603,14.5371152071873,15.5092823984331,16.3734908941029,13.871618222565,10.2386116890338,12.8308688627727,15.4967414732788,23.6698910412804,22.1180704256021,21.1234130999871,19.899464632734,19.7906322598357,19.6459500972254,18.7135065829571,20.6048068386996,18.2224336457648,17.2875931542576,11.6000338706045,6.06463502225008,4.52784828314315,5.07676863514566,3.91372804110732,1.72801002826622,2.75987874602613,0.0,2.56412594588961,21.5517254274596,18.0649511825698,16.2731343255205,12.0624186844692,13.3677003538503,11.344209095942,4.68512732138947,6.25880061952806,7.24115526668514,9.332775291938,1.24690057047807,13.3784475568477,11.6175312086363,12.3945185523898,15.0178325382682,4.26980882153055,2.67262446175078,11.4506636262561,11.947573851196,10.6013741389115,11.1024292430899,8.0247903211531,6.77098250825467,7.1042605937864,7.14047573738327,6.09188632034405,6.6968263343177,10.4659065292619,9.2690281601007,8.84887065061715,7.89147465592832,8.91759263776149,8.43334658900482,8.56688618788894,8.25803627714936,6.97913060401031,7.49207425102346,7.10640840571016,6.37832311696348,8.22419780433922,15.5085184872237,13.7518455323028,13.0286873046459,15.1540156145462,13.1656024153094,13.3304555364447,13.8754317268052,12.3481764801595,11.6261280033485,11.6291632614777,11.6272597148605,11.3269561277593,10.5873630395589,8.93134326836294,10.7479461763349,16.5694257226449,9.52611130648808,7.91983644287251,9.76539823174588,17.7920624080993,17.9636625557962,15.9170512092172,4.75664091993413,6.8918739275691,18.3553697715522,14.9553919059952,17.145476574516,13.4158463017445,14.4599429747635,16.4557789507163,16.5465587689565,14.4217626692115,9.84802278132278,9.63529298308767,7.0230460170789,8.8603634144605,16.7113210417194,11.3511533274756,12.1876718249325,11.3979154654101,10.1178552199022,10.4724255307547,10.262242887198,11.1942760056949,14.188236410506,15.0527856535522,18.182576132381,14.7546609312446,16.5132522157809,13.6415360798478,14.6397874291905,15.6351283765013,12.4211370350681,8.70237406242966,11.2098792919945,14.3051964476961,23.3027353543321,21.721028434968,20.3101654827975,19.3617833597134,18.7124306778462,18.6474052656086,17.6219709598815,20.3735755934046,18.0951675025868,16.6395414524592
123,13.8318514116289,4.84090088451924,4.50935512273149,6.75383023976271,5.99569366048374,3.9612476919815,3.06152150780477,3.16436769316903,1.80653053540949,24.1606861010218,20.2116837146591,18.7181432840369,14.0148580740109,15.2264275026392,12.7297921720899,6.07348985423946,7.33686985996789,8.15006573665903,10.390991066914,3.96838325603663,15.4698527636146,13.6936701798566,14.6347203851736,16.8314975455421,3.65535799072617,2.10135065458255,14.2976377846879,14.9729485217549,12.6161880908098,13.1701839511496,9.30693257999848,6.38549136161554,7.23019281274391,7.67087548801394,6.50086900945607,8.42711145883413,11.9910635412242,11.3211358135943,10.4726748979632,9.06924564638356,9.69038137630896,10.3389853581672,10.5958005914031,9.98142635810019,7.45061574236409,8.54913768020925,7.18412573781019,5.32406700740569,11.1522194332617,17.8860398958003,16.5187621351871,15.7583906351787,17.9680135693267,16.0999845695772,16.219650452503,16.668179835082,15.1852527068045,14.515500983874,14.3876800644446,14.369015782634,13.9995262305092,13.4386352334532,11.5963859091521,13.6343710589413,19.5494936728775,12.3664360918903,10.328704289134,12.7998059727884,20.2480035077591,20.2735841704502,18.7595000203552,7.61631491603319,9.32121931134382,21.0155376528063,16.9576731931767,19.0515628251416,15.9074329967897,17.0941705898712,19.0570361076734,18.5572461330399,17.3313672478744,12.7622787530069,12.3742892223697,9.89920845871703,11.0819403124447,19.4992559401249,14.2205236107667,14.9592962324704,14.1707284953857,12.8098752245812,13.2993819417421,13.0369140708713,14.1135404031174,17.3339385590667,18.0612502143094,21.3724101077836,17.769087656483,19.7092779217407,16.9063863758487,17.713343406311,18.6607556850994,15.5347034457764,11.4834507918208,14.3605333916284,17.1281452268016,26.0019259974764,24.3703672943585,23.3249846022236,21.7758074790553,21.94041723631,21.5888955752996,20.559125351622,22.5625478791852,19.9906455638395,19.0230576201305,12.8935387493477,3.80573722433575,3.18940754525469,5.38205643356147,4.66666787132609,2.96234333997819,1.49997775624555,2.56412594588961,0.0,23.5806623253054,20.1417048355924,18.5216958813643,13.8984825193458,15.1232181693737,12.6196482191629,5.54426121016014,7.04547457304216,7.89788107651692,10.2671251726024,3.4765497880557,15.4635058271894,13.562265605383,14.4060588879802,16.6365989438561,3.17575340355598,1.39576698178345,13.481808893834,13.9256592635103,11.7306066492094,12.3580766189484,7.89349650484877,5.38730974662045,5.90707205362085,6.38488168050855,5.50107702850074,7.11033595219534,11.422625861098,10.0531556164287,9.46894310078033,8.10411556770149,9.34253344854225,8.92438891027846,9.12022561236122,8.68445541070811,6.46443311169409,7.17127155514901,6.76286113171871,4.90245774806025,9.84747143822538,17.1610419246435,15.2528377360805,14.4907374295868,16.8041880760694,14.8488741006343,15.0202188486204,15.5155535513033,13.7212837156326,13.1923962108386,13.0870521050294,12.9020096988129,12.6142894709204,11.9465214751512,10.5429664318618,12.9052551297364,18.5499422422112,11.0241674775148,8.92039737638213,11.5144302425699,19.6075557530794,19.7868976642821,17.7166485910447,6.35785099535002,7.99232021523242,20.2099838772974,16.5138910356102,18.8532180051716,14.8519276652036,16.0895359968807,18.1898217726832,18.5156091184761,16.3489550360593,11.3101168853142,11.2508559586716,8.83443060075002,9.66086303761919,18.9700194223807,13.0372944361723,13.6472434806339,13.009836260664,11.2708594038366,11.8398302059518,11.6726711727033,12.9762549109375,16.1790154920167,17.0588156598458,20.3794421934244,16.884551731286,18.7792115264539,16.0745531178124,16.9374412839321,17.9838516099712,14.1956989806422,10.0559148262148,12.8499821234599,15.9913931986215,25.6519327233022,23.994909166229,22.56233028976,21.2719004230519,20.9282368614901,20.6523772416404,19.5309230116651,22.3398347325354,19.8686891763804,18.4157729340032
124,21.0997879323085,26.6357580139439,25.3665389031703,24.3919217495649,23.4597785768408,22.6515357224706,24.4062564438637,22.2944402967471,24.2766938721683,17.6950905113394,10.4643812481592,11.6023016901783,13.2407355768155,12.9583947886256,15.6102301032661,19.8782529680291,19.3142015213835,19.1739270668945,17.5316599139107,21.1070257452507,14.4702569930053,14.4384404768125,13.2706974896028,12.7353199045566,23.2983472271826,23.3525169208932,23.5863303952374,23.9516516973887,20.0497390781696,19.741283408951,26.2940770102945,25.4483264953637,26.2146701059888,26.6848410412142,25.7013837761747,25.3322366596213,18.8811665941282,22.9040162822004,21.5961853220896,22.4630251995809,19.8853475446167,24.5786521087145,25.6827260133978,23.5176042182094,24.0264355694393,25.3364049914547,22.1864694085034,24.4638291957657,23.1981384196324,17.1558784048792,22.8995045522588,24.8474670176031,22.9687559820166,21.5929272870599,23.5920940501366,23.3039199869125,23.900636145495,23.2837393280839,25.4963325262752,25.0829219474405,25.8271939598068,24.652549429806,22.9633877163345,22.4149688171917,21.9983912319736,22.9573356046664,24.8880725081567,22.9470258244265,16.490866169269,14.8522153225382,21.0077279151414,22.7129255737761,24.3408221680862,18.1720312727355,15.6258196545825,13.5203226024708,20.0491023734098,19.0498964471184,18.4961159525442,10.8569937892092,22.4969244474722,24.6357522777441,24.4542375213895,23.3859975728962,25.6487776152719,15.0840253077928,20.9828938696325,21.3174592914924,20.5801056886386,24.3153741840156,22.8805641674913,25.5065088463833,24.801277105691,24.1516176184888,23.1884005822428,21.8120651878557,23.4862216592849,21.3982446998904,18.6442544480304,21.7015496788537,19.8819289088001,23.6933046764871,25.3954253069443,23.2570061940051,20.1761875590985,14.0343286536905,14.7372953734387,18.6775106830768,15.2415906078015,19.7019548992428,20.6749862007852,20.6988483254215,12.6372992548147,12.2596862862273,15.680883689746,12.2314922867644,25.0149626669869,22.7240261900973,20.0377864625606,19.8291948400993,20.7703329610406,22.6666494294815,21.5517254274596,23.5806623253054,0.0,7.99077445996473,7.86870480008236,11.9540137163127,11.3299305748443,14.3132152836134,19.1705227794,18.4453488003448,18.2400644045632,16.5063879782307,20.5140875454523,8.68748206096236,11.0845549700125,10.7002417087457,11.1151968574363,22.5230765005013,22.8183172681693,17.8970486827662,17.6742667095342,13.5079009950996,12.6570608568864,20.2151845719865,22.8949515095474,22.503427749202,21.9418324799195,21.5423932738678,19.6037987900785,14.7320116063217,15.8382964643843,16.4265090271147,18.1984535316282,17.8951903964788,17.7123916717135,18.2529543111383,17.5275942236064,20.5546467148961,20.2225188367591,20.579575602225,23.400058877557,16.10847221878,7.69121612882428,11.3498515542511,13.8812564426104,10.2104420460385,10.6557306567429,12.664411971023,11.6436480723038,13.3166823682505,13.441235420197,16.0582714649477,15.1634554934133,16.4051358045015,15.6727129706574,15.1502613035446,18.2991810328251,9.12812515804114,14.6100031938994,17.8490739243013,15.040930360674,5.07841040484155,5.96994475522262,7.70629857607787,18.3649239120406,18.1665208681567,3.95033449023462,9.55748669008853,8.55105552558253,10.1965400512431,8.42183151748566,6.241944616555,8.81349691542675,11.3070306499397,16.4319785614304,16.9256512349937,18.5251924122193,17.8692397568203,5.77292713667862,11.7577261152515,11.4368232381608,11.4510052978903,15.4579756530332,13.7714506430303,17.4628705499216,17.7498756922051,15.361106094856,12.6113941376936,9.8434595098123,15.5336152643226,11.6767302128667,12.8029155439338,14.2903764719112,11.692168296903,13.9963644967003,18.7295325320763,13.8285091030842,8.7779124450759,6.76441372785964,4.41795332189488,5.23253949979357,4.17207979305149,6.63309812636699,5.82644222458222,6.18950019888221,5.98345269183431,8.56408029347185,6.67149174386144
125,13.8516624032386,22.2277547013829,20.6118758405658,18.9280610937032,18.2306447147777,18.1152711467921,20.0063760934536,18.1958761603278,20.2859856052254,10.3789273762759,2.5576074400836,4.44686348369274,6.90811493911614,6.27956336246042,9.80840112419115,15.154119486268,14.4343223303727,14.2110820151984,12.2697806445084,16.8961356679915,7.20467603420616,7.77016355093236,6.50466534442349,5.94393971169272,18.9849327492468,19.2828997952853,18.6699546675499,18.8456575096468,13.1709263736629,12.7004474782272,20.2496436381095,20.5167053319879,20.8973317980903,21.1187108861429,20.3616871604194,19.5278468317028,12.573988817632,16.2256496538404,15.300739065804,16.5845332207567,14.5558019886761,18.1702898831929,19.336471000864,17.1949846022498,18.6342693741654,19.4575556321748,17.3173790732943,20.0694056501876,17.087571815764,9.28025141155113,15.4382309615578,17.869526289958,15.4744633473513,14.181937446196,16.6091265732602,16.056536308148,16.7221475168256,16.3598124773673,19.0510267563636,18.2251879618081,19.3090755966703,18.0481264827852,16.6003385093278,18.0007691329153,14.9097892542765,16.299734868296,18.7509711068142,16.6353311881909,8.51092038204182,6.91284394651723,13.3573619201388,17.3124001782934,18.4436415449146,10.2656584830463,8.12979790676468,5.92366344427898,12.4272934946463,11.2526393451559,10.5453591860582,3.053076945099,15.6520106866033,18.3690663394982,18.553356603656,18.1825015612291,19.2960877550305,8.00847049022478,13.8634597523218,13.893677910217,13.3364765468746,17.5169360209338,15.8872404100073,19.4398182594482,19.3156612546332,18.3682560894227,16.7799050677311,15.4772958094163,18.1386418964603,15.587445890318,13.4829819463309,16.5790035158572,14.3295055154427,17.1038095459188,19.711279194437,16.4729703042849,12.4838393176319,9.19201218524747,8.60715519395735,12.0964096913229,7.44331522273373,12.9588963360557,13.2777912191818,13.0915743678561,5.28606548156501,4.7522473995825,7.72530561854098,12.0518895261971,21.9390625222379,20.090970920899,18.265693153661,17.6534324181174,17.7894429021928,19.623461954143,18.0649511825698,20.1417048355924,7.99077445996473,0.0,3.03926170678246,6.55673551004384,5.78467233229064,9.55340385300603,15.2247524424503,14.3250789277595,14.1054630116483,12.094763230927,16.8646160829091,5.57086127082103,6.77435087612089,5.78306193971529,5.58411293676154,18.852603310099,19.1970760299373,17.7076718485438,17.8634472916048,11.9625096637578,11.2525451783096,19.3840431494076,20.0939585681253,20.2954483408256,20.4769802518385,19.8158023837522,18.6053143318831,11.7947092886507,15.0455268300341,14.4284114133832,15.8881168979867,14.1708655972188,17.0378493161723,17.9879866525425,16.282833869788,18.0508870322461,18.7475043065597,17.0115123135095,19.8840514393676,15.7374461852301,7.24694156917113,13.596495783835,15.9589814301926,13.3564824892534,12.40000176472,14.8142571366863,14.098521606833,14.9342393381455,14.7036842052875,17.3540140439347,16.540660202768,17.6222095468156,16.5458757154762,15.0429188236071,17.3397566287651,12.8349697128133,14.7471632218896,17.4965087408132,15.3019320614933,6.03689692778926,4.58058456986082,11.0322827906306,16.5427051840332,17.3684023710214,7.74202587953036,6.65213294921458,4.40220943457338,10.5243928465488,9.2314383598286,8.28452165451067,2.0099242213809,13.7864512335302,16.9135182947819,17.1568123549576,17.3757449610043,17.8878579478528,6.02496139854462,12.3044252739739,12.1213280808168,11.6052937889063,15.9742073108388,14.1836623602948,18.053260959049,18.1351212275222,16.9251196558665,15.0576726045171,13.4471221339148,16.7819849910558,13.8571085205339,12.5543841354944,15.0555301998266,12.9769971972249,15.5357500933007,18.5703836821785,14.8688486426699,10.5959443423363,7.86423261345912,6.74594369205894,9.94490620612299,4.94564803698105,10.764687435161,11.0172339460394,10.7579220951422,3.32153428382189,3.50450618438767,5.40853961686137
126,13.7399727423804,21.115842342958,19.4036806709184,17.7351607893341,16.9082749432615,16.5788488740254,18.5817276840133,16.5049457764371,18.7458175621895,11.5223932686768,4.43345680292136,4.09180689919179,6.71640262571446,6.706065350112,9.98549346040441,14.1126343316384,13.6542727219284,13.6306402676056,12.0593077072469,15.2595627359357,6.89192108594125,7.34839021205282,6.07410127307531,7.21788650304721,17.8514729108328,17.8762120490558,16.5433976799801,16.8009250915486,13.1616710276498,12.7209055144828,19.3919097664221,19.7257473433922,20.1022275984744,20.1367232345428,19.2847904715269,18.3645153960002,12.6948541162407,15.8121161114231,15.0438499314786,16.1651843912369,14.3704110152039,17.4799481220008,18.4347504738454,16.6741054669606,18.0010309067336,18.7368690148155,16.7469777374571,19.1999263459505,15.726827926365,10.2079767835285,15.1167503632891,17.0117018297685,15.1570512131061,13.7972642922135,15.7323987322827,15.4455259294733,16.1154269963935,15.4855369470351,17.7899773822709,17.3297198126942,18.1333225727596,16.9578032829944,15.4164716889106,15.6758713765408,14.2736784089487,15.3378392412351,17.5630020429574,15.3027183219341,9.7846392690051,8.56367976413932,13.3116227188748,15.8100010704462,17.1484979882527,11.2096428601168,9.25670163579449,7.80724302992589,12.7403710973822,11.6806856485485,11.2619074322515,4.5786918348588,14.6681637712514,17.0358265872981,16.9801627855008,16.330554206295,18.2707626139284,7.64123086359131,13.2319923081472,13.7357089790284,12.9398463412715,16.7133609462027,15.2468307856198,17.9657428547493,17.4622184770368,16.6842715797684,15.5007781758604,14.4764818886515,16.2565808596818,14.0989262457943,11.4728155961469,14.6015140403444,12.6371202977724,15.901131384377,18.074598807699,15.4654262378028,12.5261996955751,9.64082403263959,9.18031400809409,11.9185283263338,9.12968869422634,12.4922501492148,13.2841042821254,13.1815299473135,7.56558394426079,7.05782668247221,9.01232854476128,10.9022928869242,20.6345404870189,18.5846330665286,16.5156320218082,15.8536379641724,16.0159182222257,18.0001073370957,16.2731343255205,18.5216958813643,7.86870480008236,3.03926170678246,0.0,6.13617648027491,5.98019399070477,9.58962295690876,14.0604787689827,13.4310720122292,13.4073850488022,11.7705886410591,15.136222324325,3.91382260069334,5.71470238563094,4.75890909530338,6.67093101357022,17.6392831023305,17.727201725429,14.7899919668317,14.9529481690794,11.1249730528339,10.4133864628845,17.7873854792057,19.0044297941061,19.0714696774848,18.9401764490079,18.2296060636972,16.741831400243,11.4040720698077,13.7527168054445,13.5248605416721,14.9470731624907,13.7562560438334,15.5123516061157,16.2035290825257,15.0051942033077,17.0038067447146,17.3933166174403,16.2629646824283,18.9000061515835,13.4456755159741,7.10365878508998,11.844710152408,13.7912219539143,11.5080022054314,10.5149491400313,12.5304580775346,12.0311431313788,13.0315467253931,12.5542292982702,14.9324448310463,14.4409285466945,15.3246318557625,14.327784527517,12.8290247837685,14.4203495020168,10.5905411873858,12.6820348276341,15.4395589826159,12.8771577566023,6.24482152753,5.57286505984567,9.40465242586942,14.4518713933876,15.2836960706061,7.28666220025638,7.1405677848901,6.02067716356502,9.63266973447923,8.31493516092754,7.63572203753996,3.54254601914565,11.3394896586999,14.5420856041408,14.6276583655954,14.8436966996341,15.9278618212905,3.76087304812292,10.391289062575,10.665550619032,9.96472810170622,14.0683332968576,12.3773915203745,15.5718490175541,15.347839661971,14.0696681318762,12.387754420816,10.9275994194623,13.8280035570206,11.0383764817737,9.52969350891971,12.0591139140094,10.0577721256894,13.0200679717669,16.0902072577385,12.596403040651,9.15455521065203,7.57322760537472,6.26998916150275,8.1866236660523,5.80284573654962,8.60913247100882,9.32779929601634,9.17423844035402,5.48766793042438,5.77164890770096,5.78468654154605
127,9.78495533040729,15.7725502708091,14.3245008007965,13.0873819712134,12.3620413801089,12.0860100553895,13.7733770825309,12.1994009286281,14.0470816191545,13.1181596004682,6.84871203610363,6.70929512054802,1.82377906477271,2.43123328666581,4.04347581557214,8.72065303236285,7.94636144374689,7.73848511126071,5.97859570191634,10.8750689809454,4.99405679934665,3.36264201743164,3.0200933723809,3.85691018862758,12.5101920734941,12.9385226852051,15.7429191952588,16.0774186469562,8.30407960704088,8.1477033717051,14.6175287693236,14.1032927643656,14.6487374355573,15.1415688018588,14.2937843140819,14.017270311609,7.06523442381131,11.1009250080677,9.64223966831317,10.5771219732054,8.33094700282401,12.8485540504704,14.194478039679,11.6305141322742,12.3694868843697,13.5507101198133,10.8636747943392,13.5404721729101,12.7186777531399,7.91572705560167,12.7270708717469,14.7517845692403,13.486165316251,11.5596469582064,13.951504283085,13.5177328010364,13.371004770954,12.9934705106829,15.4995145869168,14.5189703575549,15.5118266320196,14.1741399725935,12.2816502949453,15.0624209289293,14.1226700099346,12.115193040601,13.8379159867676,12.8900444288486,9.20017567484106,8.19170674718661,12.1729877019392,11.9800275027862,13.3550152193187,10.9714234766321,5.96114261417025,6.28884450509487,9.38873697443164,9.17457069608386,9.87228986580257,5.0289857944837,13.7917072557277,14.4005788868294,14.6123107561923,13.7202605963103,14.4159427596256,9.37089263846157,10.4958324078355,10.4978194659973,9.78800186416013,13.2379459712345,11.8549036251947,15.5229689339578,16.0455984246865,16.3662724071586,15.1929820940337,15.6843546460715,16.484940089588,15.2104121941643,12.5129827593761,15.3065513267386,13.8831449100904,14.2951010914908,15.3979540322587,13.1286544144884,10.4709432451399,14.1947804330291,12.7875388572379,14.2096697947217,9.71977793076058,14.0516421246763,13.7556496104406,12.9678875575714,9.38557168434287,6.64047077821997,7.68392950833971,8.00192197786705,15.4882007418987,13.8220805415991,12.4571435058021,11.7912311633804,11.7535436011422,13.3901437930303,12.0624186844692,13.8984825193458,11.9540137163127,6.55673551004384,6.13617648027491,0.0,1.41207152367997,3.58837392221008,8.74114223920127,7.77705887442569,7.57487840614222,5.72419891836931,10.8250107123862,3.9433547265051,1.7467982555068,1.68452178116336,3.30071727731661,12.3584897061879,12.8450306788386,14.958114039845,15.2241681147166,6.92969387046804,6.52600611353416,13.8329422543528,13.6837615015642,14.0538527067617,14.5611312719071,13.849291244206,13.1755985766884,6.0770813449895,9.88548698202469,8.65705963780774,9.82092659469874,7.86858765291358,11.7430253586019,12.9411285888762,10.699888202428,11.7834724372115,12.8702733109614,10.5292994803198,13.3509682385222,11.4192680022462,6.20453651784901,11.1666560081386,13.1643711003113,11.8352360072925,10.0261869215294,12.4994154511246,11.9569537547146,11.7432755679264,11.5144539880429,14.0655690301359,13.0155986540477,14.0432852131049,12.7884892511355,10.8876316219869,14.4766711770423,12.6448787208233,10.6348296700327,12.6643273282836,11.6611728689567,7.6847444940574,6.91429216560222,10.4151202689481,11.1953669471422,12.3492832879366,9.39136302266769,4.5055632810184,5.44361529994443,7.55298070395539,7.37060184596553,8.18030694059282,4.71975826261076,12.3814324690919,13.0540421233935,13.4004877005959,12.9812315352239,13.1368771714253,8.23959784060526,8.99783960394011,8.76631117369484,8.05749681335683,11.7630191101521,10.1772282722375,14.2971883805565,15.0365111368971,15.1913381419653,13.9061153899272,14.2655330427153,15.4463194490955,13.9252629654271,11.6891584374984,14.1232202017202,12.9227322618703,12.9574858879721,14.3370576701573,11.627392465065,8.82920659198286,13.5900240829062,11.9941723971235,12.9611959068352,8.54926418038981,12.5840201710322,12.3001303452476,11.3523735907921,8.76512641425494,6.13424232216704,6.0903927318019
128,10.4333165229853,16.8404576675379,15.4740648251079,14.2719820051972,13.597577488465,13.3766052133663,14.9978100543571,13.5172489796328,15.2868899827628,12.8294806515255,6.19948030053495,6.68976104707867,2.46196402784907,2.20381616745014,4.35712053831613,9.84337869353449,8.94351299909855,8.61559212284096,6.6227095627315,12.1929999082995,5.46556501982638,4.14562676114973,3.61932679416249,2.91081385567591,13.6007553006052,14.1351156370385,16.9928549027579,17.2955611474502,8.91427137259724,8.73145217483332,15.6598177432404,15.0570035191683,15.6310253791559,16.2253923361435,15.4167347247894,15.184287855698,7.55717380138183,11.9452340710455,10.4010921811097,11.4094492264663,8.96345221905051,13.8234178366344,15.2499615243617,12.5308216242749,13.2823700346308,14.5311079082344,11.6995748205463,14.4905520013778,13.9036946158775,7.82695012424598,13.398193447761,15.6652434967741,14.1024794089121,12.2417261551144,14.8293701511971,14.289831328958,14.2066020330563,13.9299487230344,16.5848620090065,15.4915106911309,16.5888654039079,15.228570936524,13.4049163098832,16.3451074360101,14.7410842976657,13.1486119342029,14.9946419230275,14.0142338540531,8.90162382858541,7.66205009485354,12.6072553675237,13.2704197762505,14.5597823687321,10.8569777841111,5.63043278710016,5.46138369488865,9.756228540618,9.42493805502485,9.91544750076179,4.31704939162037,14.6256815169221,15.5427832715363,15.82429256808,15.0476737578867,15.5090311889172,9.59315524670561,11.3336283071776,11.1337886718629,10.5390382764696,14.2151566771702,12.7506377993925,16.7033622776473,17.2714718348805,17.4216769671406,16.0922218758294,16.3109984920439,17.5464677808351,16.0204881534662,13.4753316102051,16.3329080946116,14.7314764003388,15.293794515269,16.6551409796142,14.1104010377006,10.9166888644884,13.8961011423349,12.5444053985624,14.3897738173662,9.20154435255727,14.4191391989432,14.0413188004761,13.2703186869797,8.60064767111924,5.64598480163491,7.34342739278285,8.35958132240438,16.5213902584199,14.9062211777316,13.5385148125437,12.9470994519613,13.0009131556402,14.5771354846939,13.3677003538503,15.1232181693737,11.3299305748443,5.78467233229064,5.98019399070477,1.41207152367997,0.0,3.79329678571567,9.84147690788142,8.74969092210495,8.41800706805297,6.31670275292161,12.1303513311247,4.16417687245641,2.62244994597907,2.34247894539707,1.90881994051213,13.4236991740553,14.0279183527846,16.1034112518135,16.3297025317351,7.32594887501597,6.85469331742911,14.7193457239064,14.5718145148555,14.9392301143011,15.5108471925933,14.8551037984225,14.2004317368716,6.40403918687427,10.542548441052,9.26796332678643,10.5316904642084,8.43115046240105,12.5442192549895,13.8197100867618,11.4455084984256,12.6032207042097,13.7185466127868,11.3157419332138,14.2688322191628,12.4610301789081,5.64386524000045,11.556960306876,13.8202857678652,12.1488491781193,10.4708925597252,13.1397615780628,12.4601741658568,12.3287414315794,12.231529327257,14.9460886840173,13.7599913210398,14.9048724518067,13.645075533801,11.8452784260886,15.6888093644649,12.9861967304547,11.4936475676292,13.6610896535394,12.6300102584171,6.93238706012467,5.92899220364419,10.5129785078691,12.4032441871606,13.4188308843079,8.87520819343973,3.59787249349969,4.15333030461856,7.59172089078817,7.26901036275263,7.80793792079367,3.8132606515793,12.9696345949907,14.0235200010965,14.450710890482,14.2195550291631,14.0485622134903,8.22692751444224,9.62099932780463,9.15723476038142,8.58553463493984,12.5390994857788,10.8693208100463,15.3071485992368,16.1270905996272,16.0831225920826,14.5896061314686,14.6611106515676,16.3572816045151,14.5497505640401,12.5658615470996,15.0062167523837,13.6105472283595,13.7690396897299,15.4574317235054,12.4224350193234,8.97076518941829,13.1530462855614,11.5348490516205,12.8875433261768,7.65628643587983,12.7099691946733,12.2756164759249,11.3271739256383,7.72665412694075,4.84304774476422,5.25547316150158
129,9.80820030816162,13.8131091385858,12.8061214114365,12.213475026878,11.6227473436535,11.313785277115,12.522610337779,11.5195769896954,12.8134576918729,15.5142596320782,9.79143705341171,10.0504223681775,4.12251118305844,4.37148127330878,2.25435517662222,7.21995410890146,6.04559745534777,5.49130186338722,3.42877411267337,10.2565631614039,7.46550756166077,5.34452760454325,5.77478468596537,5.0784866008215,10.6646403594112,11.515282122939,17.4411728077734,17.8098056648153,7.6021839495506,7.78160935927173,13.5451950309714,11.9299221290619,12.7376421976757,13.7804568820568,12.9604362492488,13.4017070064401,5.37454105980211,10.3209995602758,8.13702194253671,8.73234030214328,5.67822840818,12.0375582896127,13.6779866741106,10.448259451476,10.3221910166541,12.0694487532268,8.38002946132918,11.218211552798,13.3297078269242,9.0956872694137,13.6373062460799,15.6793477339232,14.7621673369947,12.6850962961103,15.2226340742754,14.6980547014565,14.0510747354292,13.9076498719247,16.3922376446327,15.1075383092827,16.1843117016919,14.8218888619252,12.8405883670676,16.8577597460371,16.1700130726814,12.6137268020602,13.800497940035,13.8953363490881,11.0045574898598,10.0975997829958,13.7796645148848,11.9677492368287,13.2898134484539,12.8517760335236,6.72434846116396,7.80905612837729,9.82333855698416,10.201622721833,11.3720106954862,7.81532695305622,15.5676138421505,15.14101842964,15.5101312204555,14.4787964620836,14.2284308593344,12.3540916614324,11.4687843265284,11.0191565717453,10.5205275313847,13.4301309902707,12.2136473331477,16.3164709904867,17.4196497115682,18.3058662428891,17.1824970123025,18.2507392371271,18.6666907028899,17.8004363249399,15.2175458964703,17.739464158485,16.5887889195265,15.6723263067122,16.0284438647668,14.1441911810409,11.7233340144639,17.4478937513604,15.878238708004,17.0696666004032,11.8405735244096,16.7363161781684,15.9706315350077,14.9238665265338,11.7922488834093,8.48577051303295,9.32821771189852,7.59512216199259,13.4302606477488,12.1416154698416,11.3440191899147,10.851994936455,10.8623863398542,12.0390262843591,11.344209095942,12.6196482191629,14.3132152836134,9.55340385300603,9.58962295690876,3.58837392221008,3.79329678571567,0.0,7.08372649853211,5.69000993125862,5.09189901901576,2.71437086680322,10.1486491017285,6.84755389097644,4.44850143643387,5.06625667901065,4.45792718976464,10.4139587776385,11.3739493739671,16.580875637506,16.82646571927,5.63615313877735,5.60066445510854,12.4282312765828,11.3126822307302,11.8653734225606,12.8935147202746,12.2983135305391,12.2845291209275,3.55154210817425,8.62842427673758,6.59007049382559,7.52467556677545,4.79834953483614,10.5296796082179,12.1003079095514,9.08398121011354,9.44561873924077,11.0468509351677,7.83700985555401,10.9238466690841,11.8111062769662,7.25044610157325,11.7954962389232,13.8455450523688,12.9160136028654,10.9755436970986,13.5885168258293,12.951045347332,12.0866285615886,12.1724228889569,14.7567999817636,13.2935526109413,14.4513969924464,13.1351528233831,11.2966401034801,16.1915786189763,14.583816943235,10.8891068529875,12.3466889124663,12.4686902263065,9.45427368216258,8.81615008012999,11.8825564395837,10.9899140789382,12.0457281627319,11.2073181810478,5.11577982236773,6.98460286107947,7.65843730705577,8.21247099823546,9.53092494260222,7.55636953064476,14.036450977817,13.5417786368516,14.1289299605809,13.6136241233242,12.6597489576437,11.2973856073627,9.71311646590269,8.97990633671577,8.53423034593158,11.6075725944195,10.2108834248167,14.8675112410106,16.2679133038373,17.001816991355,15.7865530600048,16.7731824577097,17.553261404934,16.459719730496,14.3348534357809,16.531092470228,15.5839879449231,14.1596971377972,14.7423638835888,12.3977080937277,9.85350996313489,16.8457702788972,15.0860938859055,15.8089350175842,10.6892250719832,15.2481608152046,14.4369614830654,13.2055733920419,11.1614411302244,7.97406288319586,7.77847121976604
130,10.5163626173649,7.47585650183525,6.57763145717575,7.19626065765296,6.36782621579192,5.13154774314468,5.88529163106661,5.04989491901071,5.8828820754836,19.9360260383369,15.3359876366449,14.3344677844891,8.93915972306888,10.0259808691899,7.3391232404779,2.05652078602028,2.56606829870773,3.24906323796986,5.0903611153949,4.08797798592958,11.0364731936952,8.95400709622855,9.88142909921018,11.4882778250299,4.15043548195672,4.60026210661548,14.6239561204674,15.1886034643976,8.66745925695549,9.19892069501092,9.43580805383673,6.63576492910635,7.70538262947147,8.71665909331128,7.57243935421464,8.9209794203878,7.30346739001423,8.88548300652528,7.09644359858386,6.24824244931672,5.11876233462267,9.15720987471025,10.2877131555158,7.98155935786092,6.07851347045545,8.02388346863067,4.33908767620902,5.47329582282814,10.5114572561428,13.3279273670982,14.0358543698715,14.4946179446335,15.4822262101393,13.3649259310843,14.5837987257999,14.6174385862121,13.3495376334309,12.8777996045034,14.047755802191,13.3548159378689,13.701258702644,12.6627606212353,10.5014972128466,13.9615677179524,17.139884023891,10.8543531286697,10.2542069565485,11.8287462238838,15.678424484522,15.4264565571351,15.6184055557846,7.58291968614294,9.38384414881398,16.832232157014,11.9398996754655,13.8712028108198,12.0656133551792,13.0958049058717,14.9310816555792,13.536576289946,15.465763961429,12.4498979028885,12.4503527916268,10.5130360728324,10.9116145396923,15.6588727699979,11.5602109730563,11.8507889387899,11.1005425646454,11.5271162757811,11.2446273190355,13.2489044524719,14.4832471341751,16.7753390742901,16.6674421103859,19.2025405952502,17.220735205303,17.9880590840894,15.1103943654336,16.7592694248419,16.8130924916879,14.3904352407943,12.246908797264,12.9040059662313,13.6869042480983,21.9042166269661,20.243411797858,19.9785061962337,17.0502998947257,18.9406552471703,18.3821330574206,17.2825510440842,17.6131826173197,14.7723465490667,14.2654260771986,8.9874979094543,6.83032522025285,5.55005627425656,5.85479446911748,5.06564615281258,4.28677853062752,5.07469650148531,4.68512732138947,5.54426121016014,19.1705227794,15.2247524424503,14.0604787689827,8.74114223920127,9.84147690788142,7.08372649853211,0.0,1.58262876340159,2.55631666723386,4.75987184460985,3.71279581294776,10.8878065690475,8.6442644870158,9.5289884008993,11.217617551994,3.62871180391584,4.29470568847228,13.7575582552658,14.1342430135062,7.24667692112323,7.81590229865531,7.99132810093808,5.62713385752162,6.39832594395733,7.50840012576485,6.64343545415075,7.52165268909098,6.26958618619036,7.12736202713274,5.47239785860149,4.67363343374728,4.32948764224497,7.40439707435968,8.54486361146775,6.2825956418975,4.72316451137732,6.54610356009134,3.45449438408208,4.98654383913746,8.91248647261985,12.291206036381,12.4704014497487,12.9036774380848,14.0116617793376,11.8613279188177,13.1398525584427,13.1669433055572,11.5526635795745,11.2628253399286,12.5102373117284,11.6127843431407,12.0529633371831,10.9449253374667,9.06094073271622,13.2307189067281,15.8945477084281,9.14829850325051,8.62888328580413,10.3481456671385,14.7833432884968,14.7347611928367,14.2394210011273,6.20476097522452,7.89918297084693,15.7674506377933,11.2461259329306,13.5386203507359,10.5822741502082,11.7445644391467,13.7521092173278,13.4456086185978,14.2225536917143,10.7950781725177,11.1074104237839,9.46119160399074,9.2415743967908,14.9522220882076,10.0212448534121,10.1408094774461,9.49145492099698,9.66701116421936,9.35279391967367,11.7530834808044,13.2905042089221,15.5194008575063,15.4726295425614,18.0069859903133,16.2141373836255,16.8681938807793,14.2183557378378,15.7663009878431,15.9872512179846,12.9016542891554,10.7925280095633,11.1573607575358,12.2409276937994,21.4752349100584,19.7389095392256,19.0426229233326,16.3727324500448,17.7451746434838,17.2306807146064,15.9985896391961,17.2841870179616,14.5636342045747,13.4140269765108
131,10.0716491004258,8.41844127633641,7.6177831302585,8.02705751058705,7.32282141447061,6.43973301650313,7.18378354492935,6.52289775430383,7.31387449956595,19.2042188989629,14.4374224476919,13.706448510351,7.99164472713434,8.95108091150318,6.01515940195097,2.48963677070537,1.98634027447728,2.22238803184839,3.70355132900085,5.48654399641718,10.3805540641378,8.19112939045455,9.11806823461428,10.270472534809,5.1630740220016,5.96899829717654,15.4849045973369,16.0002562712626,7.96951026727885,8.51138345946584,9.94275565700589,7.11888414983239,8.21623268744028,9.42444553720575,8.38318523617931,9.66730205251279,6.22181529291771,8.72755124648134,6.59180497042692,5.95437531502961,3.97891966905077,9.37819828265781,10.7460302995353,7.96019879800644,6.22971615060234,8.36748872292231,4.09943099870571,6.02785695216864,11.0934888258091,12.418964462153,13.8739542870155,14.7290006923752,15.3264209512822,13.1711176393695,14.750595989697,14.6273965793139,13.4009320028792,13.0569505838672,14.5804924153431,13.655765310223,14.2199213883997,13.0812049905166,10.933036895487,14.8729805646334,17.0801465706607,11.1151724085955,10.8834030668374,12.2980825719766,14.7884861242946,14.4345936094739,15.2682174656454,8.47293244502361,10.1095686653985,16.0899443968609,10.8222440802906,12.7176479549956,11.4009632969594,12.4087312127269,14.2011332306775,12.5666975672962,15.6042389296244,13.0367352053057,13.1815255377444,11.4844008378811,11.4394895762173,15.2065907129409,11.4562152055932,11.4929409893187,10.8288779543187,11.7629221085135,11.2728449787399,13.958967344615,15.2984150919058,17.3306884909585,16.9625275830041,19.2593032553298,17.8090742712074,18.2326648026826,15.4356526713664,17.2741011097869,17.0635150584192,14.7448458240328,13.125325885592,13.1596448638902,13.2317635427694,21.3204562268837,19.6351629011469,19.6381852343081,16.115286063317,18.7204056055363,18.0301996632626,16.8904130626335,16.6159415541512,13.6248455036336,13.3008142735304,8.48592711720626,7.88132905256024,6.7618728842876,6.92141986680897,6.28664070961902,5.80361231889047,6.53760816341804,6.25880061952806,7.04547457304216,18.4453488003448,14.3250789277595,13.4310720122292,7.77705887442569,8.74969092210495,5.69000993125862,1.58262876340159,0.0,1.01023139734225,3.22311908256766,5.24236069276191,10.2453773443238,7.86287868685574,8.75326703348041,9.97684457196867,4.74183807385301,5.74046082180093,14.7005349373501,15.0436648059327,6.47676067173416,7.03353648373979,8.67220152388674,6.23822740950019,7.0606071512226,8.37179152347395,7.61847720464058,8.44531415919991,5.03204980597798,7.02664182291369,4.91088955708074,4.37368793695216,2.93087233021104,7.7574739004889,9.14686263354747,6.37552813312769,4.99190402923471,7.06894730711745,3.16530630110117,5.59379702235367,9.6200173577452,11.3440581093543,12.3697123460328,13.2055879246526,13.9047040632029,11.7510003253158,13.3904631902132,13.2418577305043,11.6760672914971,11.529743481524,13.1413321638859,12.0108959474078,12.6663801270335,11.4795904219016,9.59080420122803,14.2155473268011,15.8794608124906,9.51682447166715,9.40948566493249,10.9412740844503,13.869296793814,13.7158250614542,13.9041359433536,7.31052884087729,8.7994578312144,15.0212533823561,10.0781840021707,12.3640433862727,9.89395277429524,11.0510658738854,13.0051543995866,12.4679375416225,14.4163045263002,11.5033614060349,11.9381360980109,10.5756429384478,9.90741123774298,14.5030138602404,9.973493304009,9.82072499070153,9.24183018765998,10.0151074916851,9.4560291862658,12.5845943922879,14.2121618274823,16.1622775078347,15.8345748067294,18.1037465005085,16.8671968930469,17.1524366613332,14.6053909186148,16.3091016724172,16.2758328303168,13.3697112722531,11.8134813463422,11.5258008883324,11.8123147438312,20.8963445926275,19.129689842785,18.7251134930592,15.432196085278,17.5626187345766,16.9156591267282,15.6363768307155,16.2755088147901,13.4014945956135,12.4229896257559
132,10.178903905694,8.95466785475928,8.30244004095692,8.73714408559384,8.11600111122557,7.36612542383726,8.00955960373442,7.50117736235774,8.17196587172287,19.1281918071061,14.2427530028374,13.7228571042837,7.8269441545865,8.66256478840749,5.52769303477034,3.26764451681894,2.35804573349024,2.14267365849631,3.17542437545237,6.4780291996941,10.415300373166,8.17713079039046,9.08540147692066,9.83478244995658,5.81126217302613,6.796812348092,16.3200159054802,16.8121391869023,7.92010355643305,8.47725408994478,10.4482678617893,7.45980695978443,8.61092276229311,9.9826234950974,9.00601131029681,10.3430805177487,5.89341417491352,8.96519319284612,6.62128240652874,6.06549186147192,3.52120561363569,9.79271537135539,11.283259475438,8.24304892059224,6.49208577634274,8.76876844494404,4.14355146878189,6.36559945989962,11.7827198488202,12.2285755816879,14.1474692776255,15.2189932232667,15.6085076050265,13.444243043496,15.2223968703257,15.0075449699334,13.7887769079319,13.5332739579275,15.225439460955,14.1701490684594,14.8464971155428,13.6669089389825,11.5475176365838,15.7335698491227,17.4382549118171,11.6355102201842,11.5471628809757,12.9403953850145,14.607559645657,14.1776664576382,15.4460247374214,9.29516692497399,10.8270924277852,16.0104607043015,10.4753911538489,12.3302611574783,11.3671063786996,12.3718065463502,14.1328473894258,12.3267286569211,16.0759856406534,13.7133579753457,13.9359078592763,12.353487162247,12.0329713045523,15.3446870973034,11.7973330022472,11.6580265586338,11.0686593758077,12.2379536952523,11.6560245007545,14.6898344088237,16.1015854911879,18.0203968604797,17.5199060383903,19.6894207004447,18.5202674092262,18.7723379658372,16.0293244594372,17.9554041718391,17.6120487607007,15.3233458756667,13.9304489269286,13.6818146700915,13.3477830097916,21.3378465307123,19.6458353521692,19.8306727006168,15.8968434552118,18.989631465937,18.2097153575766,17.0428005119467,16.342107124037,13.23420068471,13.0697814822786,8.3282565579295,8.38466330196043,7.38983802839662,7.54740364878287,7.03308133499377,6.7179868198259,7.3471151796272,7.24115526668514,7.89788107651692,18.2400644045632,14.1054630116483,13.4073850488022,7.57487840614222,8.41800706805297,5.09189901901576,2.55631666723386,1.01023139734225,0.0,2.45721044577711,6.2444195526802,10.1991336325518,7.77154383229016,8.66841087543221,9.49177910147008,5.37120595710852,6.56412534645003,15.4641101283383,15.7783633815168,6.15846886800886,6.72692142940701,9.01926488743347,6.48801079731826,7.33207992065297,8.78602580356847,8.12003581650042,8.99230996090512,4.38912221499201,7.03796382557071,4.65251240785518,4.22982811899394,1.99534728490467,7.98479066109645,9.51637185897664,6.4592732519382,5.1012237893398,7.31489148763857,3.04270489723412,5.88204198284347,10.1895110096137,10.9742728442029,12.4441392228882,13.5036731817973,13.9931198654925,11.8614083628866,13.697040106993,13.4386604624607,11.8641499977149,11.8353343861012,13.6307889567521,12.341419220111,13.1218589687319,11.9045671653912,10.0646970798256,15.0281462768883,16.0767885961253,9.88514646304278,9.93476522713036,11.4627328271382,13.5374453807937,13.3364684319114,13.8911575770729,8.08217851556681,9.40525467592668,14.7801342080996,9.58159574063403,11.8924287413014,9.63491991676669,10.8214918065074,12.7498375558421,12.1966114853572,14.7297675974607,12.0417919862298,12.5665321968801,11.3831918042229,10.3397887538124,14.5445502060762,10.1407828991365,9.78596376000005,9.29071758444601,10.3113491334958,9.6534193638861,13.1840031454203,14.9191344870695,16.7425530671882,16.2545769899873,18.4037822956953,17.4806744817949,17.5796147201222,15.1418494110982,16.8949436788848,16.7286073549958,13.8157705521881,12.5138607012005,11.9015857462918,11.7397111757686,20.8604336684294,19.0588176292931,18.8018350641235,15.102834620268,17.7106651181682,16.9409360611665,15.6202337859915,15.9320531927208,12.9534884927235,12.0556776622866
133,9.77071157269358,11.2471189808534,10.4578817770447,10.3710798069542,9.79636926522708,9.32731767912219,10.2324015827595,9.5328028357549,10.4861163686812,17.4803295068448,12.2596208907571,12.1262366478098,6.0528529576631,6.64659366308918,3.48697576613721,5.06933082637916,3.83166515234646,3.22381255773269,2.03746361403785,8.37139348833628,9.0291829822486,6.76141039710873,7.53337892437347,7.59103011417087,8.14424657138815,9.13043056212718,17.0420511731469,17.4706232083,7.38055135779749,7.80985444475319,11.8162074095773,9.4553123229823,10.4422741371705,11.7207286988586,10.8467228874842,11.7736839939013,4.98703556599123,9.35242470243442,6.91209183725067,6.9664653136076,3.73719186770529,10.6988484041469,12.3403500936785,9.03947366191374,8.09512925114704,10.1731710097633,5.89125294652806,8.58556861552243,12.5453521172725,10.6387561416914,13.8371480051941,15.4412350486644,15.1833143701876,13.0278313771347,15.2456549547193,14.8491535010252,13.8560552631099,13.6957478164765,15.8347747879214,14.5971977417584,15.5148967315659,14.2224947609261,12.1539536318173,16.4739525905236,16.9106059356871,12.0540485814886,12.6076924807475,13.4366410846547,12.8824566167225,12.2483518708283,14.6410165404385,10.6034183399536,12.0035753241475,14.5069582627963,8.5668212377345,10.1784813462951,10.43376048514,11.2181398428489,12.7647244214128,10.2953185597602,15.9042462728147,14.4389020806583,14.7727647310745,13.4837313999423,13.0354163898062,14.0485050227516,11.5721099725294,11.2015403332698,10.6836903552509,12.7315819299777,11.8180436629057,15.541939745378,16.8796235947623,18.3165856987732,17.4799379809829,19.1572681302478,18.7804272348832,18.4866499856642,15.8313320835951,18.0530186905503,17.3096055094683,15.5539425732579,15.0251857030877,13.9093399019151,12.5018591746101,19.6747312106919,18.0124977536727,18.6607699725858,14.0038814793092,18.0486315195516,17.209990361525,16.0638603400108,14.2625523488232,11.0191185327235,11.260374304962,7.76127944459304,10.8048512071702,9.71905861450973,9.40723095617961,8.93333945513491,8.81692926517465,9.69638569196284,9.332775291938,10.2671251726024,16.5063879782307,12.094763230927,11.7705886410591,5.72419891836931,6.31670275292161,2.71437086680322,4.75987184460985,3.22311908256766,2.45721044577711,0.0,8.22006488923747,8.70879429817917,6.21246190432797,7.03404882818047,7.16982994207451,7.82792151825757,8.95904662898431,16.2237406966817,16.5021416851441,5.47747955031572,5.83174510179321,10.6046649995699,8.71804789926949,9.4269400923488,10.7334658706212,10.1306576410132,10.5978332911461,3.09758894621899,7.5613578530624,5.11193723426422,5.47760930386332,2.33616586782401,9.08898667774143,10.7238349227887,7.5078699353259,7.03702413414352,9.00130678153966,5.15868340141479,8.22585328667998,11.0383140856808,9.19141104945767,12.1274641416321,13.7270422682256,13.5248267910597,11.4527207533494,13.7322502461781,13.2607883069285,11.9634672490303,12.0356883344397,14.2786539925851,12.8303962347449,13.8403935409302,12.5502825800445,10.6977851880163,15.8162055098886,15.5064510057831,10.369746274911,11.1287482757776,12.0385254544091,11.6625704852085,11.2704021877219,12.99130872362,9.56018045349189,10.7272601033052,13.1549768606468,7.45049981759772,9.62687363665684,8.5462983502169,9.53029782106547,11.237762881105,10.1273066694869,14.530976536723,12.8548308985249,13.4480228774244,12.6108008344166,11.4612031447616,13.1777521900825,9.9167409116944,9.29704580596798,8.85012327120162,10.9066259164564,9.86024917480846,14.1173178982041,15.7597003643628,17.0766956604177,16.2102159133434,17.8361058310977,17.7508633181772,17.2704209163155,14.9788161103796,16.9597116440855,16.4101586198396,14.105348106209,13.7220002563793,12.2019129655415,10.8305710633555,19.1649186069498,17.3667752959276,17.5776521389868,13.107335520861,16.7298262139791,15.8845348724507,14.5711939804666,13.7852878436793,10.6689127010984,10.0827468642126
134,11.6916612782024,7.17709035918405,5.80679907275525,6.31510023345888,5.18165198208675,3.06103897380132,4.28833821927495,2.1052927356971,3.8633544257542,21.0605204910115,16.9349579551233,15.3345944619988,10.9478136010204,12.2381541316756,10.2418632866898,4.18424834132484,5.52053967197331,6.45958291184072,8.32511124337667,1.58493283720884,12.2892797412433,10.5874727951011,11.4317443366689,13.960051891804,4.52775623736838,3.38581071628799,12.205572913983,12.8840401173037,10.5336911782664,10.9493802255107,9.18872547455781,7.51186492898976,8.15684373830413,8.27606977563034,7.01755633301169,7.91683826547793,9.98344873509663,9.85123257944811,9.01739301571319,8.12387985288129,8.32518691821777,9.39332291359755,9.81249155693992,8.93695032408236,7.48242656158283,8.46727013403455,6.89890825474765,6.64275556363802,9.26964091425013,15.1198174482577,14.3044297071448,13.856730622049,15.6164274829261,13.6776635332659,14.0112254183424,14.4258096522654,13.2289672654321,12.421151519513,12.7198933469069,12.6948432383245,12.4880977174586,11.7294850346735,9.65275368077523,11.3945109722629,16.8629591481743,10.4119583527605,9.16560000875706,10.688957963636,17.3049255422267,17.2687790378416,16.1139352112827,5.96214328409052,8.11286092759323,18.1064011268965,14.217527875096,16.1253565274897,13.5210404318819,14.4679414498709,16.2744113099437,15.3620568589407,14.8214142298503,11.0801232112064,10.6566464271195,8.15527739059205,10.0992473934983,16.2127129567244,11.7793891601374,12.6912559209357,11.7497526436115,11.2100688711234,11.3444917833925,11.5282488804641,12.2783832692338,15.0507189968195,15.5739281778814,18.5175066701878,15.3532739611611,16.8764712121406,13.863831101905,15.0367713435242,15.6989513626575,13.3504722834124,10.1673787232837,12.2406972502676,14.5260108892938,22.5859229892221,21.0212751534515,20.1621660089278,18.7130544993312,18.8921754392986,18.7142769760986,17.7704594815297,19.3873594741034,16.9800661323909,16.1007827770519,10.751930432485,6.62236077746638,4.98435918834619,5.16824097088323,3.93400781484741,1.94984235655963,3.45128362466969,1.24690057047807,3.4765497880557,20.5140875454523,16.8646160829091,15.136222324325,10.8250107123862,12.1303513311247,10.1486491017285,3.71279581294776,5.24236069276191,6.2444195526802,8.22006488923747,0.0,12.2439364851721,10.4173596308705,11.1882156717566,13.7828373228165,4.25158350797066,3.09138631698046,11.4048692245485,11.8973968655503,9.66319514300787,10.1330148289979,8.09651270641837,6.84034558453179,7.2445493712891,7.42692158135426,6.36484918267106,6.80181444365533,9.42876732972929,8.66929171792483,8.07522119660936,7.26480158484155,7.99064668071116,8.13439156229452,8.46388738422608,7.79076496733885,6.68804711252932,7.41236537314513,6.53665304812226,6.37828648443164,7.92864621830843,14.415395041305,13.1174973933505,12.6513651494915,14.5044606976613,12.4575563140057,12.8616011087321,13.3152966757343,11.8521043075333,11.1509253229983,11.4677032237326,11.3277301915823,11.1854652295356,10.3343565463409,8.52035971830233,10.685077296412,15.9071739218766,9.05077897030138,7.83888531154222,9.41775860037914,16.6865361263066,16.8016740825937,15.1025791842084,4.58815738247403,6.83638405611409,17.3317012074902,13.785070203018,15.9342939759637,12.4799793681065,13.4809883943988,15.4471755703357,15.3270926864142,13.8711783016469,9.68809814752973,9.54286685863334,7.07940465893039,8.77635586980138,15.6921299089956,10.6213921037576,11.3983728550646,10.5753861124472,9.75158833605549,9.89436377831785,10.248748062687,11.1954861693221,13.9505415427135,14.6122014363109,17.5528625526628,14.4932663754184,15.9630294476115,13.0454172053803,14.23482285087,15.0434566836778,12.0639713781659,8.84304666704998,10.7730685255126,13.4420407377988,22.2502586801954,20.6658685438315,19.4263351363494,18.2243111833712,17.9037328625124,17.824042846236,16.7860086608545,19.1831533323214,16.8706787778254,15.495707021293
135,13.1893168230398,18.2416971714612,16.8017465440468,15.7076744183375,14.7924082488548,14.100932412821,15.9093226024907,13.8819679530875,15.9200007543705,14.3260970023677,7.04848255609792,6.76909678853611,5.39974830834588,5.81292632820096,7.90812590646566,11.3434774339631,10.877746401043,10.8621501407298,9.47976857234765,12.6342562653462,7.29449521426511,6.50013943951309,5.62666195728026,6.73136815552341,14.9091606771741,14.9726964514949,16.4128632059494,16.8291597025209,12.0062219232604,11.7951693091168,17.6398110412394,17.0108624056622,17.6528764168563,18.0098868919613,17.034341840918,16.6751380895382,10.926300720615,14.5164485425315,13.252468871874,14.024159673251,11.8154678123159,16.0248250271514,17.117272583925,15.0007471261957,15.5382577259099,16.7155301571073,13.926794284076,16.200463333775,14.910293752,10.8995543139914,15.4818291372874,17.1471389531303,15.9558761758244,14.2094960854339,16.147211871702,15.9362208637589,16.1009625289271,15.4501031105405,17.5918338718103,17.0771052169413,17.7855651752455,16.5659237058143,14.6824296101597,15.3807848065325,15.7603120852334,14.7387782203506,16.3822450550225,14.9385812161335,11.4328533296163,10.2248075292602,14.5086754996683,14.1380386708692,15.7907896942031,13.083719092622,9.26681533892674,8.61803724321099,12.7461013029738,12.2140544997483,12.4835690710796,6.01322706827059,15.5443895329991,16.527825748668,16.4156360204363,15.2210835395118,17.1502404215847,10.0855613719924,13.1856448129495,13.6377720839587,12.7654661741786,16.0666173248135,14.7738809818706,17.4597009338845,17.2561670985324,17.3520557575268,16.5055548466854,16.4776757331216,17.0548545505131,15.7228567959647,12.5833040748258,15.571486473836,14.1643783980567,16.1860437324317,17.2156895788572,15.431613374075,13.2193656543304,13.455847623345,12.708942909944,14.7867815361834,11.3427849725308,14.9178676306404,15.3596671960383,14.9278059099014,10.1707493310636,8.28418194115772,10.1964195575637,7.06111127086463,17.240049808975,15.1212349204164,12.9474565118532,12.4140605950092,12.8454535754449,14.7579848338501,13.3784475568477,15.4635058271894,8.68748206096236,5.57086127082103,3.91382260069334,3.9433547265051,4.16417687245641,6.84755389097644,10.8878065690475,10.2453773443238,10.1991336325518,8.70879429817917,12.2439364851721,0.0,2.62453310070893,2.38763017993504,5.38213019449314,14.4073713519113,14.6273460193518,13.05165728207,13.1614408162226,7.26167591994541,6.55598794624912,14.0082892220021,15.4280825602757,15.3798140200876,15.2205964049445,14.573373152607,13.1302682939386,7.84453588390257,9.85146095650973,9.69825339670336,11.1860695399877,10.4051980515701,11.6773426262613,12.4865540166126,11.1326286023683,13.3184472554202,13.5893421510572,12.8539430587016,15.5349598019252,10.2047105688392,4.4551990959469,8.66415218307439,10.7674088317334,8.81219014247093,7.37059853680457,9.77368722932565,9.16745821015515,9.66877942491281,9.34676494663083,12.0040974639058,11.1344538565251,12.1897212606935,11.0627499355992,9.49178829220761,12.8823947045965,9.00678599753262,9.19993844767681,11.9315527721006,9.86105275604939,5.20821941047163,5.17140598954001,7.06153511324376,11.1803845981773,11.832107010002,6.22855785450239,4.69467064667527,5.41407810459802,6.04322523471687,5.08734119887539,5.35840115915055,4.49658864261654,9.18059734783836,11.4301315695101,11.7626625551348,12.1104876582102,12.3327262629658,4.49022868596291,6.91303201760931,7.00433574238205,6.2744806002083,10.4727604404095,8.73195304180951,12.6281924921301,13.0947267493205,12.4148943928368,10.6954270485945,10.4976200902954,12.6464476339959,10.4768462611218,8.93063152502749,11.269694466605,9.62983037601438,10.4141044762627,13.1279518724714,9.48462188260166,6.05598621806585,10.7956774967121,8.89537060084286,9.09393776899456,6.20584874769751,8.65131957677871,8.46037125990467,7.67551695293742,7.25174048081494,6.12372438856033,4.27631964861771
136,11.0723846486523,15.9380225460232,14.5271164951274,13.476118689942,12.6270163383468,12.0572518552024,13.7797720922066,11.9776095087876,13.8959510169116,14.2095911173308,7.5518933542568,7.17800591540867,3.38956684966191,4.11939749936226,5.41710281512897,8.95040673960695,8.36447480025013,8.29304688927746,6.86272067507461,10.68146994356,6.09689676846641,4.61756496001951,4.16802461076384,5.42919947608625,12.6136796810982,12.852026535152,15.6203483773287,16.0301450082261,9.63920143841147,9.52037150371236,15.2957196492449,14.5403058486572,15.1815751305264,15.6509951026933,14.7054848911469,14.5024021312146,8.38746556974896,12.152005054413,10.7136616033856,11.4529409293687,9.19693512111277,13.6946272531955,14.9186206957183,12.5513598747765,13.0021275458157,14.2588326027189,11.3863130898958,13.7982398314743,13.1750453196713,9.49059319106902,13.8459905948274,15.5687271654636,14.5626883905838,12.6457132329668,14.7449607201103,14.4649992817704,14.3484109606645,13.8098006806647,16.0543762135654,15.3183455246443,16.1229682253809,14.8445829714036,12.8751410510746,14.7463545339903,14.9299315243258,12.8715739416762,14.3847075674568,13.3918013903009,10.6149503910675,9.58397899641475,13.3234339352649,12.203104553966,13.7998983048125,12.2996621807449,7.66891751384775,7.77729373910027,10.8591519775379,10.6309658415087,11.2952946021653,5.96932290085163,14.4799567701439,14.8965590686585,14.9257426267332,13.7503319876562,15.0814159959884,10.0407103317529,11.4746520257301,11.7449616438577,10.9157029896992,14.0904891994944,12.8232392318024,15.9158283697658,16.1544417352295,16.5908601591941,15.6768259158232,16.1860843444004,16.5466662782441,15.4691400295141,12.4487413082495,15.2777446632799,14.0139396719985,14.8834745178294,15.6416807013836,13.8582775824327,11.7408892479854,14.5601835416994,13.3829475247651,14.8850665036213,10.9891827304973,14.7351584251286,14.7473237965809,14.0697045399755,10.3957521256145,7.90833346502146,9.18630037298171,6.73279846909231,15.2287144403404,13.3239722283698,11.5831784382041,10.9694678294547,11.1629500785523,12.9351493591517,11.6175312086363,13.562265605383,11.0845549700125,6.77435087612089,5.71470238563094,1.7467982555068,2.62244994597907,4.44850143643387,8.6442644870158,7.86287868685574,7.77154383229016,6.21246190432797,10.4173596308705,2.62453310070893,0.0,1.13494066950032,4.37036226464608,12.2415334898155,12.6036575079487,13.518433983861,13.7299624327054,6.07444768326024,5.57098212729702,12.8637647730429,13.418010476806,13.5840742716083,13.7862459490648,13.0906485775312,12.1012493489381,5.91910151538528,8.84394031446072,8.06405637407626,9.36796686269668,8.08009722563841,10.6761953100575,11.7333370224146,9.82957915459444,11.4086319432086,12.1220599843558,10.5751045997056,13.3172742759937,9.96172686852926,5.34744649779148,9.534746258273,11.4846658815022,10.159033362108,8.34566189887708,10.7733161053959,10.2469834013676,10.1335983111624,9.85644176522639,12.4350053250903,11.4224039865028,12.4518730166573,11.2164371686958,9.37221714434032,13.1698674144472,10.9516498365213,9.10947575432288,11.351572419816,10.072296297393,6.94748994813472,6.58697877915222,8.81807690838807,10.127237688131,11.1028603778533,8.31908998452496,4.40554501255092,5.77171328309605,6.29255359643864,6.0413282619912,6.98752365829915,5.12599138464031,10.6363788034479,11.5090339642238,11.8726990078309,11.6996282800725,11.8120712983771,7.08278829995994,7.35057719411097,7.26999981290038,6.48951674792075,10.301134560418,8.67305347220351,12.7574881160556,13.5047317900658,13.5407594894765,12.1862065769183,12.6656185847005,13.8620423915144,12.3332762819153,10.2592953151918,12.6050597671674,11.3927952712984,11.2532576708094,12.9248295827286,9.96749705838776,7.26798410684846,13.0905439936454,11.327467347692,11.6978090132803,8.07536265901463,11.1229829111486,10.8004709396328,9.82762910544007,8.78435001498518,6.62511155742598,5.54169777649576
137,10.8868213693723,16.704611655054,15.190354354838,13.9144590386467,13.0970764194612,12.6701833632154,14.4731458943016,12.6495654655372,14.6507374487023,13.1627300935306,6.45987910510736,6.06523091249687,3.02746251414742,3.61703648075961,5.70530467021435,9.66069108197243,9.07178084163228,8.99194284324811,7.45398836088767,11.346335520846,5.33894722202423,4.20589285391286,3.47289413016784,4.90692584677596,13.4039144359533,13.6322470906068,15.4741482299074,15.8358832375105,9.64507620153218,9.43126612227766,15.6323938128112,15.2359689838672,15.7769955147794,16.1324050618759,15.2319222880506,14.8208822310068,8.61773122468825,12.2723222776431,11.0040680593863,11.8980107889851,9.7935353050832,13.902646174729,15.0960754030758,12.8244342386015,13.5909336173461,14.6850832482346,12.1131931916233,14.6056602962938,13.1741437528569,8.81643362292804,13.4232299335666,15.2672488555748,14.0248760139029,12.1880224217438,14.3483423881163,14.028239233063,14.0643644519011,13.536158677579,15.8829790591903,15.137296399931,15.9955805050935,14.7116540834327,12.8328792808971,14.6525473298637,14.2318666879291,12.7726289526036,14.5193412505632,13.2403963132826,9.72658175773303,8.66482292272208,12.6428289274512,12.5048539703841,13.9958252204672,11.4041054744961,7.12741063718741,6.99920709035367,10.4611751184129,10.0544784194387,10.5367462281331,4.94445032278937,13.9533980136969,14.8141743415487,14.8744671131627,13.881720547069,15.1954671408502,9.03402790308178,11.1460610012284,11.4201369137198,10.6054740867835,14.0195654579745,12.666311582979,15.8520827489958,16.0199668845556,16.1955324449273,15.1516033209679,15.407973121983,16.129960391739,14.8025072082628,11.8987893358571,14.8077168965172,13.3652580150915,14.5451823943111,15.6991619938859,13.5915049069667,11.1608150168767,13.4349238751288,12.2571295401365,13.8774714408638,9.9970360198878,13.8191236669399,13.8783417389772,13.2607602435228,9.35326688124769,7.0500544175635,8.36251513293888,7.73828508796542,16.194640146798,14.3184416930991,12.6097964342852,11.9493741715437,12.0447879129767,13.8477323486636,12.3945185523898,14.4060588879802,10.7002417087457,5.78306193971529,4.75890909530338,1.68452178116336,2.34247894539707,5.06625667901065,9.5289884008993,8.75326703348041,8.66841087543221,7.03404882818047,11.1882156717566,2.38763017993504,1.13494066950032,0.0,4.07859497640636,13.1468565951959,13.4606477667974,13.9057554484953,14.1371012498038,7.17094358985477,6.63613027753598,13.9596358131716,14.4502187605249,14.6584645858228,14.8687380440939,14.1520550157337,13.1348579288551,6.93787202839101,9.96352613263846,9.18880238374266,10.4737072147975,9.02504903580259,11.7808352411367,12.790851966251,10.9589495390174,12.4842383623934,13.2337406271956,11.5453246647292,14.2688594126157,10.8134748330062,5.63421349003232,10.2760598104492,12.2357012712049,10.7341004025644,9.03361945127956,11.4115817771263,10.89779376457,10.9813881129712,10.6479469570827,13.1866704025423,12.2868395588336,13.2769808954756,12.0728117803658,10.2415579114196,13.4872233523309,11.206609253896,10.022805536005,12.3278768279625,10.8240640210142,6.8014303983087,6.22691821336756,9.20716000625464,11.0278883849696,12.0639995074778,8.27765644989091,4.62478688878234,5.36625376350694,7.1058452229532,6.61796300950383,7.23408570620876,4.20460875163214,11.0681663450861,12.322684185227,12.6078456695417,12.4017297333546,12.8184860565579,6.61384034974028,8.17215094085938,8.16214423891418,7.38009173031462,11.274182261496,9.63117221363394,13.5296165930521,14.0561685235885,13.899174667694,12.5218042058557,12.6586845708378,14.0862906135637,12.355004788567,10.2322061213881,12.6928672510142,11.3558657948725,11.8648909440844,13.7147622098549,10.7326437763751,7.86010570062806,12.2379558765899,10.5965512550083,11.3477822922012,7.63649761239793,10.9589909013581,10.8406363348134,10.0001310342969,8.04441223525946,6.00611718144545,5.41118117308416
138,11.3138986768793,18.0821342054892,16.8399743878692,15.7097800813464,15.112476521693,14.9725140831176,16.4827366310806,15.1636870350125,16.8024235701803,12.8007252219356,6.06350525225716,7.37921067696204,3.92623742965962,3.01490809482679,5.03704715165159,11.223327106826,10.1725227589746,9.69879595605598,7.49236445798836,13.8441181771608,6.56819355009945,5.53415304619066,4.99892580133377,2.32053476316895,14.9015175224806,15.5906574514291,18.7453773601165,19.0106023360035,9.72496030560383,9.5389325160192,16.894901239741,16.142988516121,16.7532596593143,17.4980645096317,16.747693823215,16.6095156292374,8.21698572974307,12.9802752442386,11.3132401907135,12.3820768271697,9.72260236577256,15.0001651286596,16.5393311559382,13.6039307179642,14.3296599987444,15.6729584571608,12.6657731191127,15.5846887235491,15.4502769228359,7.9958767839799,14.3562832244945,16.905948019901,15.0291361129743,13.2474859591908,16.068407641436,15.3933351237513,15.3341405414749,15.2051161629497,18.0312508928527,16.7707125414304,18.0023113594093,16.6151649271729,14.8724748709776,18.157412203555,15.7639612375618,14.5032816909534,16.4480609417991,15.5253026080781,8.85041218747212,7.36485162813295,13.3681636935598,14.8993507686974,16.0727976620039,11.0038054046671,5.5490989873683,4.78092839527456,10.3496888837188,9.94708161621281,10.2285601192905,4.24337608508536,15.8739419545552,17.0462213937682,17.4308117548709,16.7891452746462,16.8691132439604,10.3670384406394,12.5154723711004,12.0345895454802,11.6040541494264,15.4689811461511,13.929796829227,18.2585614466087,18.9494836244028,18.9560943240168,17.4423485356579,17.4113522059557,19.1243221809291,17.3518255005919,15.0234814821914,17.9079064362166,16.1349714670415,16.6902882927068,18.2924803876735,15.4500138453049,11.6715089407421,14.0183041741813,12.7160209286783,15.0087503924993,8.90366654827164,15.2365613410058,14.6879924837747,13.9089444073451,8.02025997439981,4.7582593492538,7.27186372308491,9.17592955547215,17.7593974869225,16.2569767977406,14.9656954663454,14.462103415725,14.5933297374243,16.0580699205836,15.0178325382682,16.6365989438561,11.1151968574363,5.58411293676154,6.67093101357022,3.30071727731661,1.90881994051213,4.45792718976464,11.217617551994,9.97684457196867,9.49177910147008,7.16982994207451,13.7828373228165,5.38213019449314,4.37036226464608,4.07859497640636,0.0,14.7122027801403,15.4800053107607,17.8540464102861,18.0415849055409,8.12337122465721,7.63205063367814,15.9177674254007,15.642365907132,16.0347667797459,16.7374199912834,16.1536870653695,15.5974890680995,7.04364821209802,11.5539295661202,10.1652314381606,11.4833991050946,9.17388663604764,13.6902657070256,15.0777054615442,12.4998720286085,13.6319269558449,14.8341247636466,12.2667334243773,15.3499914868586,14.0106691934241,5.60396014366818,12.4593179998195,14.9988933468682,13.001900258417,11.4811672604074,14.3459444210265,13.5143277487303,13.4093685123681,13.4842581599737,16.3570951355719,14.9937623884568,16.2690073882808,15.0032953504115,13.3181143883917,17.5053158108461,13.9425116982871,12.8565064639272,15.0935294537717,14.1484556483028,6.61370649358163,5.29395205067763,11.1796775782726,14.0444220084115,14.9236796555896,8.83004582775165,3.14070227386593,2.93065556711128,8.11990639078255,7.72273239788284,7.94876081419958,3.62574677967638,14.1736738317131,15.5080890797102,16.036383383446,15.9705308047347,15.3779104143009,8.96747665431441,10.8089450559694,10.0566756409708,9.66892108675365,13.7701951422345,12.0462325059632,16.8368233943792,17.7947367029633,17.601312144382,15.9032527425131,15.7084398925812,17.9164293750619,15.8511277634096,14.1406526834109,16.5620782083977,14.9931418215479,15.1616496923174,17.0788875709302,13.7651639288676,9.67801021764864,13.2093588718835,11.5954347071937,13.4240318427264,7.11528725550087,13.4800548398431,12.8263215794408,11.8673153491172,6.93507787621228,3.59098265446798,4.90927020395201
139,12.6853261207273,4.50876179671281,4.63413537863452,6.95075742138695,6.36212509912078,4.8578157010471,4.07461635331078,4.66470363309828,3.70812876954631,23.1613677372245,18.9324390992125,17.856565962654,12.4981515557464,13.5510221675434,10.5911363263119,4.38347936130832,5.20394731257135,5.78223892703241,8.03708000503967,4.65560375756439,14.4101892046533,12.4020077287097,13.405115115615,14.9469914373787,2.03396188491189,2.53358634701142,15.8895010766229,16.4886255863584,10.9970007427619,11.6474657993816,9.07398443576492,4.80226673097476,6.21355820021961,7.57470185298132,6.45312321920141,8.80657980268889,9.85615013072592,10.2293054957674,8.70015713549089,7.19844667700858,7.10035893630618,9.74417237785056,10.5847040627561,8.82615972430987,5.65289982452998,7.6780385425828,4.51305633605005,3.10722383926216,11.7246799806536,16.3944396920458,16.0494033006823,15.9643195436421,17.6176699006254,15.6055762699136,16.3819899786469,16.5467187900011,14.9846060680443,14.5623822354811,15.1233418577061,14.5719026739928,14.6421728400855,13.838436822555,11.8779998210669,15.3176022020844,19.5354391059639,12.360320199265,10.7981156183045,13.331317501276,18.8831532890923,18.7731421785997,18.1638830805483,8.33753161305186,9.9004801302013,19.8890936459542,15.1542671981197,17.2794966577154,14.5985634670205,15.8708907678421,17.869631072821,17.1264459918207,17.566617226652,13.4944706148684,13.4347277721311,11.3253921185955,11.3559720102504,18.9239437685879,13.7753539105774,14.0659547026929,13.4200002911222,12.7165828063979,12.9061447790187,14.072467781056,15.5463070993268,18.4170188744744,18.6526291258859,21.692624563033,18.9708360324772,20.340034182523,17.6000164490417,18.7920281274274,19.2813203223207,16.0469377989116,12.7939446148096,14.5619415956155,16.2748570043965,25.3709988396211,23.6551684293114,23.0194907562131,20.3985364262806,21.7916365838349,21.1428311165762,19.9874980745832,21.1286296780879,18.2594505985388,17.5207736428346,11.5206448534943,3.35652277903308,3.17673436950459,5.55947086895822,5.06811140906881,3.98295809983675,2.92991020861372,4.26980882153055,3.17575340355598,22.5230765005013,18.852603310099,17.6392831023305,12.3584897061879,13.4236991740553,10.4139587776385,3.62871180391584,4.74183807385301,5.37120595710852,7.82792151825757,4.25158350797066,14.4073713519113,12.2415334898155,13.1468565951959,14.7122027801403,0.0,1.90602729103111,15.11503250943,15.4928411493613,9.91869784266908,10.6269205967686,7.54911186671143,3.29129244660386,4.49518639715468,6.12456943948299,5.37297987937958,7.43896922530369,9.11862868559863,8.73643068003961,7.4147802611522,5.87199085304067,6.57311168150101,8.13176491428873,8.98736853979302,7.28922041500766,4.20347275679698,6.06696042995956,3.71163208472,2.16692796247096,10.3599404422127,15.5555829372418,14.6866948721467,14.5895317163768,16.3644882738412,14.3173642471199,15.1335461827378,15.3188124797103,13.3937682465024,13.1564771907705,13.774356288885,13.007084861409,13.1705096716624,12.2759518010534,10.7514366350633,14.6357929757187,18.4703200009187,10.9311794203202,9.3273421278954,12.0316321396611,18.1489494684074,18.2063634543927,17.0106645574703,7.12343042008119,8.56148257961679,18.9965510202555,14.618110307405,17.0336483183199,13.3984663061113,14.758660499127,16.8851186548845,17.0645687740327,16.5196958564618,11.998711360366,12.2761602921181,10.3647282180151,9.85131905830434,18.3405019484229,12.4845599788474,12.6352732133968,12.1238753749004,11.0608365440857,11.3064475763736,12.7006534314761,14.4486649371514,17.2705224434821,17.617086208822,20.6500623066635,18.0833068953039,19.3630558766252,16.7806814704424,17.9590626806864,18.5717766332386,14.7108302933931,11.4103838690835,13.005221185421,15.0368290849776,24.9963324727627,23.2332814199005,22.212074655228,19.8417579311854,20.7412080768786,20.1526514816885,18.88596812012,20.8616258452486,18.1008813730126,16.8353128672597
140,12.8920209724514,4.56538376429917,4.16546456469026,6.34430681269794,5.5940101303344,3.67557053622837,2.95358024464994,3.14226272325921,2.15667991890326,23.276848349438,19.2465136007404,17.8902780607786,12.9456037777722,14.1123598935691,11.4711518954848,4.8492813850349,6.0356687961733,6.81184066790112,9.0704523771648,3.53183887716169,14.5437479085625,12.6834812158375,13.6563822116499,15.6614900461168,2.52920761927825,1.41549384259345,14.5154949284562,15.1558216908593,11.5094854393133,12.091890069926,8.82902029233396,5.53108694084141,6.55012318724098,7.29461783577516,6.08982905078424,8.13785483439245,10.7282762836962,10.4240233659239,9.33711388697505,7.92550339172084,8.3304632946286,9.65587794141861,10.1600212811819,9.07904248922849,6.39997343525176,7.8191298598259,5.86387758841328,4.30644088635696,10.8832991437916,16.821101998827,15.843274594526,15.3696815425243,17.3378732450067,15.4007483740678,15.796187709196,16.1292200677088,14.6241814322986,14.0409929359231,14.231412657018,13.9859692881358,13.8113940940361,13.1282952185241,11.2036597516464,13.8945511701418,19.04403233749,11.8614314007647,10.0552950975382,12.5157093604791,19.2297434138869,19.2132288533675,18.0225381831998,7.37014062918468,9.07581061904722,20.0810637607122,15.7949887034336,17.9099327306046,14.9095956306789,16.1210148656962,18.0984325905452,17.5371856941608,16.9280823774683,12.5914271684046,12.3449569323243,10.0184957638783,10.7516911782061,18.7645443270417,13.52799061783,14.1111940582757,13.3622019800683,12.2985117983197,12.6483574465789,13.0149536792765,14.2628342402816,17.3130626618577,17.8143356482792,21.007078621018,17.8008704479893,19.4755435496021,16.6933492226535,17.6821670907767,18.4187088638731,15.256583740763,11.5879930457057,13.9472698214475,16.289350461941,25.2730931449738,23.5991647118974,22.7022437919356,20.758553765885,21.3776499991468,20.9103638664887,19.8317925104148,21.5380670393616,18.8701008322685,17.9574692207182,12.1006609332894,3.70464152327575,3.07050152564545,5.27483011060017,4.53094662396475,2.85233913833503,1.71480335861072,2.67262446175078,1.39576698178345,22.8183172681693,19.1970760299373,17.727201725429,12.8450306788386,14.0279183527846,11.3739493739671,4.29470568847228,5.74046082180093,6.56412534645003,8.95904662898431,3.09138631698046,14.6273460193518,12.6036575079487,13.4606477667974,15.4800053107607,1.90602729103111,0.0,13.8866225721284,14.3178755484105,10.7513961597011,11.3952537009107,7.74106052366793,4.63555893712427,5.41432787916772,6.32205714152775,5.42315053573151,7.13839102103681,10.2348033279082,9.35238697748142,8.45645326807914,7.07172450704541,8.01509991581131,8.48993983201925,8.97276690155516,7.99011606065703,5.52702563028477,6.69965518420036,5.45561316533633,3.89136031605633,9.80748767008714,16.200360450315,14.8113642632996,14.3511896613211,16.399257168253,14.3794430542386,14.8443196339199,15.2141008016053,13.4009453529234,12.9587600081178,13.1982987697694,12.7871154648927,12.6952982154017,11.9050202286486,10.3772538747482,13.3133346812562,18.242722343782,10.7511330692062,8.93135249378511,11.4748197856301,18.6884202692857,18.7977985830639,17.1598744041587,6.35188417590895,8.03717438903967,19.4084050939175,15.4177485241204,17.757604053447,14.0076168875722,15.265878610988,17.3658002849931,17.5125146020328,16.1555259885521,11.4024349161043,11.4637103266804,9.20613303795668,9.62535883965072,18.3222670016674,12.5390597341303,12.9940570230837,12.372746100291,11.0171354768498,11.4046647832149,11.9304525856772,13.3662951578328,16.3768099977344,17.0243104407906,20.1833868569576,17.0975717551263,18.6977824526898,15.9843129512829,17.0302190368073,17.877013745814,14.1755561072022,10.4510651595493,12.6839640168895,15.3334165412779,24.9766398105221,23.2945531237694,22.0717795964258,20.3432774833304,20.5197587970161,20.1551715540846,18.985420876707,21.3604595560009,18.7782582223073,17.435714574549
141,19.4749028138287,18.1444690354968,16.7821225544323,16.4143008136483,15.2221274796431,13.5561103948328,15.0564670134715,12.4783650661774,14.336583793304,23.5061218939107,18.6238382352579,16.5177483848227,15.7385595291492,16.9701801111618,17.3516905812663,14.6239322763558,15.5121011214958,16.2722594814213,16.9423901893617,12.2592176652363,16.3016688467333,15.6115218570684,15.4868623380113,18.6667389784182,15.8937669033533,14.5138521304928,13.2164549278109,14.0394199388175,18.9987020419659,18.9864422064136,19.2849280320696,18.9028030871167,19.3800674722721,18.8529724490862,17.710066233405,17.2877037033071,18.7198564742605,19.1571827618028,18.8548633783899,18.67228021352,18.194039976042,19.0140377346546,18.8878325685925,18.9773312672097,18.69121057756,19.1846032522461,17.9052983546293,17.9457835379093,15.7761970152788,20.6020549784528,20.4576780159418,19.6136194547316,20.8907544876883,19.4604942817286,19.0106818915279,19.8371168887555,19.8021425948713,18.4185394426448,18.1175567775743,19.275108139661,18.5401168375968,18.1051778292604,16.4625559193893,11.357748832937,19.9729167226373,17.449783566073,17.2158048158402,16.1600904371881,21.5301307042151,21.1810540124543,20.7993103282898,14.2240419058548,16.2854409428589,22.1566173454989,19.9450846630803,20.454122915297,20.447270912678,20.4118879971437,21.2570039036566,17.9873197297226,18.4517961351308,16.980622118966,15.7673173367482,13.2956643418841,18.4477265192476,17.7653160132163,17.9599093870768,19.6862780357561,18.4321849737174,18.8450952469412,18.7130521036806,16.9025179310311,15.1005634383752,16.613537150953,17.9996382529943,19.4720488767845,15.631600164323,17.1301809802877,13.3852181616525,14.5609532138991,15.5383937646293,17.7354444217457,15.7357121058599,17.9061244322589,20.1128006771856,21.6612649419821,21.2629609797745,21.0235008815827,22.0331169174296,20.2431058391253,21.6864521899776,21.5396700966073,21.6860614646226,20.5301444231687,20.6888777693351,12.9415877227041,16.3002058152681,13.8130896655477,11.1839211965937,10.6914533864598,11.172161735835,12.9846326742865,11.4506636262561,13.481808893834,17.8970486827662,17.7076718485438,14.7899919668317,14.958114039845,16.1034112518135,16.580875637506,13.7575582552658,14.7005349373501,15.4641101283383,16.2237406966817,11.4048692245485,13.05165728207,13.518433983861,13.9057554484953,17.8540464102861,15.11503250943,13.8866225721284,0.0,0.862982407953224,14.029939153285,13.9165545848466,12.6611898230169,16.2783619138181,15.5311039573412,13.6547021282475,12.9899946938521,10.5200616792941,15.6993566458768,12.7249782737647,14.396968727161,14.7933470616486,16.6183272431667,12.0774218637652,10.8511411992972,13.177765941622,15.2953867897437,13.8337663813305,16.4690414270243,16.9050665303676,6.84077597468498,15.7740830250701,11.018407803989,8.71773914675945,11.0365773979357,10.3387386595515,8.16149760897413,9.57194017976749,9.98833187040936,8.42613399387958,6.56589678701183,8.82548638917898,7.51966741908911,7.7844082454579,7.48666301126935,1.83043382164024,10.1248421863835,8.51476092626641,8.79499680079361,6.09560012500772,16.7668054657193,17.6649623165457,12.2629745915749,8.38719836915202,8.52384559824992,15.9776361086493,16.8871012047205,18.4258588291012,13.9149770425467,13.9418586939846,15.0302317253408,17.2016824482337,7.95331814024493,6.48822245314539,5.04041478447047,4.9530748125052,9.66547282423815,13.1021984652654,9.80481342047098,11.8524359448515,11.0072806453199,9.67501643244982,10.0805678041678,5.76216988640634,2.48841443400485,4.10558247422424,6.67864308213027,9.92656145665755,4.0112141862029,7.5876777660396,6.04384782830868,4.82403431429572,7.18303041107652,6.19164510278228,5.66830343853763,7.55496374941833,12.3875652520061,18.8505507450113,17.5398808972501,14.1745675263009,17.9992305993311,12.1624044505155,13.2035079744579,13.0667199935194,19.5143338548959,19.1580944562033,16.6230651933592
142,20.0956533411553,18.6353366764559,17.346088683076,17.075749420481,15.8753664862386,14.1583002148239,15.6156983286496,13.0554733707792,14.8587482086666,23.973172612529,18.8877652668952,16.871272669865,16.0883109802159,17.2939639013522,17.6951685683236,15.0918585952857,15.9432550411655,16.6800639711768,17.3095062414107,12.8229222727633,16.7658871692907,16.0429596255636,15.8817826151471,18.9496408404163,16.3594734775753,15.0073303302467,14.0678419441974,14.8872354043904,19.5479119758005,19.542185709544,19.9630170388014,19.4029491317253,19.9407703593531,19.4930238217751,18.3335069743408,17.9981450831862,19.1753875567717,19.7926366698412,19.4018340945044,19.2072083322765,18.5995559013746,19.6897275419135,19.6121499137942,19.5971504504739,19.2165409213687,19.8033758378541,18.3350774811308,18.3773552935155,16.5528248144129,21.0862420601568,21.166075221752,20.3965039436779,21.6040474396787,20.1501923158246,19.7788450662741,20.5791509052663,20.5453224248166,19.1759158627512,18.9363594308621,20.055543878428,19.3515019351039,18.8936483551491,17.2209398827857,12.2080692335828,20.68025596249,18.1913989644393,17.9737476924749,16.9464459684566,21.988552854898,21.5751097882784,21.453712290634,14.9445557883289,17.0339994242254,22.6750207129739,20.3490123847786,20.7783784793912,21.0295488561758,20.9781036125897,21.7991908543137,18.2602955008727,19.2051236440791,17.787408857281,16.5914592306259,14.1095075315158,19.2013897281893,18.2570853046332,18.6484740875998,20.3363438206109,19.085812694979,19.5895831480238,19.426103263066,17.7307666738151,15.9526046246779,17.4307079315093,18.7766841266209,20.1611412372829,16.4348176792505,17.8462471301682,14.0810365926911,15.3281102227803,16.2345748239935,18.5304326847298,16.5619559987403,18.6751542282779,20.7400154946393,21.9752476026615,21.645113388461,21.5704328240524,22.4336847589481,20.852619725314,22.3117132946056,22.17067407556,21.98369607317,20.8067203042592,21.1209546060711,12.812459230763,16.6081585458215,14.0787444424951,11.329233673062,10.9252343803131,11.5611271540041,13.3527528824787,11.947573851196,13.9256592635103,17.6742667095342,17.8634472916048,14.9529481690794,15.2241681147166,16.3297025317351,16.82646571927,14.1342430135062,15.0436648059327,15.7783633815168,16.5021416851441,11.8973968655503,13.1614408162226,13.7299624327054,14.1371012498038,18.0415849055409,15.4928411493613,14.3178755484105,0.862982407953224,0.0,14.0301007817028,13.9018243537593,12.6145267268154,16.5003480347192,15.6778221162338,13.7157138712964,13.1035737792504,10.5296194970613,15.8192551059122,12.655688943934,14.4603096424365,14.9072748231378,16.8496151748124,11.9990306761252,10.7128248746844,13.1709486824723,15.4583373911566,13.8732308946888,16.741573304007,17.2212399955539,6.75543840806129,15.6978088511224,10.6112451832512,8.18534947745498,10.5641680021056,10.0054110099355,7.6423550316954,9.09163363036538,9.58800536290162,8.04628659018231,6.03932485440816,8.39062743342815,7.04791572226971,7.41486802048009,7.33865963893778,2.68505894907766,9.6371822522114,8.32131142493282,8.68518702589225,5.85835510774343,16.6592085339677,17.6398184112632,11.9003118633909,8.61854202990058,8.51750942919649,15.7606703372331,16.9344355292165,18.5033250774713,13.7596416931069,13.7760777431471,14.8339098075301,17.3746657422809,7.44601330259405,6.17373973324538,4.77190588207876,5.22089690803446,9.47604537176306,13.0664516981231,9.59489087154818,11.6386040683183,10.8526149671947,9.40961573649778,9.85714838322048,5.38289410796963,1.99698002603274,3.3844704481674,6.07816821846129,9.48579609172278,3.52263099329096,7.22927261103661,6.14054823606957,4.65586530211496,6.99089940230403,5.65640377421072,5.54171989068506,7.18708204450822,12.1236977460277,18.8318832924341,17.4670816174218,13.9119176743208,17.9226784904275,11.8431433604698,12.8055361625975,12.6844257805046,19.5399672981238,19.2611448317743,16.5911300048757
143,14.578001663809,14.2860354094652,13.7837719042315,14.2260573308229,13.3397425736546,12.0546736953356,12.99052438064,11.6352344503204,12.6911669333217,20.0350706419174,13.194144545523,13.2352023539301,8.42590913107897,9.00515446348748,7.73554104620055,8.73802859458939,8.16969008462941,8.02167170237044,7.43127571882991,10.596922096024,11.6726361173378,9.64229108529661,9.75365048227885,9.80164568581066,11.1538352832115,11.5507612597064,19.0462734493711,19.6297710786478,12.4534090007469,12.7288175916439,16.3103846378514,13.3630341556503,14.6317220119353,15.860407545186,14.7681036423012,15.7919737404197,10.2824698531972,14.366446058228,12.1731320778387,12.0489668642022,9.05644016360086,15.4536679112533,16.8064428672901,14.01595743372,12.633032652049,14.8019127603647,10.2263016456013,11.9028757094091,16.1364052296617,14.3702009248338,18.1634699446972,19.4985862721231,19.2622876425657,17.1529037511428,19.0666505967565,18.8847224280402,18.2035206616892,17.719254855731,19.5243574195839,18.7898295947698,19.3926850420746,18.1888398777629,15.9989312542228,17.9845382955031,20.202958049842,16.1759949361652,16.6061881716041,16.943879283538,15.9902313903716,14.9152444697057,18.4528874436983,13.9048865124104,15.8060774520877,17.7969010451174,12.1031826560273,12.5978812480582,15.0057400239438,15.3555267113623,16.4740202396558,11.5068040200965,19.2744656812963,18.0744631898659,18.0044604799813,16.142019343422,17.3027173164778,16.0489512992603,15.6592595491445,15.7533588258382,15.0037995405551,17.1486608221576,16.2748134807764,18.9767673799974,19.5212483320544,20.9201820068445,20.4615361971249,21.7005137513916,20.9403953270573,20.6871020334219,17.3830241342801,19.8760630400624,19.2019880502175,19.0419246946392,18.2089348457258,17.7675533957957,16.5673593900184,20.4706819855077,19.4007537574361,20.8843955988535,16.506486250312,20.5722646440916,20.4010403460912,19.54215422884,15.8240841254964,12.803713380041,14.3801067092108,2.40992542964026,12.0545130343222,10.1087140449074,8.168898363226,8.21903978975922,9.37107797600257,10.5913474082563,10.6013741389115,11.7306066492094,13.5079009950996,11.9625096637578,11.1249730528339,6.92969387046804,7.32594887501597,5.63615313877735,7.24667692112323,6.47676067173416,6.15846886800886,5.47747955031572,9.66319514300787,7.26167591994541,6.07444768326024,7.17094358985477,8.12337122465721,9.91869784266908,10.7513961597011,14.029939153285,14.0301007817028,0.0,0.852568571564806,8.20115579743861,9.58064949006793,9.28508229723987,9.41445840309182,9.0862662452635,8.35400203629427,2.69632583539809,3.53961118737196,2.94064088042074,4.74368220105409,5.41188925267805,5.83351648142393,7.40165023746236,4.71868577373395,7.17606165373332,7.36994276610338,7.50816078627347,10.2792257214735,7.95836582542311,6.21574407118154,7.01597728400772,9.05421626159048,8.56664267173962,6.668590436367,9.22594406550951,8.45644200930389,7.04922288722577,7.56805161179711,10.3245531528932,8.34254159129282,9.78108880898643,8.48899032362701,7.17627820042693,14.234102301865,11.2210644497724,6.38715435211817,8.03827655598526,8.57479045291054,8.98370470749695,9.50496443630709,8.3978182603382,8.18841204533316,8.14577122910182,9.66776358140835,6.1835369846403,9.11196873748948,3.70037721744163,5.25336541511962,7.40563260543616,10.2449753382646,10.3290262528193,9.30323802510905,10.3230016881157,10.8133314312593,7.9699084219105,10.9106656709275,5.40446531837824,4.15915851746595,4.15041050333635,6.59238401941416,5.23061001158605,10.7416425642963,12.9613898860635,13.7531463563417,12.3477894591452,14.1825697420207,14.8165264667071,14.0668248779156,12.8655206896114,14.3676652967105,13.6192507021359,10.1236706951575,11.0166860980951,8.01897076968713,6.12173008224794,17.6199183073212,15.3924721368406,14.4109288014462,11.0051038906637,13.2478788550104,11.7672225543646,10.2547626160146,12.7773436377605,10.5087424180046,7.97429112265165
144,14.6591388393136,14.9810751612132,14.3844210410581,14.6693535701724,13.7686654318845,12.5250143321688,13.568126268983,12.1107239820706,13.2897055589311,19.5771575615014,12.5804197951146,12.67937371321,8.12232050427188,8.65730657497345,7.73845519652536,9.21696936273476,8.63512421525472,8.4845047664765,7.72203177418999,11.0360680567071,11.3552204830209,9.40760886760561,9.40861183837689,9.41435098948446,11.8045378955058,12.1640627061033,19.043503007829,19.6164228373779,12.5936073221603,12.8172220541589,16.7530396277499,14.0181827143374,15.2348254844113,16.3885986048089,15.3003337365802,16.186083361369,10.4759939568639,14.6376035036365,12.5021246951277,12.4896017779174,9.49844550226017,15.7992797300713,17.1435968436741,14.3819507253544,13.1976453257725,15.2884426832181,10.8403176627155,12.6116468126151,16.297263146149,14.1364050663165,18.1520478447863,19.5550903453171,19.1865009110611,17.1026807490221,19.0525349456208,18.8589921397965,18.271293307401,17.770286117038,19.6341953481449,18.9158803388306,19.5391119926578,18.3230710701626,16.1475985189206,17.9612161119723,20.0034375029522,16.3096167880771,16.8857069000815,17.0230763539634,15.6342507852742,14.4997076083944,18.2806865837649,14.2025037744146,16.1009247682843,17.4664618539211,11.8622608134752,12.1812959387822,14.9658408696871,15.2132245035785,16.2301792516306,10.9459038680874,19.1648905393105,18.2172688560166,18.138816372248,16.3249941470292,17.5952484259194,15.6030628196703,15.6560010547462,15.7715772383845,15.0092285771447,17.3298910012846,16.3930930641151,19.128865083737,19.5799672180242,20.8367848462324,20.3331752942468,21.4104573003579,20.809892472834,20.425634168481,17.111472858714,19.6824292287583,18.9193119950374,19.0389616868603,18.4109459594053,17.8136470873585,16.4418254976285,19.8199404877715,18.8161678366753,20.4448390549797,16.0534358435344,20.2064416784433,20.1026195598646,19.2893683523974,15.2547675304238,12.3007434572316,14.040067206967,2.06300859284419,12.8280146617166,10.8323595748149,8.77698474515921,8.78365090657707,9.91598175598076,11.2413635217265,11.1024292430899,12.3580766189484,12.6570608568864,11.2525451783096,10.4133864628845,6.52600611353416,6.85469331742911,5.60066445510854,7.81590229865531,7.03353648373979,6.72692142940701,5.83174510179321,10.1330148289979,6.55598794624912,5.57098212729702,6.63613027753598,7.63205063367814,10.6269205967686,11.3952537009107,13.9165545848466,13.9018243537593,0.852568571564806,0.0,8.84763550061182,10.3987186242762,10.0967135885197,10.1380801516054,9.79268433672057,8.88736597809231,3.08486272474019,4.11819344759046,3.7847882664456,5.58005013737153,6.04208902909152,6.41309832157589,7.86525793445277,5.44029911698818,8.00220860052969,8.12705652813313,8.27088860631508,11.0631605172432,8.06173550991577,5.39385007540501,6.62427056607672,8.86800448078757,8.06191395417155,6.19015071768654,8.91326451432547,8.07292415511101,6.88305036613635,7.38783395583307,10.2815726754803,8.32823254959165,9.80971942332344,8.51783981887482,7.21512683607975,14.1352531126661,10.6181387934886,6.40942780118114,8.36931112420822,8.51420808132972,8.14767637181099,8.70997723996079,7.70308248382464,8.55269894650424,8.50243834605451,8.82459928043352,5.52620260673683,8.43764549088225,2.95978578848886,4.43401606851997,6.57088392898763,9.58109493435584,9.87447106381451,9.35777166632496,10.3567460724206,10.966413536388,8.317449415963,10.1265620918835,5.04525408997248,3.72839026787192,3.70748467604611,6.73300959770626,5.2019010127145,10.8076306696753,12.9051361117354,13.4701609264801,11.9301169967872,13.5620254372709,14.4947604520117,13.5349567413007,12.421019427421,13.9757909395563,13.0942123630561,9.89236394380306,11.1880918124118,7.85999820558565,5.42318757619517,16.8055775070641,14.5623159555842,13.6197893637788,10.1781516777606,12.5094666939476,11.0166557715691,9.51081026272722,11.9989073743272,9.83762069048786,7.17021956743486
145,18.4321695892285,11.4546481249804,11.8392521820246,13.8200118301366,12.8862531919421,10.7644764575984,10.6665204529848,9.74912055389287,9.62735142548172,26.4592413142533,20.4147298292796,19.6135532018818,14.8932109640286,15.898291769549,13.8275871024529,9.97968168874949,10.435666163601,10.8291342441907,12.0686083451309,9.61357301034524,17.4773605501453,15.4355782054743,15.9114431391256,17.1537496243076,9.53352210984924,9.14099333616814,19.4964730734978,20.2713849871981,16.5603609067401,17.0496495105552,16.3602728486555,12.2697088167862,13.7574909416795,14.9521617071474,13.7549862009305,15.6114588219872,14.85446337124,16.8051944816763,15.0124622669501,13.93972140632,12.3491214069856,16.7197591467561,17.4926978347077,15.7411478020562,12.9803903686333,15.0830620418805,11.0765577423815,10.3530954883744,17.3113702117648,20.4586350940341,21.7116365018485,21.7747730768384,23.0138537673249,20.9396671927895,21.7849632228669,22.0522118583089,20.9399751391414,20.2243225512214,20.7875085452505,20.659672449711,20.5711229232004,19.7537919238749,17.6152892801692,18.2757319915615,24.0970585598744,18.249485792641,17.1641426878314,18.6352011432467,22.4680258953925,21.8193265676354,23.027746881657,14.0457274106507,16.1350686156376,23.8493250661546,18.677695835537,19.8761116880039,19.8147394586571,20.6136083210602,22.1997649492131,18.7755582727651,22.3692511056632,19.1547977809615,18.685024313016,16.0481639656665,17.9948855975389,21.6985226038429,19.1022163739125,19.6690970538534,18.7995623109027,19.0362727678907,18.9340815677982,19.5967719331444,20.0146426738261,22.6064628948578,23.1224878239586,25.4799395243584,22.6004626030617,23.8144109273946,20.3047461775638,21.9423419566326,22.3723663553879,21.2112103225403,18.18242576468,20.0943423940402,21.2391279734955,26.9239715793312,25.8028487534631,26.2058134923416,23.3999644346957,25.3697068295573,25.3750903665243,24.4819090708699,23.1900635289397,20.3371567239261,20.970093348694,8.3308049984369,7.2799644275149,5.09304361908533,2.99998764292242,4.27050938977581,6.32345797195291,6.4049271991253,8.0247903211531,7.89349650484877,20.2151845719865,19.3840431494076,17.7873854792057,13.8329422543528,14.7193457239064,12.4282312765828,7.99132810093808,8.67220152388674,9.01926488743347,10.6046649995699,8.09651270641837,14.0082892220021,12.8637647730429,13.9596358131716,15.9177674254007,7.54911186671143,7.74106052366793,12.6611898230169,12.6145267268154,8.20115579743861,8.84763550061182,0.0,5.89363371319098,4.33051776622425,2.18225299661408,2.52168496557539,2.25582953130511,9.44435105671966,4.8057153422352,6.17737772780226,5.46709880247754,9.10220854793258,2.55484469437268,2.46293202330344,3.58326113390441,4.9260202475373,2.09372341014073,7.71010229173308,7.73685809268526,6.433559897227,13.9688601369249,9.78689139911632,9.03475516402139,11.5799405833056,10.0944405119383,10.2045830960103,10.3826931774929,8.01957302461831,8.23230063047086,8.46389405826748,7.18629806136129,7.45504129547667,6.85074552380163,6.5915391948381,13.1443695479925,14.3501675209726,6.42509549602049,4.0524667605835,7.93298905056302,16.5144885400599,17.346512011251,13.1457893600637,5.46350305494257,4.19388153309869,16.4805505618686,14.3258531954903,17.1826831583819,10.5365286620344,12.0963146381521,14.2967997709665,17.7901838734907,12.241444250241,7.10592651719698,8.05589268892397,8.12917991252334,3.67132524330533,16.9361822007048,8.71919358690338,8.82120133747854,8.79172586009422,5.4688982106692,6.65256172824582,7.82612920378053,10.8760319245091,13.4536725529408,13.4772742389705,17.11858850711,14.8928263847168,16.2669865966975,15.0950258724594,15.4407384916008,16.0509959769454,10.1077944071084,7.27590627943484,8.28410645900777,11.5128797391294,24.0952377375157,21.9380280535405,19.5702156613346,18.5969772261032,17.7143692708531,16.5185817174543,15.1772546787282,20.5512634612254,18.5197522678558,15.795441955611
146,15.3868565334137,6.48974813379198,7.5406800497094,10.1837714600753,9.64851243017262,8.08409760742055,7.12972227066209,7.67766024781864,6.49849804752581,25.4167605291169,20.4949469209249,19.7583765559239,14.1538370994834,15.0771060863124,11.9984492833871,7.00764301178916,7.36938086768802,7.64068509667506,9.50674189002407,7.67467003331525,16.5689035815205,14.4071838093498,15.2934806369413,16.258265663399,5.10541728105187,5.64411863490561,18.9302920903815,19.5698038071841,13.4075211779452,14.085580919188,12.0825671618204,6.98948657170086,8.68779866728448,10.4617656993592,9.45668450858302,12.0293345366914,11.7682922020123,13.0682287526634,11.1567147903684,9.66198031827362,8.67241384561447,12.7749963801907,13.7453866740782,11.6592830289146,8.12453809348608,10.5150412576423,6.38670438631903,4.96290191892792,14.9810734245184,18.529855612353,19.029669859321,19.1697719826143,20.6057670955296,18.5381850838302,19.5395870865564,19.6333679344321,18.0942355860857,17.7222150751903,18.4030730541915,17.7943010543447,17.9230142556791,17.0923610773458,15.1055739052675,18.2121341809308,22.5146127925104,15.5375579008625,14.0709191105747,16.5536294353876,20.9825859400625,20.6397323792243,20.9674945983351,11.6058744548596,13.1870744869507,22.2263405762304,16.9246178083366,18.8100165767778,17.10024053011,18.3303176520955,20.2563749685992,18.627859949225,20.660249154594,16.7732880147453,16.6975936594854,14.5034094827038,14.5857895980711,21.2698580543042,16.7373647040146,16.8656812746028,16.2639849849912,15.8885927548641,15.9743979711459,17.3560117960043,18.7304690106566,21.565461841848,21.7768775792802,24.6313388167776,22.0315152071261,23.2870679099126,20.3603688984423,21.7370866292408,22.1332196152269,19.2525040123477,16.054445992274,17.7467260630063,18.9798640864513,27.3669949859602,25.7714449898376,25.6019000636146,22.3388878404124,24.5268186393249,23.8916160223989,22.7312122996754,22.765690562916,19.6675024396377,19.4942046863268,11.0587683391559,2.96561168170903,3.02200344638452,5.29552698367664,5.58716146610684,5.76575245282641,4.46733240004494,6.77098250825467,5.38730974662045,22.8949515095474,20.0939585681253,19.0044297941061,13.6837615015642,14.5718145148555,11.3126822307302,5.62713385752162,6.23822740950019,6.48801079731826,8.71804789926949,6.84034558453179,15.4280825602757,13.418010476806,14.4502187605249,15.642365907132,3.29129244660386,4.63555893712427,16.2783619138181,16.5003480347192,9.58064949006793,10.3987186242762,5.89363371319098,0.0,1.72408073318332,4.28144598003635,4.08013063164986,6.76210371917528,9.0993022583931,7.77270835271336,6.6810176661518,4.87411816916532,6.7681601096542,6.90306205180589,7.91934350034948,6.05603279579939,2.43037949355205,4.14323403853293,3.73898818243788,2.10197967390556,10.6205760895851,15.6972447488937,14.201351131257,14.1688583524094,16.0328691622209,14.1505959204721,15.009147617505,15.0476941206672,12.8267431691429,12.9369656870629,13.6234236571669,12.445692336023,12.7921408545609,11.9563189834448,10.8610974420061,16.1479390322349,18.6484087195933,10.795047294888,8.94387829076461,12.3096174454093,18.439597635001,18.7032593084357,16.9229712128779,7.93921957361039,8.48321707630939,19.1337008637333,14.9983659329864,17.693072084341,13.0745657825083,14.672228104826,16.8901403844631,18.2419325974896,16.7182011780742,11.9781700873983,12.5886520653723,11.3613263371365,9.07614270632981,19.3045884791248,12.4569743024559,12.2611848442844,12.0419384829993,10.4202725414144,10.8820790935877,12.7412622197611,15.132266996539,17.913232977117,18.0208243577072,21.2441635816569,19.0120981731417,20.2225455218996,18.1616963766144,19.1222800396725,19.6434656749556,14.8568337745676,11.6884924420213,12.9477763690113,14.8902557930368,26.1788050971118,24.1999261503497,22.891918438735,20.3298464287643,21.3400162567336,20.3257470191557,18.9257716994054,21.6744669970573,18.9168446955192,17.2448040907497
147,16.6157069891155,7.88080959741517,8.84735351400714,11.4220058043276,10.7680326467685,8.97221222484761,8.17892241239355,8.33570877058693,7.34073395581126,26.1791153346079,20.891482767064,20.1527555779162,14.7127467952635,15.6607123148697,12.8014947507424,8.05636964718969,8.45942170025514,8.76566252124332,10.4727851571591,8.34830116546184,17.2292683503592,15.067147908573,15.8481863102354,16.8561658890245,6.46850683396451,6.64834699012902,19.4213670259522,20.1093781384468,14.6409219253117,15.2774961396502,13.5210599871916,8.62519192348963,10.2768583664772,11.8991652012531,10.8372463765817,13.2726205077907,12.9431809542853,14.4463709563698,12.5485344243888,11.1432710784816,9.94466850642545,14.1788098135749,15.07911517857,13.1052609833454,9.71860939444839,12.0373870692827,7.92178664778924,6.6145873193202,15.9596266853349,19.4775489651617,20.1864942522647,20.2795291375167,21.7020674029354,19.6219008713444,20.5677448212166,20.7179544412534,19.274425263658,18.8043689735409,19.4168108077768,18.9546721483679,19.0015749199082,18.1856210202892,16.1492169302333,18.5547651116605,23.4040425080007,16.6523277224593,15.2266101829723,17.492138946862,21.8292825588931,21.390090515364,21.9825309093013,12.5460918868926,14.2886870083789,23.1275619078207,17.7907366236295,19.4927091921469,18.255557573273,19.3824024241156,21.2310048945833,19.0660291256874,21.5593111426325,17.7719854175481,17.5728672319168,15.2082542648969,15.8334912811299,21.8468431581228,17.7949431605449,18.0441838243475,17.3670613295138,17.1158982074557,17.1719153705648,18.3000496691998,19.4174443096341,22.2473371841099,22.5726128258059,25.3305818239866,22.5861347933103,23.8787272820443,20.7691080808786,22.2038470476969,22.6403004936979,20.1874412178595,16.9312383143617,18.783020190122,20.0343362062206,27.7296041962724,26.2605642138935,26.254997537915,23.0733101110786,25.2372111650987,24.7721527500477,23.6762058362379,23.3145082994435,20.2423835341394,20.3212933457846,10.445818215951,3.70082921626082,2.8704687427264,4.35120641075998,5.00883201191614,5.79682083715593,4.68999196272473,7.1042605937864,5.90707205362085,22.503427749202,20.2954483408256,19.0714696774848,14.0538527067617,14.9392301143011,11.8653734225606,6.39832594395733,7.0606071512226,7.33207992065297,9.4269400923488,7.2445493712891,15.3798140200876,13.5840742716083,14.6584645858228,16.0347667797459,4.49518639715468,5.41432787916772,15.5311039573412,15.6778221162338,9.28508229723987,10.0967135885197,4.33051776622425,1.72408073318332,0.0,2.68711467658863,2.75898205750842,5.48886635067697,9.28718960171416,6.92904870855931,6.42929401493,4.74681134531785,7.47839238952925,5.68628482923256,6.53831478270389,5.16050538525187,2.45708265696068,2.76513289083091,4.86389659639281,3.78987885409188,9.67311739587652,15.4800048391059,13.2035245725154,12.9777120264588,15.0530349364611,13.2839789186866,13.9432228229427,14.0114223785619,11.708060904699,11.8798650019664,12.4143150418475,11.1974349713205,11.5154112055535,10.7603710299044,9.90729361614629,15.579227574065,17.7729632982783,9.8076058778078,7.73677879833191,11.3475126567749,18.2127751094687,18.6501963264165,16.1574215539304,7.30802911338964,7.40403539401738,18.7032624241083,15.0752371654378,17.8703712362436,12.5598108326134,14.1990455573721,16.4437842991842,18.4918291312538,15.7798254518016,10.8426970142341,11.5453724096676,10.6234303689138,7.73439805582078,19.0331882365446,11.6696750271702,11.5056677706915,11.3666998353253,9.23760461398945,9.90817013290275,11.5704704681747,14.1763305025899,16.9662061919474,17.0710252398173,20.4549978483303,18.1806398262782,19.4833813565831,17.6799677731279,18.4452255052386,19.0163785976431,13.8114850563577,10.6077584477816,11.9105253267783,14.2074796298919,26.0383109540985,23.9853697384337,22.3542231414686,20.18845269829,20.7026213631757,19.5966048444371,18.1925993144003,21.7359846081448,19.1503196135762,17.1462984821404
148,17.9770995175662,9.60876091952436,10.2712434326873,12.6223197281612,11.7915358137352,9.70051224183884,9.20700407884698,8.74533714981221,8.12377522968546,26.8852413286782,21.2828797810935,20.384103656673,15.4062929773198,16.443645339604,14.0264431198548,9.33945180412178,9.92357874702445,10.3637382665653,11.9483379684909,8.82545424998945,17.8571688874812,15.785149635833,16.4204340028353,17.7460750292985,8.1117603451029,7.72510424431197,19.2063801290858,19.9647059956342,16.1435317938418,16.7000187517067,15.0509843430796,10.6975377016086,12.2013108631702,13.4604570797753,12.3106539391164,14.4294937825584,14.55342206529,15.998178399277,14.2837370515083,13.0069438800066,11.8180061375273,15.6793303909082,16.3878679785125,14.7677919105355,11.7136640978376,13.7847590772698,10.0272271539042,8.77668149355543,16.6404340562914,20.5957407517787,21.272009091473,21.1617944658842,22.669019045383,20.6139769969134,21.336154382219,21.6224124020038,20.3407706756257,19.6852645713159,20.0845130302562,19.9241792455909,19.785400005936,19.032021740831,16.9626219693855,18.1269972223241,23.9977148615467,17.6082544624872,16.1994335897423,18.0986931505494,22.7770957346387,22.2760512306408,22.8988744612905,13.2237663070454,15.1830430645151,24.0560274464334,18.9361364376452,20.4183752919057,19.5693479240016,20.5370443662526,22.2745894939529,19.5736258710425,22.1230207074079,18.4371198148087,18.0166013753204,15.404801181482,16.9638227040712,22.1949636669911,18.7487763998547,19.2695025249826,18.4567263815228,18.2478065930544,18.3128992072572,18.8410496294349,19.5100140541684,22.3443142390197,22.9135293302998,25.5763706592917,22.4788468768888,23.9184869683154,20.5745060203896,21.9980114611412,22.5770376840882,20.7623856696641,17.3657672038416,19.5704597515261,21.0794539988189,27.8135635036906,26.5313426189839,26.5998685504251,23.8897615865368,25.6162869613403,25.4592395015357,24.4873997306953,23.9368173978059,21.0295151269243,21.2991949751621,9.97103493631008,5.22542630629187,3.34911087958591,2.93093132866013,4.0612952846804,5.58816192736464,4.9647525735515,7.14047573738327,6.38488168050855,21.9418324799195,20.4769802518385,18.9401764490079,14.5611312719071,15.5108471925933,12.8935147202746,7.50840012576485,8.37179152347395,8.78602580356847,10.7334658706212,7.42692158135426,15.2205964049445,13.7862459490648,14.8687380440939,16.7374199912834,6.12456943948299,6.32205714152775,13.6547021282475,13.7157138712964,9.41445840309182,10.1380801516054,2.18225299661408,4.28144598003635,2.68711467658863,0.0,1.07100970274696,3.30915302174682,10.1310419773811,6.35381857413814,6.94754227558535,5.70920980054276,9.05309751221576,4.38396324982683,4.49770908622613,4.77401305448664,4.21629105293828,2.1848943099928,6.94035177246687,6.14739932663405,7.89015748674464,15.425642401707,11.8332108579018,11.0648418486036,13.6238801918404,12.0269203392552,12.1599040352014,12.4048227409701,10.0902698858084,10.1781161687687,10.2292254591272,9.21412682125537,9.29727006497897,8.72920435887112,8.23165076253939,13.922602998428,16.2731763713317,8.2253437282432,5.64165116918427,9.53139797323217,18.0444739591841,18.7149365214285,15.0746864986102,5.97701750035094,5.43236062368184,18.2015306283026,15.4665224060315,18.2949281206441,12.1816508713607,13.7603634429472,15.9929831220442,18.8060066834125,14.1107308044995,8.74213861898369,9.45390419762418,8.84767670806783,5.56393613657229,18.4214682151427,10.5225752337881,10.6483380709948,10.5178398536625,7.49148146327609,8.57138737598374,9.31258674276477,12.0714916162013,14.963549838164,15.2378685129273,18.9020692131344,16.2849549879385,17.8800155322528,16.3614921246353,16.7879224844352,17.5470269696756,11.8870832314101,8.37977465708368,10.1444324054845,13.3542071442875,25.5530812319639,23.4691808481451,21.3186849857121,20.0778433230243,19.4966222409069,18.433932197114,17.1012224143775,21.8499422103393,19.597610858045,17.1764966904355
149,17.0643655067877,9.01490502320944,9.4709409782388,11.6848792484092,10.817890719926,8.69887993113805,8.32463548022969,7.72011957735826,7.24623782573548,26.0073791759575,20.5468386626618,19.5537720412389,14.6326479819568,15.7120216023902,13.3382581921377,8.44567346356388,9.11187434823438,9.61553889622676,11.2571575199278,7.7806250213966,16.9786341780991,14.9377227486324,15.5919363815596,17.0796241331027,7.32705850774064,6.8366877404649,18.1501278964635,18.9045307489305,15.2972322973554,15.8383421416435,14.1826029775338,10.0627937827702,11.5014035621074,12.647692850079,11.4708342762265,13.4813355158222,13.8059910474078,15.1035525084424,13.471090751823,12.2257656818114,11.1584068327013,14.7700865635249,15.4459500232243,13.9032707342368,10.9858449842007,12.9683286526998,9.37552982329018,8.1979304129527,15.5943803215994,19.763008534311,20.2823780362567,20.1297449981406,21.6650396832906,19.6219250364921,20.2954554156173,20.6009171739269,19.336377506432,18.6566588343466,19.037661090988,18.9047567601722,18.7512758059089,17.9997447427037,15.9278043625058,17.084310090695,22.9662625444367,16.5901888288188,15.1990297877045,17.0438999664662,21.9430849912017,21.4909727780237,21.919689934272,12.1884629274744,14.1749161859544,23.1699077520396,18.1821441710292,19.7111400032867,18.6820972705111,19.6417859896269,21.3850516572236,18.8502921807785,21.0735193044707,17.3914353249014,16.9600517069219,14.3463585488484,15.9874052617918,21.2721068625008,17.7503798988126,18.3235318240466,17.4898469360165,17.2542154733144,17.3249609197965,17.7940823373818,18.4476913172138,21.274021681398,21.8493532736153,24.536007484646,21.4153787347246,22.8696231248728,19.54563642659,20.9454914208798,21.5393751737944,19.7041476225329,16.3250416682657,18.5310459308424,20.1290172112638,26.9778951618239,25.6682343336032,25.6330868336491,23.086665833927,24.6184852606152,24.4744451874896,23.5112383168414,23.1992560349611,20.3480125539564,20.4930793529934,9.71713397504774,4.88463818343137,2.60232018941573,2.02327064465053,3.04328320634347,4.52030743699519,4.03866153097503,6.09188632034405,5.50107702850074,21.5423932738678,19.8158023837522,18.2296060636972,13.849291244206,14.8551037984225,12.2983135305391,6.64343545415075,7.61847720464058,8.12003581650042,10.1306576410132,6.36484918267106,14.573373152607,13.0906485775312,14.1520550157337,16.1536870653695,5.37297987937958,5.42315053573151,12.9899946938521,13.1035737792504,9.0862662452635,9.79268433672057,2.52168496557539,4.08013063164986,2.75898205750842,1.07100970274696,0.0,2.9229149974883,9.72270896807558,6.18981109026348,6.65515943379835,5.41268262775346,8.58815658489826,4.32988155479738,4.46997698747002,4.62868906730412,3.95327555072732,2.31054165610414,6.46928143033063,5.72205715696159,7.35228731183737,15.0455949728047,11.668069003536,10.9029863685587,13.4274227785336,11.735246478756,11.8868031322671,12.1796475985744,9.94586777264885,9.89787419966424,9.96992465954882,9.08341726080819,9.11650914983494,8.48455359990731,7.75882816638594,13.1528068429574,15.9245969966258,7.84564332367636,5.30138565925952,9.04913740237435,17.6417176513702,18.2542924167972,14.788467919339,5.09953397783337,4.9099798454353,17.8524015556456,15.0169116584327,17.7887679185175,11.9183400090395,13.4393254633558,15.6671639458478,18.1563967921765,13.7393185928343,8.38014997072804,8.98556245599549,8.10914184555279,5.44129050827612,17.816852372456,10.143822895552,10.3911785295483,10.1483648103736,7.32386016329431,8.30767902426928,8.96596891593526,11.5452233588878,14.4792043755279,14.8205943751763,18.4403365730447,15.7180040153282,17.3281468476792,15.6284852393049,16.1384996751268,16.9209199422448,11.518471387724,7.91478844284857,9.80357832329862,13.0592654204455,24.9245012138463,22.8946232775889,20.827392097699,19.6282325702015,19.0235394809271,18.0915472131912,16.7907561380806,21.3151646892642,19.0558608803849,16.7300784127501
150,17.6271310995927,11.3351476912473,11.2972966784266,12.9109458787004,11.8712234440869,9.65974539821761,9.88993543255186,8.50906134975888,8.81783541074264,25.410180532298,19.5691780673469,18.4811910002653,14.1735097139569,15.2964290138508,13.5385648888961,9.39449828530587,10.0624696067065,10.6139564514087,11.8998843267517,8.38295761989931,16.4579554880374,14.5568935635365,14.9968201469431,16.7241014971079,9.23439036392011,8.48553980383944,17.5458392341021,18.3446726189321,15.9826681955717,16.404471689623,15.646038430688,12.2335257455212,13.5242623254603,14.3565405619609,13.1140518304286,14.6118842425868,14.5556309961798,16.1097711473453,14.594297587658,13.6299806788111,12.3488749542826,15.9462797957133,16.5452519927678,15.1510697703285,12.7921634288149,14.5862056910082,11.1408874157462,10.4899394391588,15.8974703826122,19.7292849980948,20.5802733879677,20.4339603878821,21.7904590648184,19.7765823170767,20.3848576920996,20.7615406397917,19.7605519518771,18.9170972767445,19.3052281699815,19.3888506673177,19.1695848682174,18.407955875456,16.2898359397124,16.2471887617681,22.6363948943015,17.0209071881666,15.9641926221577,17.1528493024719,21.6489141664324,21.086921042654,21.8509110236957,12.7208424152698,14.9049317034695,22.8943172447895,18.1497638776555,19.3466239347604,19.0411789830416,19.7548089352272,21.2966626161206,18.0289012263954,20.8556368805246,17.6958227993327,17.0959723178973,14.3693207804309,16.8953237398047,20.3998608199995,17.9271361167738,18.7222826358285,17.7615198407386,17.9156885075149,17.8494273857804,18.05673235464,18.2093363272757,20.78232699009,21.4515850370659,23.8172848602027,20.6836089087543,22.0269860275301,18.4598539921162,20.0104395085783,20.566783684681,19.6778113383322,16.6137406943583,18.7196964311102,20.2001686038505,25.663230716858,24.580198276145,24.7761427558845,22.5862493971609,23.8854708791432,24.069713272257,23.2582910318689,22.4338997213192,19.7986639382169,20.2373756622248,8.30363403051724,7.61751395826998,5.02970771627112,1.90372101729058,2.89866876989282,5.05258813340328,5.70555500531723,6.6968263343177,7.11033595219534,19.6037987900785,18.6053143318831,16.741831400243,13.1755985766884,14.2004317368716,12.2845291209275,7.52165268909098,8.44531415919991,8.99230996090512,10.5978332911461,6.80181444365533,13.1302682939386,12.1012493489381,13.1348579288551,15.5974890680995,7.43896922530369,7.13839102103681,10.5200616792941,10.5296194970613,8.35400203629427,8.88736597809231,2.25582953130511,6.76210371917528,5.48886635067697,3.30915302174682,2.9229149974883,0.0,9.69679491161278,5.19627764937509,6.71217510079231,6.19856330495023,9.49420934499729,3.10241638023597,2.17808702122143,4.33428413077689,5.84908160631034,3.57324617049955,8.22106732829302,8.23702425060408,4.63635065967108,13.7448495786452,9.30897094333448,8.13316528538034,10.9524626168756,9.38582336528889,9.12109776360197,9.56382435193539,7.43708181968734,7.21585385152923,7.04790814770877,6.32331508459049,6.21526635066137,5.62139787669378,5.08753394794599,10.9317563262992,13.2851324310766,5.27785978028925,2.40252729928567,6.26827363800165,16.1452588487801,16.9650244561789,12.529530075854,3.43007358023882,2.14765231889244,16.044201621892,14.1706192693692,16.883537222035,10.4661388829794,11.82292719532,13.9679579055021,17.118932441258,10.9986889808616,5.47372199001417,6.16343071493736,5.88884589367883,2.68968533114154,15.8539748811232,7.90699632066477,8.51716881893575,8.22435626840846,4.78743082626044,6.04505269521345,6.09169660676988,8.86570862011776,11.6593048087391,11.9903277309467,15.7403146804824,12.989788308627,14.6352302459391,13.2377839343886,13.5281456730457,14.3398754497669,8.65603993341649,5.25368999943234,7.04708524662955,11.0533603342064,23.0000538982986,20.9544049601283,18.4691213855353,18.1358850519489,16.5498294333903,15.6903641424631,14.4787510954546,20.0063120999093,18.1412393038296,15.4447319949508
151,12.6331242847205,13.1370528938939,12.6166899742846,12.9167257697008,12.1929173597937,11.2754984108484,12.1310019775058,11.1487811181942,12.0799288841691,18.8824664320145,12.5918003482106,12.7727945832897,7.19487550311228,7.6533275295556,5.56569946797957,7.36656428093461,6.43894745045455,6.03326139246826,5.09952258201947,10.0390280950732,10.5556678624251,8.37390527219694,8.7325946448931,8.34384324112481,10.0219365194942,10.7867706233113,18.7934140031793,19.2983449623699,10.3220300436839,10.6627171278058,14.6480599778717,11.7555085256714,12.9680250193756,14.340751853088,13.3607028858283,14.431738430867,7.932910306628,12.3953382388678,10.0041557364598,9.96019380192757,6.69127481012238,13.6630762517616,15.2075718885546,12.0628296323259,10.7722401984305,13.0089908840846,8.32548401592775,10.4944586117966,15.0356640731384,12.6180746793413,16.5242294289861,18.1112103840422,17.738775254465,15.6025482366701,17.7784137405783,17.4437497537774,16.6230754657411,16.335162986147,18.3851033545851,17.3469945436462,18.1525182388506,16.8834802816442,14.749245361737,17.9681368263555,19.0849484793471,14.7587701624624,15.2895127303882,15.8753437322657,14.4972793783827,13.5249145707567,16.971822094695,12.9345083310975,14.5911578364137,16.3243108890925,10.2742494437861,11.1531057608211,13.0536830133038,13.5737329034346,14.8374341117109,10.7146300886989,18.1936749468832,16.9639487724624,17.1175841728667,15.5445132112951,15.8332184949637,15.3198053181971,14.1664856714009,13.94887554225,13.3480188732235,15.5732548034232,14.6383498094217,17.9893330101785,18.9525816326105,20.328644116755,19.6163142388976,20.9768881752011,20.5695804771966,20.1923984174157,17.2047192889162,19.6404126399986,18.8481295810611,17.9663027457934,17.3579758457984,16.4839385679701,14.9324606668739,20.1872693951021,18.8411745302414,20.1180004287253,15.2291145043797,19.7333062287648,19.1939230643093,18.1867746562143,14.8851645124756,11.6140348876152,12.8310242495155,5.0659402254376,11.6121115624534,10.1175453537525,9.00291860322694,8.8639405632144,9.49305948499746,10.4911312152618,10.4659065292619,11.422625861098,14.7320116063217,11.7947092886507,11.4040720698077,6.0770813449895,6.40403918687427,3.55154210817425,6.26958618619036,5.03204980597798,4.38912221499201,3.09758894621899,9.42876732972929,7.84453588390257,5.91910151538528,6.93787202839101,7.04364821209802,9.11862868559863,10.2348033279082,15.6993566458768,15.8192551059122,2.69632583539809,3.08486272474019,9.44435105671966,9.0993022583931,9.28718960171416,10.1310419773811,9.72270896807558,9.69679491161278,0.0,5.44720523688768,3.31157768927434,4.58617338616006,3.29697493779563,7.46403699178772,9.20840440139571,5.92286981301481,6.88115028775131,8.08817959178665,6.17512826122416,9.31648401745007,9.87925655690705,7.12001353828314,9.66178906443172,11.6351116389674,11.1274948171449,9.19000641148948,11.7422906136954,11.0410360005333,9.68366716518067,10.0675979673703,12.6621457879174,10.837750039913,12.1352109510218,10.8304417681227,9.27767866940644,15.6348797839091,13.5270361959944,8.66441586989871,9.87564661363805,10.6945978495414,9.84833134341713,9.86022734670227,10.6635104721422,9.26667552378412,9.76215732678874,11.0729094054233,5.9829753156419,8.73384221832869,5.83411355114481,7.08564948894335,8.95963599007406,9.87478786471078,12.6988425781824,11.456842509228,12.3253492358165,12.2332704697831,9.94584444476581,12.0442664509368,7.85249398694811,6.77399035378379,6.61271618469751,8.96286313675517,7.7430998724659,12.843847891887,14.8765648178466,15.8731213727101,14.625136580013,16.2586956434143,16.7748586267711,16.0279647680984,14.3685305078745,16.1439224041586,15.3974875673463,12.4721540046852,12.824171985476,10.4202297082572,8.40488508124529,18.3528090540963,16.2832274748649,16.0336849426748,11.6167707943167,15.0988322532326,13.8110889813715,12.3601451591033,12.8743606889805,10.0419850411585,8.48001110596187
152,16.4331488861597,13.228346122802,13.0626116995641,14.1622783419012,13.1951926045085,11.4466200393147,12.0392860059383,10.7105981114954,11.4015089571293,22.9209144673263,16.2856040088681,15.919716065062,11.2438011293176,12.0559572119634,10.4553565615839,9.07679159834654,8.98135023945968,9.10564613063163,9.41242024673761,9.98038598960691,14.2114567844939,12.163979106811,12.4109863967784,13.0886366939234,10.4161892721045,10.4748695634687,19.2154691256219,19.9057484595407,14.3895864999648,14.7614291474285,16.5520928778341,13.0117364775134,14.434236171168,15.6772588407135,14.4916913364735,15.8785398509452,12.3786020077106,15.6028177497951,13.5326865355337,12.9704717231561,10.4746520769178,16.1962127820535,17.3141641000337,14.9303510324554,12.8832635828444,15.1092589099451,10.5499537581541,11.260793277426,16.7390817388802,17.1777422848097,19.9041829432777,20.6788838933967,21.0833226779167,18.9640844029048,20.405309853971,20.4389259818293,19.5914841311498,18.965471432786,20.2376565380848,19.8006228113829,20.0896909031911,19.0365027928818,16.8114877470039,18.0083962411819,22.0142320954239,17.2160244785476,17.0077952194766,17.7722589280565,18.9409356544368,18.0258455261321,20.6057329211946,13.9906530534562,16.0745920931304,20.5742493494076,15.1099159231107,15.8669571548317,17.2889075760715,17.8156892239944,19.1278074801208,14.655683559731,20.7310245326787,18.6814712983101,18.3993922698251,16.1173408335033,17.8029704061464,18.4890441315005,17.2861842527863,17.6386805760571,16.7984596826339,18.1597009712168,17.6035647191394,19.3868845760168,19.7942138597116,21.7036854755421,21.7004039784378,23.3900345977723,21.6590183496396,22.0398913868589,18.5289844580725,20.7135733837931,20.5213988511904,20.1077347382785,18.3144014720962,18.9204213627993,18.7655181635322,23.1696436313012,22.1437635719417,23.2254977227351,19.6002568922449,22.7066318378053,22.6882376761148,21.8373269575968,19.0511007503544,16.1431866089688,17.3766509875293,3.65824213212694,10.0709095235652,7.8640143511481,5.45026459198284,5.93872242852992,7.69910352547562,8.68008557771819,9.2690281601007,10.0531556164287,15.8382964643843,15.0455268300341,13.7527168054445,9.88548698202469,10.542548441052,8.62842427673758,7.12736202713274,7.02664182291369,7.03796382557071,7.5613578530624,8.66929171792483,9.85146095650973,8.84394031446072,9.96352613263846,11.5539295661202,8.73643068003961,9.35238697748142,12.7249782737647,12.655688943934,3.53961118737196,4.11819344759046,4.8057153422352,7.77270835271336,6.92904870855931,6.35381857413814,6.18981109026348,5.19627764937509,5.44720523688768,0.0,2.76708699097786,3.73600944671402,6.62555279425408,2.34578538017897,3.99869587132843,1.76893927481693,5.50082075439921,4.45062387012675,7.16581770097646,9.05440322537155,5.96381212635858,9.22370613814754,6.61156098017879,7.49674026787032,8.48182564677563,6.70272999172738,8.22174687496724,7.80315016705719,5.64393737966119,6.21013614175875,8.24960139191994,6.18982482155149,7.43403381187087,6.26172981030484,5.36161111814752,13.155285659843,11.4685692504121,4.58097934246015,5.11222696335707,6.96584260419435,11.8403769345297,12.648356677859,9.35573990001988,6.15917143067591,5.39634005392474,11.9950559302879,9.64289400085169,12.5368714646707,5.85213675522436,7.50072687627054,9.73843033123674,13.434244560291,9.93921155951994,7.08521427722155,8.27876811013698,8.92834202866313,4.80523737444243,12.988865493324,5.27703885220753,4.63949856965535,4.73193131819832,4.09178120173077,3.71268949586172,8.42310137777654,11.2159871644823,12.6750843698648,11.7485916234292,14.5317982512953,14.0073777805265,14.1430669908812,13.1056265873155,14.0421642457912,13.8625116206329,8.83681834749373,8.57527908259052,6.59564195617257,7.36093569903343,20.0312245812521,17.7818125938154,15.9299847668088,13.9463633961787,14.3579950556751,12.8936093905472,11.4093862235172,15.9357038903922,13.9174220810765,11.0923449165644
153,14.4312086209715,11.7946591018412,11.6363485735818,12.6621680042994,11.8332596155437,10.3985602170471,10.9145709271024,9.95516122059789,10.527919611732,21.6151370527506,15.356629117925,15.1472242026708,9.78493503006422,10.5135124970728,8.30236951409409,7.26845098961533,6.85601053045974,6.78399289907733,7.00317276134493,9.09872970524427,12.8967899342217,10.6972543561561,11.1375947405302,11.4612804271469,8.87264674480035,9.36681666894836,18.8974849415713,19.5131877454895,12.2048389021156,12.6446779598383,14.7546461423417,11.0919213121805,12.5317137794577,13.9834839544795,12.8800998653177,14.3795340700839,10.000752635687,13.5349794529236,11.245696557311,10.6929827971979,7.92370256554537,14.2883183004958,15.6126601854542,12.8429151665952,10.7518272570379,13.139303216897,8.25196591583764,9.43494500187397,15.5298057897343,15.3509990861116,18.2103780111921,19.2373133501773,19.5032110108094,17.3443625371887,19.0520088445043,18.9372302354951,17.95293988668,17.5083472314903,19.0408203325169,18.2982711280324,18.7921490971955,17.660122137011,15.456283703004,17.9150456635755,20.8127673182181,15.7051556645632,15.5867364146233,16.6084363598751,17.3280302316306,16.4822649870275,19.0509121093196,12.8479547170129,14.7363213099113,18.995242693154,13.2130132671416,14.2584788510322,15.2947880734918,15.9730858461155,17.4098858270884,13.5531388791078,19.5706610186199,17.4943921668424,17.4337555539814,15.4127191778619,16.2423781235136,17.5544829753547,15.7051365478731,15.7756099551673,15.0631672654563,16.5080630399811,15.8903127522737,18.3356150243186,19.1679247895553,21.0492395866282,20.779561834608,22.565679570177,21.2184891879454,21.4392364607707,18.1941801413757,20.3807925655837,20.036593910344,18.9611072566622,17.390650864842,17.5597584428451,17.0613913826618,22.621109709327,21.3510814500733,22.3069463659162,18.1562392325206,21.7388616614132,21.3824557275697,20.3947970753696,17.862588033298,14.7251816324498,15.710123981424,4.69929147072555,9.27391346174291,7.52520881524957,6.15740918373372,6.35112539808516,7.49858570121789,8.26896399548824,8.84887065061715,9.46894310078033,16.4265090271147,14.4284114133832,13.5248605416721,8.65705963780774,9.26796332678643,6.59007049382559,5.47239785860149,4.91088955708074,4.65251240785518,5.11193723426422,8.07522119660936,9.69825339670336,8.06405637407626,9.18880238374266,10.1652314381606,7.4147802611522,8.45645326807914,14.396968727161,14.4603096424365,2.94064088042074,3.7847882664456,6.17737772780226,6.6810176661518,6.42929401493,6.94754227558535,6.65515943379835,6.71217510079231,3.31157768927434,2.76708699097786,0.0,1.8180798159931,3.90190941297799,4.36182543767465,6.22361673494901,2.67488455547117,4.26234491906845,4.84358387115953,4.96323627531301,7.51467660823459,7.93731115002456,9.12612417145809,8.79130269486895,10.0506648889464,10.5606571262325,8.63014682982191,10.5613386619593,10.0755584566563,8.15776603424605,8.60066715955314,10.7243145125641,8.8368055752027,9.99577623325229,8.77568353754455,7.46846330526158,14.5229427708951,13.3458710052044,6.8604722806776,7.24246778698738,9.06824133667709,11.9029417321592,12.3189973356025,10.895159963165,7.12821783721009,7.19778901358431,12.5904803485718,8.75254032616109,11.637815275045,6.50129456905632,8.13087304484764,10.3208555207313,12.6173423357366,12.0108765024762,9.39837039122384,10.3936135364989,10.3769515130267,7.17760636859162,13.508624292428,7.10382215208233,6.26137093185418,6.19931781925641,6.73192321886031,6.09557056868877,10.7128967258063,13.2049237496648,14.742811246487,13.8351602995488,16.2661473638036,15.8831095149186,15.8348893971887,14.3279457635219,15.64986655433,15.3501317771181,11.1159624505657,10.5682932689687,8.92175950168064,8.68653295807706,20.3208370537699,18.161407149738,17.0427965583674,13.8860025110246,15.7165508220275,14.3512231064307,12.8532145537225,15.5060002610213,12.9909222240044,10.8139755000484
154,14.3594329893932,10.1970757980874,10.275513603529,11.68574526592,10.9152100971712,9.42181207193547,9.6232273923894,8.98812847128978,9.1927179446448,22.497604734302,16.6346268623506,16.2726478545371,10.7221149163818,11.5195368272719,8.90711479155908,6.56039818465405,6.30782162683443,6.3141392582709,7.10017760221377,8.28847369845847,13.6683721110945,11.4326142602605,12.0411107049851,12.5458012512373,7.46554591895925,8.03144748682769,18.7600108110597,19.3848766024358,12.1351200531845,12.6629407052049,13.7518874941798,9.66292046258752,11.1988424090295,12.7754371438985,11.6789594231621,13.4741974005308,10.0086902286222,13.0430473480867,10.7653591336433,9.93549634454153,7.482437126695,13.5543952284068,14.83358279706,12.1405727326009,9.61346586781806,12.0957284854915,7.13416282450573,7.8867327769811,15.1306607289661,15.9586738602567,18.185674215193,19.0025839057643,19.5808463617126,17.4196163212532,18.9727869632484,18.902603137146,17.743450705263,17.3272863692182,18.6696204046822,17.9305510605296,18.3495619602897,17.2767691777583,15.0979838556648,17.8496157749891,21.0989333947639,15.3885096239692,14.9198375456646,16.3632001278383,18.1151999011668,17.4187594865009,19.3547136974695,12.212740855901,14.051328198608,19.6741368415848,13.9491353943155,15.2916645802458,15.4820967395864,16.3445160824865,17.9512852728463,14.7884911574977,19.6772672164873,17.0820865150337,17.0320227244129,14.950121167124,15.5394005873893,18.4148904980842,15.7146540911331,15.7783035075898,15.0969390911114,16.0720260501958,15.6285303741328,17.8759996586326,18.8892050769039,21.045647476633,20.888632432965,22.9932894219035,21.3106402839069,21.8116286090428,18.6438862216064,20.6222723089239,20.4749653294746,18.8423163085074,16.8342996882292,17.3794557943605,17.3317827224581,23.836083813752,22.4503500889051,23.076113956352,19.1197298521405,22.356089485597,21.8933206974876,20.8386194535693,19.0596005731172,15.8987827455329,16.5174708840585,6.41669780461178,7.53406361446365,5.99706524481933,5.29504858399018,5.54005300915567,6.53589570705727,6.90672495154285,7.89147465592832,8.10411556770149,18.1984535316282,15.8881168979867,14.9470731624907,9.82092659469874,10.5316904642084,7.52467556677545,4.67363343374728,4.37368793695216,4.22982811899394,5.47760930386332,7.26480158484155,11.1860695399877,9.36796686269668,10.4737072147975,11.4833991050946,5.87199085304067,7.07172450704541,14.7933470616486,14.9072748231378,4.74368220105409,5.58005013737153,5.46709880247754,4.87411816916532,4.74681134531785,5.70920980054276,5.41268262775346,6.19856330495023,4.58617338616006,3.73600944671402,1.8180798159931,0.0,3.71488189068923,4.38726724420969,6.19209497512901,2.65509016305463,2.46503759017818,3.70897879915527,3.51427389023228,5.76974653561004,8.39165732084597,10.8980791348592,10.2130820544397,11.058906874062,12.0262406365573,10.0926613883207,11.6923258109048,11.3711141633957,9.30720262707033,9.65085581084976,11.3552217971466,9.63885400655678,10.5695714242213,9.43454625899471,8.14636676100901,14.8389949465148,14.7835944809016,7.7049307100501,7.31790886922958,9.7602685400215,13.6703764713206,14.0165785287146,12.5436904761245,6.89353737300614,7.1326706378145,14.3831129774688,10.3641559159551,13.1899795772064,8.30076425277541,9.92283198453985,12.120429215249,14.0436984871008,13.2483182943493,9.88415998795672,10.7922934969239,10.3959244478817,7.30860473990615,15.068386303999,8.48141185130067,7.86170779260661,7.74131381696472,7.47212495109058,7.22625069806927,11.0699541079774,13.5966421793209,15.5371181166494,14.9300017312054,17.6215209243093,16.6768378130163,17.0060353494363,15.3009745462012,16.5385316037107,16.4833073584548,12.0280709865097,10.6420560978468,9.87497443823448,10.3795677569612,21.9050060419302,19.8001898933954,18.6510918821373,15.6182897468215,17.2586797114164,15.9968169905928,14.5231926424497,17.1331112949736,14.5030339621698,12.5299534464278
155,11.4575451588695,10.1868191467552,9.89585822427583,10.5846850303913,10.0308417575728,9.26767412963943,9.70441421106602,9.34546726240043,9.78646632891711,19.804529085283,14.5010560103692,14.3806737783197,8.35692376425052,8.95252731639504,5.74477610624073,5.23013600534394,4.20181786627785,3.67531725145282,3.78128298254088,8.38092598252512,11.3169561158435,9.04256616754923,9.82048667060108,9.80159127147049,7.27794888200643,8.40073643439829,18.2341895579597,18.7227904146889,9.02252919531855,9.57659142506159,12.1007210549324,8.63958036726544,9.94823522258497,11.5912235916341,10.6764136101889,12.1892670147191,6.61568728370418,10.4385645025651,7.87432389433094,7.38174409241775,4.21777618132882,11.4300974145769,13.0336298966878,9.74922741707886,7.80499263672524,10.2923385615071,5.2112342967379,7.3937494262235,13.6906650639623,12.8674970564027,15.5977024044915,16.9335517622342,17.0444522500326,14.8813822763952,16.8987711511361,16.5803952580511,15.3974850458678,15.2349754771931,17.0918708962973,15.9211259081418,16.7013159567539,15.4878411354019,13.3986428357633,17.6107407291235,18.9046565529538,13.4015733819769,13.4302659212617,14.7968521725538,15.1744913079464,14.5486336304169,16.6999502725871,11.2776201103026,12.7490019478117,16.7764514269695,10.8046964739707,12.4187063440326,12.3843467952331,13.328442254169,14.9753592787055,12.5405796220422,17.7106286220935,15.6091636238744,15.8798669618688,14.3405739891661,13.8491990398729,16.3204906864895,13.3363583683326,12.9859830978814,12.4919526197237,13.9581888298931,13.2772676492185,16.6229056255066,18.0483836015965,19.8505044563792,19.2270973943047,21.1757348426472,20.3283184025669,20.3702538118207,17.6132127592256,19.6875402448979,19.1830832451776,17.1045417405126,15.9054354309591,15.4271470572963,14.5410547354115,21.949372160362,20.3254625245762,20.9182214636663,16.3145185455006,20.2346367297698,19.3920601577834,18.2161505522452,16.5318223644997,13.2283159630838,13.5518716585668,7.76273109469661,9.15544104541607,8.25240108261222,8.26849147197872,8.03583586669597,8.14982248650377,8.61339406793111,8.91759263776149,9.34253344854225,17.8951903964788,14.1708655972188,13.7562560438334,7.86858765291358,8.43115046240105,4.79834953483614,4.32948764224497,2.93087233021104,1.99534728490467,2.33616586782401,7.99064668071116,10.4051980515701,8.08009722563841,9.02504903580259,9.17388663604764,6.57311168150101,8.01509991581131,16.6183272431667,16.8496151748124,5.41188925267805,6.04208902909152,9.10220854793258,6.7681601096542,7.47839238952925,9.05309751221576,8.58815658489826,9.49420934499729,3.29697493779563,6.62555279425408,3.90190941297799,3.71488189068923,0.0,7.88658817024121,9.64777815640269,6.16143141963791,5.06648386879147,7.28420060345806,3.26228754205821,6.49857528048981,10.8549112135985,10.349278546957,12.1895058249656,13.5895767552604,13.7975447742299,11.7577569119807,13.8720057533422,13.4173617650213,11.7591920792207,11.9932258489107,14.0641885046306,12.4511442367147,13.4574000081223,12.2139987823509,10.5607089403568,16.3499217665101,16.1850773333639,10.1707345617053,10.4089877588399,12.0587891895472,13.017795169464,12.8559881571299,13.6347392173436,9.15852463304004,10.0628362012711,14.3049251026508,8.92538197048583,11.3977590654169,8.96506777762122,10.2837125328046,12.208223909797,12.2007334149668,15.005291574675,12.5856010659455,13.3146688296396,12.5451883919301,10.5983355418033,14.7676969271928,10.1731885796304,9.42160269233578,9.14890732856902,10.3696830775065,9.61704093880105,13.8260680552267,15.8643701123023,17.5027593591599,16.730838449506,18.7788340022707,18.3698938909182,18.2099058479397,16.100521637437,17.8275160165459,17.4682335165308,14.2607059607271,13.3600219439059,12.2025695963285,11.3897277406346,21.0461507535069,19.1207816853182,18.9257336791877,14.6686042389369,17.8970807622086,16.8174838197693,15.3987256168053,15.6291108468302,12.5593998736923,11.5555034150788
156,17.4328814413645,12.4748066907109,12.5047992773477,13.9827095882932,12.991935947879,11.0034563956097,11.3442626895365,10.0818342581309,10.4913539734419,24.5846559339998,18.2035406372506,17.5697176570821,12.9714015533843,13.9091912532634,12.1472535050757,9.44454529890235,9.66655532525977,9.96126297822855,10.757149083522,9.61554429598081,15.715856484698,13.689143358968,14.0292887208015,15.0881003276277,9.99731026873256,9.77763567215177,19.1087228773628,19.8539874846981,15.4970832745188,15.9152953947759,16.5183078259675,12.7686290244499,14.218523350106,15.3951636277156,14.1781502668067,15.7420922663126,13.6614665363337,16.2355801732187,14.3250018693703,13.5228441169952,11.4781549568971,16.4928984218459,17.4214063933437,15.3853977447169,13.0256057769444,15.1768847886602,10.8892862995097,10.9204782204058,16.917620106858,18.7920788827758,20.7668062926838,21.1609519709661,21.9870430794585,19.8893442962552,21.0015724687559,21.1739056706199,20.2252467969529,19.5191521112907,20.4206738336084,20.1823464304158,20.2609789741484,19.3253407232495,17.1241665217089,17.84958610584,22.9236300080757,17.6668843637371,17.044465453737,18.0805873680726,20.6492723757217,19.863627897175,21.7424375175646,13.9060413720645,16.0467132526159,22.1468822264207,16.885005146921,17.8345419419537,18.5501389663585,19.1859398220095,20.6182700816722,16.5965171007399,21.4148955497048,18.8212033293461,18.4106235145703,15.9078150833182,17.8885818727354,19.9103604555075,18.1196445912139,18.6320556285137,17.7483901887812,18.5718038802059,18.2343750427442,19.3853381453223,19.7186592351196,21.9530565198568,22.2412177923234,24.2394025366789,21.8884345541312,22.6941880841543,19.1276110051669,21.0564400494355,21.1886871965607,20.534721272068,18.1317514647847,19.4157540998408,19.9499768527826,24.821869985236,23.7832744538281,24.5339576180022,21.4251021300587,23.862513767704,23.9157210652228,23.0668192153515,21.0182189442858,18.1821893648772,19.1274519032812,5.77816638144802,8.81345163070364,6.46790009680431,3.77839746223905,4.64432279641154,6.73056262340336,7.45692146072594,8.43334658900482,8.92438891027846,17.7123916717135,17.0378493161723,15.5123516061157,11.7430253586019,12.5442192549895,10.5296796082179,7.40439707435968,7.7574739004889,7.98479066109645,9.08898667774143,8.13439156229452,11.6773426262613,10.6761953100575,11.7808352411367,13.6902657070256,8.13176491428873,8.48993983201925,12.0774218637652,11.9990306761252,5.83351648142393,6.41309832157589,2.55484469437268,6.90306205180589,5.68628482923256,4.38396324982683,4.32988155479738,3.10241638023597,7.46403699178772,2.34578538017897,4.36182543767465,4.38726724420969,7.88658817024121,0.0,1.93749843051392,1.7955328841816,5.08583607817744,2.94801453954133,7.43930784933785,8.48408594038954,5.30805779202077,11.4353995920409,7.58541977878817,7.46024620193329,9.43688564765699,7.81990024124318,8.47123310461709,8.40767375786025,6.04711154921027,6.40979869563907,7.52557052836908,5.77169326724408,6.56768305739062,5.62136513463069,5.06758162622548,12.5842578257189,12.3226555219854,4.58105183777393,3.55505666197168,6.61896394958433,13.9699252243328,14.8353217616026,10.7830875521078,5.14327552572917,3.88680139104486,13.9483840889776,11.9141234105928,14.771239230805,7.98376341607103,9.54493648722053,11.7507601468308,15.4691550256823,10.4237633123172,6.21931145844779,7.37890708814731,7.89421886780129,3.11970438355868,14.6014885981545,6.40948505699139,6.31832118535189,6.32423237106598,3.70202834872265,4.39784138007143,7.32901857903702,10.3670964163097,12.3857584862981,11.9388473907392,15.2476953993847,13.8102256325002,14.6073059815214,13.5465947313351,14.1364312015736,14.3813449538723,8.70470433725276,7.21332046994386,6.6154029942654,9.03816263826957,21.7385044975739,19.5335396825115,17.3044848433039,16.0648494939503,15.5418077820989,14.2312627727291,12.8345957273068,18.0710870957859,16.123435142803,13.2823767646535
157,18.5353360676092,13.1282802889038,13.1130447897631,14.6017758232214,13.5526184560514,11.4215654664127,11.7796554343911,10.3388767379308,10.7875602434932,25.5408477766863,19.2037213440501,18.3621554480909,14.1677756415125,15.1847449477962,13.649194912131,10.5251137088898,10.9531770703571,11.3690789184512,12.2900950768639,10.0282385367441,16.6953838319669,14.7833494417289,15.0753436914461,16.4660293599512,10.8382512869928,10.3050920692207,18.9251743171005,19.715464772404,16.7622937851488,17.1505941833463,17.2884698893741,13.762553392379,15.1335053491545,16.102481365052,14.859963734759,16.3141911425878,15.1151367399362,17.298166586751,15.5926635885183,14.7640506469478,13.0110176832438,17.3837317984683,18.1266927835978,16.4429693841369,14.1526687871867,16.1133473048263,12.2259414218387,11.9499948333117,17.3519290470597,20.0218958723523,21.612511088781,21.7413523433462,22.7716785701748,20.7263405270351,21.5708219563654,21.867247946346,20.9744217987499,20.1522498628746,20.7862091489804,20.7819682712359,20.6838664227372,19.8398240282935,17.6726505364977,17.5537822587758,23.5030925418558,18.3304971489289,17.5670635942951,18.5025187926545,21.8037066438371,21.0611182573293,22.603080983672,14.3193103827779,16.5282239852654,23.2054051107939,18.24537270734,19.1558039536544,19.7235480645807,20.3142488993205,21.720484305583,17.6999759372303,21.9064536463839,19.1952797422332,18.6310233858109,15.975589637628,18.4907058319054,20.6211589599504,18.9293348720706,19.6396438522611,18.6841863142803,19.2912579237794,19.0532840085365,19.6337991434232,19.7010150184097,22.022663992062,22.5476256833561,24.5950315784936,21.8421008733083,22.8792099638584,19.2143717661598,21.0102683266391,21.3428918354425,20.943793452155,18.2828589407707,19.9793999488939,20.9251156054073,25.4453122457549,24.5068953943597,25.1348436757711,22.5565857858144,24.421700536601,24.6683734305025,23.8957177197399,22.1263111630373,19.4608619395869,20.3425405993103,6.90398899154119,9.31416438853844,6.82574075837215,3.74223824851288,4.68346702450047,6.89210309358138,7.67647606373755,8.56688618788894,9.12022561236122,18.2529543111383,17.9879866525425,16.2035290825257,12.9411285888762,13.8197100867618,12.1003079095514,8.54486361146775,9.14686263354747,9.51637185897664,10.7238349227887,8.46388738422608,12.4865540166126,11.7333370224146,12.790851966251,15.0777054615442,8.98736853979302,8.97276690155516,10.8511411992972,10.7128248746844,7.40165023746236,7.86525793445277,2.46293202330344,7.91934350034948,6.53831478270389,4.49770908622613,4.46997698747002,2.17808702122143,9.20840440139571,3.99869587132843,6.22361673494901,6.19209497512901,9.64777815640269,1.93749843051392,0.0,3.70395326962452,6.50367914198418,3.9766922757125,8.96079782083657,9.54654940899701,4.3635781787521,12.5413574128168,7.55016710592402,6.58583134178859,9.26855490943861,7.86114827627051,7.74848414195051,7.98372919084407,5.67348597072779,5.80316343061892,6.12701993037553,4.74061011282892,5.11242180662613,4.41812426223873,4.35921811456939,11.5209096121593,11.946243271132,4.12678991674736,2.07398927158252,5.66464370924298,14.905496046033,15.8948421971295,10.9729084330906,4.70648932384152,2.71470840043356,14.6307346855528,13.2691781913162,16.042269418638,9.03161243159674,10.4290254835878,12.5448974508011,16.5425955679394,9.8076257149119,4.8484846866073,5.99467984402893,6.77555704668382,1.36429351317196,14.9875975298229,6.59376450500649,6.97158897779958,6.91259992663587,3.07333596347935,4.49463199570338,5.75078779920982,8.94766296859481,11.1961497740098,11.058904495788,14.7121210212806,12.7002011435339,13.9262552730099,13.0291442159413,13.2723139690504,13.7967304136432,7.69345781125381,5.63174186450435,5.85601908254236,9.5338602189647,22.1430221322683,19.9743050952626,17.3282506736196,16.9768330329129,15.4075382462714,14.2462392852078,12.9649978377957,19.0624881451298,17.3590778610168,14.3598694924242
158,16.2253093722513,11.7223715212174,11.765509540551,13.1995143753271,12.280043244963,10.467684860788,10.7886608992505,9.72537076501443,10.0943896501254,23.6252774419548,17.3334706103247,16.8540427621231,11.8652833432043,12.7360834548069,10.6999003143048,8.31951941572563,8.34196468149178,8.51917243480637,9.22923041451425,9.1309341087545,14.7574643247944,12.6340049163152,13.050138981706,13.8354965779565,9.09473279444077,9.18061399958167,19.0621536068669,19.7601902680151,14.157258043895,14.6081636897717,15.5664371243742,11.6757952625595,13.1710055985919,14.5152914441909,13.336340803616,14.9800377252653,12.1742558915279,15.0390990319494,12.9616265188181,12.1798968716801,9.90691607904016,15.4373784725489,16.5238187587836,14.1909043675427,11.7910831440781,14.0885304303923,9.49124911067493,9.83638479827959,16.295675259498,17.556142187488,19.7743275499893,20.3841551742982,21.0550566619249,18.921821982143,20.2522809561594,20.3156603449149,19.30392096187,18.7110884515296,19.8326280336648,19.3827805001729,19.6158567479246,18.6085539357738,16.3981752320821,17.9283734737169,22.2017180791018,16.8334274031983,16.3220272177005,17.4721332264448,19.5069717257899,18.7185581184067,20.7739730598977,13.3271792907088,15.3721836760026,21.06257260309,15.565253458185,16.6107103659142,17.3020943892538,18.0001271408288,19.4762860605017,15.62682231172,20.7568638119116,18.2349510596099,17.9704225527457,15.6316796596246,17.0835530694411,19.1906505610473,17.1815954682987,17.5098303301952,16.7007948351995,17.6701568889897,17.2591732374711,18.905755546048,19.4975919419278,21.6658590653004,21.7484415361634,23.7388479466766,21.7221881452937,22.351098754177,18.9167257978188,20.9185421499801,20.8958955407679,19.9308793450222,17.7462925527435,18.67206515256,18.8829046618604,24.2492482646476,23.0899910315597,23.8714565516849,20.3394071619822,23.2108389934953,23.0679649827681,22.1425647842184,20.0158705479546,17.0319201014826,17.9412763081272,5.35981256151713,8.36993636913444,6.26167627929378,4.24206508985149,4.87728811794285,6.62957864378891,7.2730706655318,8.25803627714936,8.68445541070811,17.5275942236064,16.282833869788,15.0051942033077,10.699888202428,11.4455084984256,9.08398121011354,6.2825956418975,6.37552813312769,6.4592732519382,7.5078699353259,7.79076496733885,11.1326286023683,9.82957915459444,10.9589495390174,12.4998720286085,7.28922041500766,7.99011606065703,13.177765941622,13.1709486824723,4.71868577373395,5.44029911698818,3.58326113390441,6.05603279579939,5.16050538525187,4.77401305448664,4.62868906730412,4.33428413077689,5.92286981301481,1.76893927481693,2.67488455547117,2.65509016305463,6.16143141963791,1.7955328841816,3.70395326962452,0.0,3.87063572636821,2.74953531939014,5.93933694975918,7.46562093280494,6.44276886787327,10.7486682288567,8.24429387604395,8.70725464445546,10.1176796964473,8.33676603528765,9.54015628185958,9.29768398460806,7.04515249304869,7.46755340277877,9.00521694171811,7.17545221641533,8.1251119740539,7.05494047354186,6.12876127206312,13.506278468809,13.0274799439182,5.58745018770744,5.07551080396147,7.75625918093395,13.4215560832159,14.1084241481457,11.0826540234939,5.75136150254147,5.17224070960548,13.6921370135757,10.8771438549204,13.7736808370742,7.5288703031061,9.18314942915926,11.4295412786002,14.5956512360084,11.3259174945547,7.64799411001269,8.7323550857363,8.91585206230602,4.83824426295272,14.4730163742381,6.82174914105334,6.38400917093329,6.37675285000986,5.01866544452112,5.12687261632319,8.83965111376101,11.675492810001,13.5821168180169,12.9779126232002,15.9810718307189,14.8983470590222,15.4042070061946,14.1157269709024,15.007526454028,15.0634544252942,9.89895394963395,8.64117335582865,7.72493164874309,9.1022870797779,21.5277711925367,19.3325674279831,17.5461394982352,15.4926532722702,15.9443325471481,14.5923404982318,13.132798948107,17.3487092079258,15.1350796069225,12.5603833439142
159,14.8863019547948,8.30247615554582,8.80840487180907,10.8428057717974,10.1555434346131,8.54712679805565,8.2156847832401,8.07837424296812,7.65074390204825,24.0433926882138,18.631913279265,18.0581863239517,12.4655630703849,13.3459660006568,10.4627861607308,6.5184381170753,6.61469749430423,6.78410973188811,8.22958362115683,7.7074043140625,15.1465420436635,12.9325141676672,13.6915393612403,14.4694888498639,6.06001567129671,6.59936309261149,18.7763155285079,19.4205603035848,12.7645371161445,13.377697013382,12.8910005279897,8.24546576808244,9.89503022719628,11.5807229144426,10.4994915885459,12.6962006357343,10.8626823656609,13.033838333544,10.9072949264597,9.70986561335554,7.94810165092285,13.1371816474032,14.2687875536926,11.8569322796725,8.76296602381636,11.2587898734198,6.53685251134937,6.28436906843266,15.0077287619904,17.3081975482561,18.6428487135857,19.1027046779616,20.1366610960164,18.0075528763126,19.2721757011935,19.2957358335374,17.9386703145655,17.5290349981163,18.5279765400433,17.8695064156892,18.1307527009333,17.1755128480151,15.0658333350562,17.9383770352499,21.8450083648982,15.4440345549376,14.4553670142122,16.4280474411373,19.6269640730614,19.1098374988526,20.2129894612861,11.7979556742121,13.5590299333074,21.0278522945424,15.4989856892544,17.1300712061679,16.3319362163539,17.3889242511468,19.1708516587628,16.7734566134444,20.185161824425,16.9015489476965,16.8211183209923,14.6329357702246,15.0415676181071,19.8850868552746,16.2317223539922,16.3468174729836,15.6913463345853,15.9760701357909,15.8019130244946,17.5866791545353,18.761621256001,21.288234696206,21.340158615427,23.841985861759,21.6434756268976,22.5530233392952,19.4705276181742,21.1474341088618,21.2953362655674,19.0455671501293,16.3916940188593,17.5609710646392,18.2004532322279,25.6646762665425,24.1784524694519,24.3961229902097,20.8144054207633,23.4894215237572,22.9546178197601,21.8465492905425,20.9982027431463,17.8659056458474,18.0790220886096,8.67548813634396,5.17296182045093,4.01469320646627,4.57678865955348,4.93086088424679,5.66649714056894,5.27774557135077,6.97913060401031,6.46443311169409,20.5546467148961,18.0508870322461,17.0038067447146,11.7834724372115,12.6032207042097,9.44561873924077,4.72316451137732,4.99190402923471,5.1012237893398,7.03702413414352,6.68804711252932,13.3184472554202,11.4086319432086,12.4842383623934,13.6319269558449,4.20347275679698,5.52702563028477,15.2953867897437,15.4583373911566,7.17606165373332,8.00220860052969,4.9260202475373,2.43037949355205,2.45708265696068,4.21629105293828,3.95327555072732,5.84908160631034,6.88115028775131,5.50082075439921,4.26234491906845,2.46503759017818,5.06648386879147,5.08583607817744,6.50367914198418,3.87063572636821,0.0,2.86968475710458,2.91660118431194,3.71149473341962,9.16085222499407,13.3316288633604,12.0388659400598,12.3519745577289,13.8793286665727,11.9805331430029,13.1315575556051,13.0191948528469,10.8263151887093,11.0479779373003,12.1721529149947,10.7257993434745,11.3363022741325,10.3611654662751,9.19317321041993,15.2720041239317,16.5878205761006,8.95952761590438,7.65747038356469,10.7458931473058,16.0880456086237,16.4128651936929,14.6498553339623,6.96170882225764,7.32322645407226,16.7599889308313,12.7431634770009,15.5123063903024,10.6664979610791,12.2851699454777,14.5028594350213,16.2042432015953,14.8090738420466,10.58555233903,11.3597236870885,10.539599301233,7.70910180113903,17.1773694790537,10.3176204183923,9.955504693608,9.78714454993366,8.60302968759143,8.81690965492502,11.5545911391513,14.0806512138251,16.5040856987193,16.2879547189455,19.315734543235,17.6478830989351,18.478966593499,16.6032823324122,17.6676791817347,17.93870059132,13.1960984287519,10.7869453358568,11.1541723881986,12.56741822019,24.0674933186575,22.0189563171498,20.731393148932,18.0175321541944,19.2311298257512,18.0909864810398,16.6544566383056,19.4669810577104,16.7846335341141,14.9342230960589
160,17.0254830099311,10.1258395147152,10.6025732061911,12.6511179131299,11.8063352686718,9.85098006817427,9.64433201292756,9.02930580295118,8.76129995575086,25.491979237923,19.6250883492583,18.9520727076926,13.8178820992533,14.7663733917284,12.3587180758597,8.53420948809067,8.84246332568885,9.14201174554321,10.4269258475173,8.79065661317316,16.505170673342,14.3665457183247,14.949799129332,15.9543287243319,8.07948721442367,8.03705206473117,19.3275599065727,20.0524313501182,15.0253921532859,15.5659181772729,15.008156164332,10.6291066562801,12.2039428230395,13.6223395381909,12.4631392656249,14.4885650058899,13.2009566656676,15.3169688127592,13.3611364220575,12.2407108048545,10.5250479336194,15.3219699219646,16.2547795871895,14.2050382436461,11.2848635182817,13.5705629269615,9.23001130161542,8.66414467108211,16.455298986031,19.1628928998921,20.5347537255854,20.7862050748523,21.9208585516414,19.8105242502755,20.8568887682857,21.0159775206398,19.8011828768439,19.2129049034033,19.9773666275367,19.6193239100043,19.6840641610807,18.7997288114364,16.6553066052952,18.2564375566129,23.2681566699835,17.1830101273506,16.1417807105788,17.8258056213133,21.2994314990063,20.6799606156731,21.9413358002706,13.1810444749762,15.1594166200648,22.7157204956535,17.3312779855982,18.6833302889783,18.4192941509273,19.3191740087219,20.9819271805847,17.8807639781049,21.5752312165556,18.3369806893608,18.0295279374363,15.5582666295771,16.8755362584558,20.9812580913949,17.9927145390531,18.3644743050263,17.5810148789575,17.8711418691187,17.7280900366833,18.8879010253175,19.6273922453742,22.1967513550147,22.5078705357493,24.9148850643553,22.3407073108463,23.4094755269419,20.0529938089274,21.7377582042775,22.0322619380286,20.4327014695953,17.557445199667,19.1522717653709,20.0452703913953,26.4245074721324,25.1555136131096,25.5293974336948,22.3230355258312,24.677052906255,24.454323221111,23.4681310618197,22.2456791560338,19.2455698075916,19.7647952070844,8.09158861991354,6.14535610373513,4.21453584799515,3.1355213839964,4.15323427597904,5.83961871931775,5.70415873343537,7.49207425102346,7.17127155514901,20.2225188367591,18.7475043065597,17.3933166174403,12.8702733109614,13.7185466127868,11.0468509351677,6.54610356009134,7.06894730711745,7.31489148763857,9.00130678153966,7.41236537314513,13.5893421510572,12.1220599843558,13.2337406271956,14.8341247636466,6.06696042995956,6.69965518420036,13.8337663813305,13.8732308946888,7.36994276610338,8.12705652813313,2.09372341014073,4.14323403853293,2.76513289083091,2.1848943099928,2.31054165610414,3.57324617049955,8.08817959178665,4.45062387012675,4.84358387115953,3.70897879915527,7.28420060345806,2.94801453954133,3.9766922757125,2.74953531939014,2.86968475710458,0.0,5.71847081394826,5.9773192431996,7.47221659800207,13.4729953658518,10.5075376386633,10.3148310224181,12.3665875566963,10.6793980092921,11.3290920766543,11.3369848386661,8.99123227903407,9.26470654800314,9.99940612821895,8.55230137967117,9.04900462630291,8.23782676146138,7.53647230983833,14.1081772212195,15.1935518252881,7.28836780584885,5.46090025657249,9.03863537696613,16.1500311339856,16.790427811298,13.5901743804306,5.89884132891437,5.3737123175253,16.4122134974014,13.4599205484398,16.3311256831972,10.27323004811,11.9155001546742,14.1612021993337,17.0315229006483,13.2397480229267,8.5290441817982,9.44094040965349,9.13763032260692,5.26974862496778,16.9487518619104,9.1569431604561,8.98326940981974,8.92661513027586,6.56278188447396,7.27315054078824,9.40631058408618,12.2744862786401,14.766811569488,14.6331728832906,18.0076555779854,16.09763483338,17.1941803976726,15.7405160483783,16.4126171050985,16.8458854797323,11.356547119563,8.77703708587376,9.37131472928542,11.7167192971151,24.0425604415012,21.9027502233832,19.9863198878213,18.200999013936,18.2797027676444,17.052675099783,15.6414416394258,19.9814246052649,17.6648148679546,15.2497723308394
161,12.4004369471902,7.32984481242279,7.5361899180139,9.15147915208061,8.64543385022717,7.59653431388724,7.37911450281348,7.58995858172157,7.30006776169495,22.0915622496539,17.2504527638607,16.7450205857399,10.8644722186238,11.6635794883095,8.38566810975725,4.60820730256647,4.31695434933336,4.27485153285542,5.87584716206842,7.00582308404687,13.4158942766976,11.1970891620623,12.1232170396928,12.7293480211002,4.75329494049941,5.96107806325102,17.9414134178898,18.4863224757057,10.1797251063653,10.850297754319,10.812515378722,6.32669735645914,7.91412316475652,9.76388374256142,8.79505451507489,10.9350076479964,8.24094832734287,10.5123995647437,8.20708534348292,7.0222241223411,5.15070827692987,10.8244928996089,12.192186828151,9.35195801632086,6.33516055939555,8.9989908409576,3.83018811307385,4.64857026571181,13.3593703008463,15.0517810291989,16.3656478534045,17.0896014686565,17.9360567256871,15.8077993756988,17.3177726320782,17.1899853942283,15.7413512296588,15.5159350397228,16.8143175955286,15.8405439875336,16.3364904966209,15.2941769794757,13.2440995522848,17.3448405818955,19.9568092921307,13.4375699641054,12.6586268301363,14.7576548086599,17.5200016516747,17.1300217831982,18.035359345631,10.4015577369431,11.8853706147635,18.875496895427,13.3260320239274,15.2392794566812,13.8577710711319,15.0457475433857,16.9202309172931,15.3244877056288,18.3805466330447,15.2394588120083,15.4041368501804,13.5977708885118,13.0879968555802,18.3140651415986,14.1082252955256,13.9579736113923,13.4358808806823,13.833396450369,13.5716404508701,16.0785323836728,17.6379949858486,19.9993799451835,19.7523566809225,22.2661929442586,20.5465013307979,21.2208618113988,18.4566048270068,20.1347655858542,20.0928136834443,17.3120356418187,15.0909104912941,15.6458990564947,15.9326936959333,24.3663747260351,22.6790986210933,22.7275606191217,18.8654188000563,21.7832237755656,20.9563500885268,19.7455825851413,19.3318974630356,16.1509069383522,15.9892291870908,9.53460099290321,5.96920226883553,5.54013992913612,6.66478814102916,6.49769676484318,6.35086019266985,6.08227487362538,7.10640840571016,6.76286113171871,20.579575602225,17.0115123135095,16.2629646824283,10.5292994803198,11.3157419332138,7.83700985555401,3.45449438408208,3.16530630110117,3.04270489723412,5.15868340141479,6.53665304812226,12.8539430587016,10.5751045997056,11.5453246647292,12.2667334243773,3.71163208472,5.45561316533633,16.4690414270243,16.741573304007,7.50816078627347,8.27088860631508,7.71010229173308,3.73898818243788,4.86389659639281,6.94035177246687,6.46928143033063,8.22106732829302,6.17512826122416,7.16581770097646,4.96323627531301,3.51427389023228,3.26228754205821,7.43930784933785,8.96079782083657,5.93933694975918,2.91660118431194,5.71847081394826,0.0,3.2429739408711,10.7712148348819,13.1588033735078,13.4726337723261,14.1748289460234,15.2136149204371,13.1688531480018,14.6960690143417,14.5065467195619,12.5548051220309,12.673222425885,14.0958397361236,12.7219220565607,13.3973547850973,12.302683776405,10.7724704222212,16.1675286823933,17.6713145498534,10.5813407987613,9.79368323448483,12.2818246328271,15.8664087421117,15.8496968046206,15.5339269742368,8.31092061418662,9.30444342959565,16.9220620343227,12.0029453548087,14.5245960588637,11.2004595470868,12.6609794654592,14.7509370151042,15.0898004962059,16.0868959795166,12.4524246191927,13.0790803367641,11.8831925567663,10.0363488244953,17.0719829167174,11.4415435039129,11.0147563686701,10.7064126661721,10.582997778529,10.3898975753065,13.4841921698299,15.6190573195987,17.8823085513555,17.592401785346,20.2177326515941,18.812927875025,19.3537245460605,17.0929699030337,18.5283715319043,18.6273592945173,14.7665822873608,12.653109522666,12.756922104239,13.354797185869,23.6220827207947,21.7177614859214,21.0751948849022,17.598189629283,19.8020431822335,18.8285933733302,17.4237529847034,18.6501871260945,15.6763702671783,14.4870207590991
162,13.8009018787846,4.77635062441099,5.80307811664795,8.46895424178246,8.09204318106948,6.87431140261429,5.746252569477,6.79170911326148,5.45014953995074,24.4004942069046,20.023908063113,19.2177890925911,13.5539703432412,14.4697115268676,11.2226321161549,5.80871408291367,6.19637251367062,6.47711972588749,8.5768864309895,6.79390958307116,15.7282809887545,13.6231544728165,14.6338784178781,15.671308814262,3.38788775946877,4.42759488390344,17.9969074887882,18.5750403980397,11.8970748325363,12.614203539,10.1319385814472,4.90194033192453,6.62504506099584,8.52326551953606,7.58510683365332,10.2833802180757,10.4551807460646,11.2726544338007,9.44718161711265,7.83081870027499,7.34908326376056,10.8881846409099,11.8991947542291,9.77737699510728,6.10035291377116,8.50408491688832,4.6189586010753,2.86996669212177,13.5341331837926,17.3762487299396,17.4391707606057,17.5653642720711,19.074618088481,17.0453808234072,18.0400130733718,18.0921791729325,16.4445776203739,16.1721325801866,16.8788103081918,16.1318104783103,16.3280204611535,15.5000560544468,13.5961760447547,17.4654398555528,21.1999581064225,13.9593741479294,12.4131518778517,15.149259435415,19.9324454103909,19.7441806057482,19.5717235457434,10.2387795876126,11.5982972545932,21.0588218291852,15.9504436156411,18.0690144136729,15.6387578720088,16.989081919145,19.0074701081631,18.1415212002956,19.3120482425665,15.2771779008343,15.3359780849392,13.36120588466,12.8233155386229,20.437526079639,15.2770211708195,15.3070907322565,14.7852034881422,14.173950334459,14.3278759348124,15.9058793755303,17.5649724711841,20.4092355441949,20.5189870289878,23.5114095101948,21.021758729277,22.2750221706079,19.5905505554831,20.8489542461074,21.2349818676371,17.8388684695546,14.6850574294606,16.2399457070949,17.574405707351,26.7992601555427,25.0591087144577,24.6168922585744,21.4351690340568,23.450437609206,22.6405816938104,21.4182152970689,22.115759799235,19.0580457041187,18.5006592567173,12.0136399143846,2.99903658487892,3.86229650618845,6.5218159299626,6.41621794880447,5.86505583630932,4.51274757084864,6.37832311696348,4.90245774806025,23.400058877557,19.8840514393676,18.9000061515835,13.3509682385222,14.2688322191628,10.9238466690841,4.98654383913746,5.59379702235367,5.88204198284347,8.22585328667998,6.37828648443164,15.5349598019252,13.3172742759937,14.2688594126157,15.3499914868586,2.16692796247096,3.89136031605633,16.9050665303676,17.2212399955539,10.2792257214735,11.0631605172432,7.73685809268526,2.10197967390556,3.78987885409188,6.14739932663405,5.72205715696159,8.23702425060408,9.31648401745007,9.05440322537155,7.51467660823459,5.76974653561004,6.49857528048981,8.48408594038954,9.54654940899701,7.46562093280494,3.71149473341962,5.9773192431996,3.2429739408711,0.0,11.6604061573026,16.1421608140659,15.4267721509586,15.5162219122168,17.2026369681408,15.208151997685,16.1983774396117,16.2494902002904,14.1629627640385,14.1509887376808,14.9170311145142,13.8678986145411,14.1859149261922,13.2888820829728,11.9406442602694,16.5519249637893,19.6132344460228,11.9554973002979,10.3078897684356,13.3434218710883,18.8401953922635,18.9011693560303,17.869000491455,8.66935159053856,9.70078435647856,19.7411525742205,15.1326340141535,17.6487911954132,13.8977412225748,15.3949957760045,17.5534436572632,18.0124856468971,17.7331041537538,13.1979069563187,13.6612964121596,12.0595423670897,10.6104690234007,19.591427417083,13.4364701534263,13.2940805487494,12.9519993494596,11.8264475374686,12.0978666163673,13.9612364612866,16.0357747253185,18.8175555544107,18.9895323253564,22.0354094187778,19.7558237031653,20.9139059004525,18.5321743539303,19.6926245745363,20.1979480072206,15.967161940694,12.7895265667578,14.1101737928923,15.7955432778789,26.2687995907215,24.4122359998033,23.4535514680565,20.5999410838252,22.0086614857029,21.1695698524045,19.8082307044347,21.6807621388056,18.7764562787473,17.5133947177371
163,17.2851338723681,14.3669150302392,13.5839697830916,14.1125210994239,12.9219156386724,10.9172550223515,12.0188152837544,9.8012762464318,11.1817119317848,23.0119337282507,16.9142758183716,15.6163459147721,12.5883300728759,13.739555087481,13.1239963924664,10.4784390609793,11.0664392535526,11.6415471925208,12.3078049100556,9.31760198533199,14.5091003021678,12.987992768241,13.0709639461978,15.2460446699903,11.7263746847992,10.8444833478948,15.8202750324211,16.6206081420351,15.9529647665661,16.1557238092379,16.9766641116934,14.8331689377189,15.8340460271572,16.1982768628853,14.9389684674177,15.5552106665271,14.7955197740473,16.5742141721224,15.3491820998901,14.8977534197262,13.4965484241428,16.7361536448571,17.2467882951249,16.0685119795103,14.756086711906,16.1674754540148,13.2025435947058,13.3887651926145,15.4277062894435,18.3956150847946,19.6949543889409,19.6557125352519,20.5900834523325,18.6929639453732,19.2485753759304,19.6833362677342,19.1457765095763,18.1079808237192,18.6298426285316,18.9530029514397,18.7272484940936,17.9312041214416,15.8351696269051,14.2656117792055,20.7195078859833,16.5870419942689,16.2314276005068,16.2768028579591,19.8428831332664,19.1823226850816,20.3237058120007,12.915095290819,15.2075133994101,21.0369230646323,16.970214840973,17.6618560251848,18.3096581731903,18.6049819227352,19.7764254494812,15.6921437454813,19.2153098736488,17.157792435342,16.3997223162815,13.7770665618183,17.3063907350142,17.7071192621241,16.9749042078769,18.0621265479373,16.9535596985052,17.7988794944489,17.4728779024937,17.5124589456991,16.9717653420739,18.9131926723414,19.5734709072896,21.3139765429859,18.4797683175258,19.4432298111141,15.6317500807677,17.4710227038596,17.8242176270036,18.4500223853979,16.2710714970461,17.8276791631514,18.9521195896814,22.2662777590787,21.4991809180451,21.98389949153,20.4687470716224,21.3020063189108,21.9601146799271,21.3999294551479,20.0006484405287,17.8505625110015,18.5685314385719,7.00820431399316,11.5538025695246,8.84613172640859,5.56938002776764,5.50774857786829,7.03191289878138,8.75012523566048,8.22419780433922,9.84747143822538,16.10847221878,15.7374461852301,13.4456755159741,11.4192680022462,12.4610301789081,11.8111062769662,8.91248647261985,9.6200173577452,10.1895110096137,11.0383140856808,7.92864621830843,10.2047105688392,9.96172686852926,10.8134748330062,14.0106691934241,10.3599404422127,9.80748767008714,6.84077597468498,6.75543840806129,7.95836582542311,8.06173550991577,6.433559897227,10.6205760895851,9.67311739587652,7.89015748674464,7.35228731183737,4.63635065967108,9.87925655690705,5.96381212635858,7.93731115002456,8.39165732084597,10.8549112135985,5.30805779202077,4.3635781787521,6.44276886787327,9.16085222499407,7.47221659800207,10.7712148348819,11.6604061573026,0.0,11.5263012723342,6.44881095111465,4.88766322963928,7.60416353895556,6.09096450165915,5.25175232335683,6.04003222865221,4.79864697035253,3.70211042741376,3.64739611699893,3.75275495038667,3.46358701346358,2.58417871971855,1.14089652327854,7.47346348384327,9.11776554394461,2.22270556336215,2.54874398223236,1.74470468696662,13.4173292503095,14.3937378768074,9.11418512794634,3.51522904391766,2.54543247438369,12.9672467027832,12.4811394212911,14.8135550642593,8.64688454634534,9.41757135104941,11.2301829098382,14.5983162605313,6.71182909957647,1.96067144080766,2.48314932683685,3.56884715794715,3.3923568872135,12.0203515180919,4.78340146953857,6.36154728132632,5.70862100335703,3.2557765392993,3.90447303714772,3.09254338637072,5.29498276747042,7.36151354783293,7.53789049799074,11.2208020630035,8.63261709058765,10.0071573085993,8.76235118845299,9.01752188241431,9.71358964558826,4.40676795616532,3.19296715064481,3.13086333339174,8.15187897972812,19.0506517236847,17.0970898584359,14.2387642705844,15.2300561032545,12.233214155408,11.7844204323492,10.8183996230921,17.1484098722543,15.9311487441534,12.9917683630646
164,15.9321282753387,19.7046446580176,18.7485679495737,18.2810989225415,17.4159457567907,16.5458648656054,17.9778411077142,16.2730591950958,17.8765275480707,17.0796948901871,9.26987434599057,10.2385333896631,7.9240916832884,7.82334534132673,9.06422839801263,13.1616226390657,12.4092549241819,12.1405641639132,10.5368739857553,15.0556144517682,10.6685405927525,9.50912430810034,8.82269460355242,7.85563516122453,16.410341733113,16.7675824692273,20.6135670473439,21.06366492282,14.229362923918,14.1662859928778,20.1237107791123,18.392345620381,19.3573788142317,20.2434718019504,19.2512715256241,19.4944803825415,12.4392067265241,17.0150302870026,15.1697367505392,15.7514914375658,12.7748960605325,18.6379717363044,20.0057005786463,17.2815701541302,17.1031864260285,18.8327801289233,14.9848720749508,17.2862701742996,18.4993897082743,13.2929510622993,18.8743269686115,20.8426195656423,19.5116397817043,17.6732137513616,19.9670386471526,19.6001606369099,19.5484910629622,19.0907863959934,21.3993813315812,20.620287948884,21.4674402348529,20.1800994612126,18.2041862211671,19.5570730516034,19.7091910338455,18.174098194331,19.6058226413102,18.7365462503427,13.879294641788,12.3208252602218,17.9737299034002,17.2842068908425,18.9811766292274,15.8951027377536,11.0359850247197,10.0243964761509,15.3968846246186,15.0233778175588,15.3031008541259,8.15201117263682,19.5699133759677,20.2398008104127,20.2352062385163,18.9000327624645,20.2792833242374,13.8064006552561,16.654588305517,16.6795796210522,15.9861328546665,19.3362609438616,18.0245717464528,21.2435260400515,21.3479834013946,21.6599956116826,20.719551195067,20.6718699151872,21.4448282300881,20.0850045023279,17.0256775721497,20.0029134920628,18.5667235315917,20.1607296831923,20.9010636884121,19.1647481668297,16.4416431367492,16.2543380381457,15.6983691699,18.480670605507,13.5555882156737,18.8191603015768,18.9663302085111,18.4220711031669,11.8908300604986,9.46960567097124,12.4591888613753,5.73885228210977,18.0546153582492,16.0320737442158,13.8078881496026,13.6570732931322,14.5833734703296,16.1895956881058,15.5085184872237,17.1610419246435,7.69121612882428,7.24694156917113,7.10365878508998,6.20453651784901,5.64386524000045,7.25044610157325,12.291206036381,11.3440581093543,10.9742728442029,9.19141104945767,14.415395041305,4.4551990959469,5.34744649779148,5.63421349003232,5.60396014366818,15.5555829372418,16.200360450315,15.7740830250701,15.6978088511224,6.21574407118154,5.39385007540501,13.9688601369249,15.6972447488937,15.4800048391059,15.425642401707,15.0455949728047,13.7448495786452,7.12001353828314,9.22370613814754,9.12612417145809,10.8980791348592,10.349278546957,11.4353995920409,12.5413574128168,10.7486682288567,13.3316288633604,13.4729953658518,13.1588033735078,16.1421608140659,11.5263012723342,0.0,7.78163726341195,10.8166033871307,8.07183292515528,7.05147204786261,10.1766006498717,9.00723300815172,9.25481872747596,9.67041860094684,12.8472699969875,11.2037169888551,12.7455285895994,11.6031197860648,10.5369796762174,15.9984019098434,9.45414877598822,9.79099307502301,12.6364125649724,11.2202486579079,2.80786192047437,3.54680832195513,6.0936316312206,12.847779227561,12.8439398578959,4.13046101471922,2.70631760663478,4.39947328228752,3.73660543782084,2.62746724388884,2.52074346491858,6.06859279158059,10.064115859451,12.4825742306518,13.2937777309443,14.3274839431568,12.6226067233307,6.68125794945952,7.10946966107726,5.97216310712763,6.01729102150125,10.4591984865813,8.60379703475239,13.8539044478762,15.1846762924344,14.4101073884305,12.1177015268112,11.9287403684599,15.0849714360387,12.6675330659534,12.2180867556311,14.0912378455701,12.2851836231486,11.5219556338235,14.666289293403,10.1821676058487,4.72865156597936,12.2541930821,9.92759768582624,10.0254299809964,4.85708200414382,9.71912787874051,8.14347561874673,6.89091246012176,6.99116729706212,5.70099943557691,2.04590058275635
165,19.8087847045445,19.1379319491818,18.5052466619588,18.8736570251854,17.757704650668,16.0502436011343,17.2135069304993,15.1882343639372,16.5578446887659,22.95906521941,15.5581840502579,15.2638427849382,12.8841111440927,13.5379303941978,13.739989818642,14.0923816695742,14.034841337605,14.205491892307,13.8527936443162,14.3734655452731,15.367780681013,13.9643377916632,13.5813868065016,14.4062768250556,16.159173425177,15.8468460768678,20.5162006766077,21.2116383255804,18.1695246481631,18.2736307899823,21.4476095157612,18.9551497712123,20.1426407344067,20.9178634766993,19.7014008953661,20.3394920351918,16.4888230167029,19.8756472336888,18.1767935469615,18.0894212001454,15.613185917037,20.7050272839893,21.6367904212388,19.6415302054076,18.4950663273382,20.310740397946,16.3729617511603,17.3920424951816,19.8258377029951,19.0245993606623,22.5423911362352,23.3932000642248,23.2875933114644,21.3731162330711,22.6978738716081,22.8187226484965,22.5574948326022,21.6990995831427,22.9920532517844,22.9214662356412,23.1216655930815,22.096797574267,19.9635202167786,18.9876499039031,23.2092993035239,20.4212532815491,20.842150103996,20.3968810721,19.9656382232776,18.7635612692776,22.3433166105882,17.7498031131055,19.9314839269137,21.6081924781735,17.0881169492858,16.81092604443,20.1143115858343,20.0484635082414,20.7498034417834,14.5498099736258,22.3559118734296,21.6197562350118,21.0967819779999,18.8803356884168,21.8013673204785,18.3469284350173,19.9157648236062,20.6038685013433,19.6146449588458,21.693667066211,20.9001364339236,22.2325611497977,21.7329910255991,22.8844221525047,22.9479150735378,23.6629706200037,22.3495897685654,22.2298708134993,18.4729577055593,20.9725600397169,20.5132461219799,22.2571864110723,21.317447361737,21.5421480963073,20.9155664247038,21.2604943569912,20.9552171145284,22.8706610384073,19.9732659564058,22.7956303978827,23.5000861958924,23.0432343303554,18.6270987912525,16.5023179608691,18.6050536196876,4.64260079619297,16.1209170502422,13.5841252050161,10.396708742141,10.6785939681211,12.4104537935814,13.9862958690677,13.7518455323028,15.2528377360805,11.3498515542511,13.596495783835,11.844710152408,11.1666560081386,11.556960306876,11.7954962389232,12.4704014497487,12.3697123460328,12.4441392228882,12.1274641416321,13.1174973933505,8.66415218307439,9.534746258273,10.2760598104492,12.4593179998195,14.6866948721467,14.8113642632996,11.018407803989,10.6112451832512,7.01597728400772,6.62427056607672,9.78689139911632,14.201351131257,13.2035245725154,11.8332108579018,11.668069003536,9.30897094333448,9.66178906443172,6.61156098017879,8.79130269486895,10.2130820544397,12.1895058249656,7.58541977878817,7.55016710592402,8.24429387604395,12.0388659400598,10.5075376386633,13.4726337723261,15.4267721509586,6.44881095111465,7.78163726341195,0.0,3.31477404740114,1.9105443281168,1.45195187181001,3.25350456196631,1.87882908430743,2.08449951402266,2.96980012532149,5.93913894882132,4.1117522708487,5.75509356739154,4.99671281060576,5.34682146365514,12.0186718139574,5.35876949205328,4.45921053824725,7.37030227797996,5.61782808951526,9.19437319503834,10.752230126171,3.69726453179265,9.36353205692511,8.06641677721463,8.04665127146711,9.85446337038494,12.026366568801,4.87141024468077,5.16086405610635,6.44886504924382,12.702237505241,4.52357982256947,6.26776771221779,7.40859127900198,9.81377757191497,7.03001496654429,9.38770186499148,2.75140137229468,2.89923943718317,3.37507881609186,4.57779910127117,3.45261038354915,7.46805212637466,9.48486785537903,8.89146178009423,6.7418615453714,8.85101095539305,10.3131366358838,9.27148949264415,9.96815349122187,10.4043762090692,9.54704492731616,5.10315163586371,8.91214158307706,3.78303059608442,3.17793655352221,16.0685953832314,13.7086955857991,10.6040078084763,11.1721889835001,8.81819805340466,6.98184230955865,5.62795805130433,13.7604156469938,13.2291649882719,9.44205384999461
166,20.8769811810873,18.842128122982,18.2315451404669,18.7697824964686,17.5932752276858,15.6665033690218,16.7473380030698,14.6086175004541,15.9134380771239,24.7098645041825,17.7385210129573,16.9527414694389,14.7165293890889,15.5887695502969,15.5957020356485,14.5811788629948,14.8493776248506,15.2157627158262,15.3306553088555,14.0253863834704,16.8802900054975,15.5160742638783,15.2487069097636,16.7293210686466,16.1231680605059,15.4637364741883,19.7463196408006,20.5169080425262,19.4124595973762,19.5443498270584,21.5518862758034,19.1376509094915,20.2770423186966,20.8447289309333,19.5895656492376,20.2197593898507,17.9652530697664,20.6181610971857,19.1572495644149,18.8793804568216,16.8613458178937,21.0958381290233,21.7666287312608,20.2536614879872,18.9620239819658,20.6018305311338,17.0686427767256,17.5517485768145,19.7759147146786,20.8102594125417,23.3380301468099,23.6816860605073,24.0813579290551,22.213533223619,23.0669462973683,23.3960641989235,23.0907231229091,22.0789745851998,22.8902608964803,23.1492886065462,23.0599395085154,22.1890511697698,20.0949693849186,18.0835146225462,23.8683343347016,20.7411782709946,20.7772592003312,20.4266182551881,21.8519801447968,20.8448090510768,23.410425348446,17.5252804276556,19.7943480950317,23.281157074451,19.1108086930156,19.1124111928787,21.480723756518,21.5054199219947,22.3377618885823,16.7694925166594,22.7417157882309,21.4958351342652,20.7607275566342,18.2872974451934,21.833243264801,19.6630874948043,20.6465887913341,21.6133073955394,20.5301086521868,22.033359873147,21.4739577397161,21.9114986204165,21.1315932559192,22.5831349278518,23.0720676918268,24.111098452308,21.9358099649154,22.3661215397375,18.485966835798,20.6513515041674,20.6404768832584,22.3674590007353,20.805690253473,21.8235368095572,22.0937854582878,22.8847088429943,22.5877278106286,23.9848665885398,22.019874278575,23.7036085796581,24.6028917630979,24.19237268426,20.9008944555445,18.9205613596934,20.5633596730993,6.97869286419149,15.5961774664991,12.9451316131937,9.57249602024675,9.90396426481146,11.7105165836158,13.2517123102067,13.0286873046459,14.4907374295868,13.8812564426104,15.9589814301926,13.7912219539143,13.1643711003113,13.8202857678652,13.8455450523688,12.9036774380848,13.2055879246526,13.5036731817973,13.7270422682256,12.6513651494915,10.7674088317334,11.4846658815022,12.2357012712049,14.9988933468682,14.5895317163768,14.3511896613211,8.71773914675945,8.18534947745498,9.05421626159048,8.86800448078757,9.03475516402139,14.1688583524094,12.9777120264588,11.0648418486036,10.9029863685587,8.13316528538034,11.6351116389674,7.49674026787032,10.0506648889464,11.058906874062,13.5895767552604,7.46024620193329,6.58583134178859,8.70725464445546,12.3519745577289,10.3148310224181,14.1748289460234,15.5162219122168,4.88766322963928,10.8166033871307,3.31477404740114,0.0,3.86398912314537,3.80241360046021,1.63574322928529,2.24238458078087,2.12958273137942,1.76998462457647,2.84534314136269,1.87298561688198,2.81843628623837,2.67661375677021,4.13802469270773,10.0181802589275,5.92667737418407,3.7614147600263,5.83936275113448,3.74081292108451,12.1817557308242,13.6700109808884,6.27414845545943,8.29997093039984,6.62137818560395,10.9559791673199,12.6906681706521,14.8645652851935,7.84869418182827,8.24607274604005,9.5442527748703,15.12383069745,3.89174570653321,3.79292712001273,4.86825049696869,7.83381382242414,5.57136171127277,11.2366749348157,4.2331782565107,5.44479190706914,5.47236159965755,3.77375508932356,3.98833260390144,4.62455293743805,6.78298904066357,6.62584964977064,5.29886842099847,8.77882471805016,8.3422898172847,8.57137384880058,9.34387154342254,9.02743444073022,8.99121183127662,2.69785518726067,6.37094282447154,2.0750559466062,6.23355704873046,17.9001841593446,15.7250122304352,12.0198651104102,14.0368817930501,9.89528731022261,8.74272044699668,7.81533220891848,16.491418734991,16.0105971324263,12.3757665183835
167,20.7171412358204,20.7791967633133,20.0174421595992,20.1759864770342,19.0424231104148,17.3926081220635,18.6883828425617,16.535788263448,18.057718381249,22.8935594328965,15.4547697649637,15.1668103121869,13.5481671713343,14.1429961326865,14.7958652855658,15.5240445241789,15.4705772288517,15.6493569810218,15.1645124418841,15.7007166045736,15.7900223926097,14.6147137025062,14.0799385863913,14.9541114259581,17.7591745025111,17.3860830042614,20.9126914341961,21.5905265546481,19.2153704997422,19.248054032889,22.7571236545335,20.5702442232566,21.6850617984116,22.3359320325439,21.1256666496401,21.5570672379353,17.6593006276011,21.0207586640071,19.4422878573368,19.477666531931,17.0486755860916,21.9084694847003,22.7887336786708,20.9063601396621,20.0120564260659,21.7062703022998,17.9618567716528,19.073556183022,20.6825448570829,19.5503923087974,23.2084229222052,24.0789130075276,23.8225563143951,21.9936541785201,23.2742016538496,23.4124104816881,23.3174087827354,22.4119407885268,23.7103387649265,23.727492393486,23.9127180389329,22.9030213077364,20.826975110971,19.3367544909529,23.4628082973625,21.2841947652669,21.8829411422895,21.114810722612,20.2446113952485,18.9975314307261,22.7608349602566,18.8326582844975,20.995875601585,21.8498268177402,17.7098221774782,17.1716036620246,20.8736522620921,20.6488241642164,21.1707264616941,14.6718228329541,22.7505765379942,22.4099919171216,21.8416121977202,19.7021904024401,22.8684301818918,18.3062605603011,20.6230938641624,21.3884292366206,20.3763079246287,22.6250874794275,21.7732975671523,22.9990338344405,22.2741870038551,23.1736547344171,23.2351777055524,23.6489087066576,22.5137359459879,22.2244459616757,18.4780977189087,21.0316334870312,20.4821110127427,22.8094930331588,22.1536238778363,22.2299181153119,21.4725611949373,20.6378992620633,20.5554224760006,22.677900858788,20.0732174912277,22.7342303581693,23.6367825935836,23.2997890522167,18.5383230132892,16.7139393532844,18.9753261179898,6.20522219014663,17.8788330283304,15.3012899417186,12.0647423401305,12.2671698753376,13.9075804733387,15.590538469584,15.1540156145462,16.8041880760694,10.2104420460385,13.3564824892534,11.5080022054314,11.8352360072925,12.1488491781193,12.9160136028654,14.0116617793376,13.9047040632029,13.9931198654925,13.5248267910597,14.5044606976613,8.81219014247093,10.159033362108,10.7341004025644,13.001900258417,16.3644882738412,16.399257168253,11.0365773979357,10.5641680021056,8.56664267173962,8.06191395417155,11.5799405833056,16.0328691622209,15.0530349364611,13.6238801918404,13.4274227785336,10.9524626168756,11.1274948171449,8.48182564677563,10.5606571262325,12.0262406365573,13.7975447742299,9.43688564765699,9.26855490943861,10.1176796964473,13.8793286665727,12.3665875566963,15.2136149204371,17.2026369681408,7.60416353895556,8.07183292515528,1.9105443281168,3.86398912314537,0.0,2.17605824076845,3.16364202454711,1.74088255582669,3.61953691933131,4.00165224549304,6.50789805697781,5.28059976494074,6.62010461069715,6.10589378753013,6.57515588421557,12.1161940817782,3.65736156166687,5.89165873680956,8.85921435409225,6.41925790008686,8.90571556255204,10.5926126015361,2.61110711863012,10.7362977382444,9.52359297208297,7.35225250851059,10.4155210300602,12.2184692063786,5.89527601684427,5.60210467616217,6.24764691800917,12.732407732786,3.53146849558703,7.20348698013644,8.11935352545585,10.6834402008026,8.60172177403224,8.58601741906511,4.00554049158122,4.41908015999995,4.71843332328824,6.22272282482852,5.19168628458175,8.20999157147732,9.68189194657378,8.32857808123766,5.74398411907548,7.25038528542196,9.63786343811392,8.04500298598044,9.37411146152033,9.66746666695154,8.51732215386232,5.12555189128389,9.81974963873817,4.61461392629072,3.40691417130729,14.904184001329,12.5711178726485,9.06034832757622,10.68359973603,7.22830841231596,5.32195396045502,4.14695892877308,13.3295205047592,13.2958166941874,9.46371763161845
168,18.6787368978832,18.7254661816097,17.9192270790937,18.0493648805859,16.9282965628066,15.3133075285855,16.6254935228454,14.5006362131169,16.0443007213739,21.611283168541,14.3015648525311,13.8875143943194,11.7129684574673,12.4009230906962,12.8174766888944,13.3519103940863,13.2995793278495,13.4921261712047,13.0662046969491,13.6233234695502,14.0593375991638,12.7404434390587,12.3145393196256,13.3433392786894,15.6568632249021,15.3257532132054,19.3107396251209,19.9849685969331,17.1394406641348,17.1997907208917,20.6050149812342,18.4430375564031,19.5380388533596,20.1951314158471,18.9918151260673,19.4446514273727,15.583322015969,18.8838818908596,17.2914992908009,17.3067911855949,14.9242820120008,19.7592239277107,20.6667175156759,18.7418724845913,17.846546998345,19.536276145606,15.8194965624842,16.9842898023554,18.691387155412,17.8115369599416,21.2828073014901,22.1502778118164,21.977665869936,20.0947249702559,21.4074751184896,21.5291243356312,21.3388739874472,20.4632306482725,21.794817156312,21.736943495526,21.9536267037949,20.9222214983677,18.8153587937493,17.802206043533,21.8167074421109,19.2602369494881,19.8149776695789,19.1874180383255,18.6992737334316,17.5335163595904,21.0049914197008,16.7744371178146,18.9289076890925,20.2927702903281,15.9676803478605,15.6813872407118,18.9353910685678,18.8097483434296,19.4674039448509,13.326367920967,21.0052936977135,20.458964372762,19.9427570753241,17.8098445033826,20.7808528922022,16.9314254883992,18.6703304086794,19.4049835910076,18.3983788082768,20.5692482461072,19.7367111559011,21.0851503686303,20.538895213915,21.568168102093,21.5853770345618,22.2298943396532,21.0243271773232,20.816196949294,17.0753648125207,19.6193103000202,19.0988634079107,20.974123692256,20.2350478006748,20.3002617610922,19.630576586258,19.913455787166,19.5807504196193,21.4337773338578,18.7098102542299,21.3566853307608,22.0978922380375,21.668352765657,17.4100477406019,15.3778093585034,17.3778718891016,4.42168894203715,16.000885199038,13.4418949722014,10.2874598071449,10.3939519089419,11.9428683762002,13.6642931343288,13.1656024153094,14.8488741006343,10.6557306567429,12.40000176472,10.5149491400313,10.0261869215294,10.4708925597252,10.9755436970986,11.8613279188177,11.7510003253158,11.8614083628866,11.4527207533494,12.4575563140057,7.37059853680457,8.34566189887708,9.03361945127956,11.4811672604074,14.3173642471199,14.3794430542386,10.3387386595515,10.0054110099355,6.668590436367,6.19015071768654,10.0944405119383,14.1505959204721,13.2839789186866,12.0269203392552,11.735246478756,9.38582336528889,9.19000641148948,6.70272999172738,8.63014682982191,10.0926613883207,11.7577569119807,7.81990024124318,7.86114827627051,8.33676603528765,11.9805331430029,10.6793980092921,13.1688531480018,15.208151997685,6.09096450165915,7.05147204786261,1.45195187181001,3.80241360046021,2.17605824076845,0.0,3.20990512133679,2.07056710084034,2.75740055443141,2.94853846311347,6.05262832834908,4.59870205609151,6.04862828166374,5.16214026382596,4.99527879038149,11.1888738187021,4.82680697472619,4.24658954688746,7.42657258572402,5.1869327964275,8.41489402985279,9.8777285918418,3.16557730566246,8.91737401301401,7.9606897537461,7.39354045188256,9.05675066571128,11.1139040734138,4.49320145609793,4.52181470732864,5.81625902954993,11.5348487087514,3.97132976671344,6.1991436816664,7.14717712305764,9.28693050811282,7.31198265584139,8.13346182892102,1.86411046761393,2.62357558548752,2.62332322083849,4.88284204987779,3.45698491755147,7.4340122291871,9.07545904531069,8.38825428643123,6.22880017061041,8.13699944451953,9.63238068260476,8.40243747776262,8.77335506666103,9.47940765549183,8.50271624505888,4.81773713591319,8.75315814366179,3.57017810813687,2.49583409869891,14.9781069723369,12.6695753552842,9.72807335213164,10.3238661384415,7.95558557266398,6.4272160758002,5.11238903019281,12.7839418994194,12.2600120859856,8.57693082275246
169,20.3951742589964,19.3696978728781,18.5607778808373,18.7986099657391,17.611621977278,15.7984391537023,17.0717158869841,14.7953421173235,16.3233443495246,23.5493581223501,16.6169745156044,15.7692618436004,14.0368374609594,14.8911763234544,15.2631206147021,14.6714644501026,14.9150145610331,15.282744453976,15.2404395858428,14.1304858343275,16.0048718202312,14.8087427558799,14.4333976167411,16.0362825319745,16.5289407656319,15.8598631127296,19.046701265425,19.7903687399968,19.0550914653778,19.1193097082811,21.5580147795741,19.5282233448891,20.5711612124595,21.0097975574278,19.7688866611893,20.1562895198787,17.7338769200833,20.3777602696756,19.030542382196,18.9022520744183,16.9231911587703,20.9472167924578,21.5958228981335,20.1497806147673,19.1756052853141,20.6834648594736,17.3563223986651,18.0494214153936,19.3377681879098,20.0353226821652,22.6606631706796,23.0586259591925,23.3010939646344,21.4956406881644,22.345998947689,22.6729223382019,22.5076955283803,21.4672491637624,22.341680689843,22.635315957863,22.5694306783632,21.6899577802528,19.6389946981518,17.3716962158297,22.8897371288547,20.2642625064574,20.5194465336014,19.8554062650573,20.9136118205527,19.900453796863,22.5338778234023,17.3327210468339,19.5706916943915,22.3004241851815,18.4314718596646,18.2865214979009,20.870462098678,20.768712239979,21.4739066111868,15.7779313015531,21.8799166293316,21.0113654754161,20.2689882947526,17.9100267165357,21.5887540413022,18.4880068780662,20.0018091433604,21.0248606325986,19.9226591530802,21.6195611493345,20.9847606775486,21.4381917624163,20.5161750830111,21.725785299542,22.1586669792417,22.9732067796895,21.0072334005896,21.2567670891786,17.3863686269839,19.6353952369318,19.5125171671142,21.6530461687538,20.4291895470902,21.199905780131,21.3192048584637,21.4548174899729,21.2493164509347,22.7244127321099,20.9880297639927,22.5170967248744,23.5360805619792,23.2037580218116,19.80109996876,18.0219212207066,19.6936121459792,7.11806035903559,16.4196096736217,13.739249335235,10.3794422694772,10.5293300698829,12.146355691549,13.8647905218424,13.3304555364447,15.0202188486204,12.664411971023,14.8142571366863,12.5304580775346,12.4994154511246,13.1397615780628,13.5885168258293,13.1398525584427,13.3904631902132,13.697040106993,13.7322502461781,12.8616011087321,9.77368722932565,10.7733161053959,11.4115817771263,14.3459444210265,15.1335461827378,14.8443196339199,8.16149760897413,7.6423550316954,9.22594406550951,8.91326451432547,10.2045830960103,15.009147617505,13.9432228229427,12.1599040352014,11.8868031322671,9.12109776360197,11.7422906136954,8.22174687496724,10.5613386619593,11.6923258109048,13.8720057533422,8.47123310461709,7.74848414195051,9.54015628185958,13.1315575556051,11.3290920766543,14.6960690143417,16.1983774396117,5.25175232335683,10.1766006498717,3.25350456196631,1.63574322928529,3.16364202454711,3.20990512133679,0.0,1.52804710101336,2.92250277965143,2.08747965959135,3.49853224583077,3.25067536848295,3.91415103076673,3.6612481190061,4.481283477148,9.40016151616356,4.45497965387364,4.24442083883291,6.78193531691006,3.76491182166701,11.2757624364964,12.756110553876,5.29628449126873,8.70561646538926,7.39695249248588,9.97077103171486,12.1363931188053,14.0792552618667,7.64570617644072,7.70596460971482,8.76724165399347,14.1243090180501,2.27894395442419,4.41888981808183,5.13927685703655,7.9543851292225,6.73426944330589,9.8221485208358,3.93314948096669,5.43103645190322,5.26321519073761,4.81582064588703,4.51833670373982,5.20725841722739,6.58198070725548,5.72168983444629,3.93002055136509,7.22282277348815,7.28246044108035,7.03508838987972,7.94361451628952,7.7352146150682,7.44657010880734,2.02123793921821,6.91092010199858,2.17706396674913,5.60299866874313,16.39107873025,14.2720491423172,10.4941682632222,12.997358794297,8.33968677354305,7.42978925849784,6.64396638375964,15.3875912089776,15.1342344523819,11.550182041976
170,20.3303642235749,19.6709781165373,18.9161341352206,19.1664470423853,18.0064513354339,16.2544672574937,17.5115002668216,15.3196247209016,16.8130183402204,23.2243066664467,16.0257926382692,15.4481876571197,13.593583984152,14.3390277983388,14.7509507568632,14.7253909422421,14.820542468147,15.0941729400348,14.8628582142075,14.5696518327817,15.7630986154298,14.519413948742,14.0962578946677,15.3397157615733,16.7406541476895,16.232705452734,19.8765708738403,20.5925718753602,18.8733846266675,18.9384854409202,21.8426556369621,19.6532391635299,20.7535311166476,21.3304132918289,20.099799116704,20.5605342881722,17.4015693940035,20.4188572020792,18.9232711790086,18.8472797370488,16.624925787087,21.1359766761939,21.9149919316038,20.2189510878344,19.2210516480349,20.8565049081072,17.2618952287012,18.143361292588,19.7963150899712,19.653987022134,22.7709491606843,23.4030253743472,23.429602796002,21.5880660761671,22.6672590701377,22.8960373328901,22.7276958660178,21.7632101889303,22.8526863470057,22.9872049420908,23.0512991380949,22.1003831050614,20.017554001803,18.2586591358255,23.106643438999,20.5600298844171,20.9478800263166,20.3045173659675,20.4987484330236,19.3765743979411,22.5392396113056,17.8098144696496,20.0219355752207,22.0063199500193,17.9059456210495,17.6247438888126,20.6819975554137,20.5544769871881,21.2108279463052,15.1610877322966,22.2122521330162,21.5175167374646,20.8719008415145,18.5996556249999,21.9716228505436,18.3773023278678,20.1317024496622,21.0111472423033,19.955710789495,21.8961330588312,21.1638259551264,22.0330917120323,21.2612179589121,22.3739023435478,22.6200806345194,23.3019375213643,21.7118772786599,21.7266998800111,17.9044312544616,20.304116915796,19.9840602212494,22.0932352212626,21.0882091884074,21.5439139704675,21.25281886299,21.164998623396,20.9718814464766,22.7291100761321,20.4912056338094,22.6244127210867,23.5436807282095,23.1814408534462,19.1701270867056,17.2971555355073,19.2301373436102,6.18887289532558,16.7021154970775,14.0706158256733,10.7592739245028,10.9602856859738,12.6274339235072,14.3105657564143,13.8754317268052,15.5155535513033,11.6436480723038,14.098521606833,12.0311431313788,11.9569537547146,12.4601741658568,12.951045347332,13.1669433055572,13.2418577305043,13.4386604624607,13.2607883069285,13.3152966757343,9.16745821015515,10.2469834013676,10.89779376457,13.5143277487303,15.3188124797103,15.2141008016053,9.57194017976749,9.09163363036538,8.45644200930389,8.07292415511101,10.3826931774929,15.0476941206672,14.0114223785619,12.4048227409701,12.1796475985744,9.56382435193539,11.0410360005333,7.80315016705719,10.0755584566563,11.3711141633957,13.4173617650213,8.40767375786025,7.98372919084407,9.29768398460806,13.0191948528469,11.3369848386661,14.5065467195619,16.2494902002904,6.04003222865221,9.00723300815172,1.87882908430743,2.24238458078087,1.74088255582669,2.07056710084034,1.52804710101336,0.0,2.46000645469335,2.41578386013517,4.77974432805921,3.72748634448517,4.92753331241329,4.4479134698178,5.07733419920269,10.7108971516674,4.16549173348524,4.51803142169162,7.35732755982543,4.78580221804273,10.111560684905,11.6723142112561,4.04385701933678,9.32498749745119,8.0220032463054,8.76320654567715,11.1062922831646,13.0730933086479,6.45702966675524,6.47485870943655,7.49338077448971,13.3784025721,2.81318726308823,5.48972650947437,6.4033804471828,9.06893853434423,7.16807194261723,9.28760699742521,3.36322935298061,4.41074435346885,4.47889123690097,4.92150756231436,4.2033154530358,6.46940887041245,8.06271562228863,7.10723191853043,4.927864680271,7.45286086492845,8.56648727762016,7.70443440094107,8.7087877561578,8.80569819220545,8.11126335435627,3.51735757215648,8.09802991426716,2.95654610488965,4.31576126589015,15.8653268365279,13.6244349924882,10.0287602994898,11.9122768119838,8.01068124326952,6.61396968982579,5.59570237505912,14.4250888026483,14.1708812554986,10.4564535695123
171,19.6822940369437,17.7880487847552,17.2588653396067,17.8673655342088,16.7326997191843,14.8693544128343,15.8947288332871,13.9033774401755,15.1293437073104,23.8338011471089,16.7033794321383,16.1491889272593,13.3580424586379,14.1659783529511,13.9526458055602,13.290836418014,13.4045690571252,13.6753391082622,13.6754823712477,13.2181628757044,15.8195953715245,14.2894196014522,14.0732256941246,15.2154372557149,14.962265362232,14.516978428456,19.8382722541411,20.5807106203388,18.041764449351,18.210080644965,20.5430544607578,17.8676188904955,19.0848204071748,19.8452932680523,18.6031927312337,19.3879711255601,16.4026465490971,19.4143956473644,17.7558689457981,17.4807070885466,15.2176071273296,20.021512264628,20.857920038983,19.0279880796436,17.624918637233,19.438747649807,15.5689163976345,16.2408102501795,19.169068051096,19.5362926864407,22.4399012878435,23.021821475933,23.2732858475321,21.3264876091489,22.4434537305709,22.6559793801514,22.2575324301594,21.3561136001445,22.4055337127973,22.4361122233421,22.5033808278659,21.5446096336677,19.391996278425,18.2829754572059,23.3201121784304,19.944027148842,20.0455263555536,19.8777756374952,20.6913171089691,19.6253848077398,22.548777539232,16.8432897180779,19.0820037197477,22.2432216872616,17.6694202424314,17.7161542255626,20.2450256265271,20.3348373980796,21.2233827368273,15.5778302154081,22.2359473252257,20.9725057268806,20.378414511459,17.9833196271424,21.0340302745326,18.99448223581,19.7559003192868,20.531519934707,19.5117330234668,21.1769058754072,20.5433057926431,21.5052426930447,21.0308218497702,22.5018845841607,22.7726660169406,23.8506813301697,22.0009644099798,22.2621309260321,18.4456278509968,20.7430863464797,20.5615492580072,21.8920899609578,20.4480783378517,21.1677853877022,21.0855431093771,22.4349347873708,21.9910520631149,23.5077924961132,20.9003356918739,23.243016084222,23.9110495727194,23.3977844899846,19.800081465219,17.5688532569645,19.3128324132184,4.93916151763389,14.5587959742782,11.9766233879263,8.69825158631644,9.07513084441984,10.9356381182024,12.4203792575502,12.3481764801595,13.7212837156326,13.3166823682505,14.9342393381455,13.0315467253931,11.7432755679264,12.3287414315794,12.0866285615886,11.5526635795745,11.6760672914971,11.8641499977149,11.9634672490303,11.8521043075333,9.66877942491281,10.1335983111624,10.9813881129712,13.4093685123681,13.3937682465024,13.4009453529234,9.98833187040936,9.58800536290162,7.04922288722577,6.88305036613635,8.01957302461831,12.8267431691429,11.708060904699,10.0902698858084,9.94586777264885,7.43708181968734,9.68366716518067,5.64393737966119,8.15776603424605,9.30720262707033,11.7591920792207,6.04711154921027,5.67348597072779,7.04515249304869,10.8263151887093,8.99123227903407,12.5548051220309,14.1629627640385,4.79864697035253,9.25481872747596,2.08449951402266,2.12958273137942,3.61953691933131,2.75740055443141,2.92250277965143,2.46000645469335,0.0,1.58860823065944,4.3244263665021,2.11877596948851,3.89039498926564,3.06000930844318,3.7670254867397,11.0394170053455,6.59576902981496,2.86917410388712,5.41837404048499,4.19313071887143,10.9469625772298,12.3706709924454,5.66359020904386,7.78450835034176,6.20337983827769,9.99143506161064,10.9990126214104,13.3722469097732,5.98088042153293,6.6742890837344,8.26978970580782,13.9104234982932,4.95450818523931,4.46194629806162,5.77813294022725,8.2465290312267,5.02375753571364,10.8089642856884,2.82418899877957,3.52254665570099,3.75646678664196,2.65524427980313,2.22286906251847,5.69892077791071,8.18910795411539,8.34417242474629,6.83042236816456,9.80949493028607,9.92444928030978,9.75303499992327,10.0837397495688,10.29101978018,9.96894756252225,4.24812266659429,7.08276333163742,2.44754212380692,4.92316203096372,17.6880869618852,15.4043189051699,12.221111968395,12.9495795838226,10.2834548346618,8.7893065195726,7.55141782059291,15.4131143918977,14.6091495116496,10.9799016603959
172,19.1200972979114,17.4488023130464,16.7479314226073,17.1776877035283,16.0093127414289,14.1455956658285,15.3012177597067,13.1458518030994,14.5399652054636,23.2472859898861,16.3628700599565,15.5366318687729,13.0340833487712,13.9427199114443,13.8735353051437,12.896587061973,13.138811681533,13.5033896522187,13.5982361293611,12.4822824975644,15.2354748650372,13.8116704672495,13.5933149234461,15.1405663078208,14.6181436319385,14.0180448713654,18.4814718463526,19.234712800322,17.6425719348426,17.776844377257,19.9218748206185,17.6036897255771,18.7130691646411,19.2785553097158,18.0314737520559,18.6246607255547,16.2080790645347,18.8749466436673,17.4074858206801,17.1657271742194,15.1545959253799,19.4003438080622,20.1159789145315,18.533499608212,17.3271283257763,18.9536839166056,15.4442197484913,16.0694498688632,18.1808412067012,19.1322680553241,21.6448943655201,22.0571152663394,22.4231567916994,20.5274302876881,21.4568176204353,21.7485826147687,21.4097170400625,20.4312684418771,21.339000752196,21.5101338324991,21.4841926040384,20.5756405317345,18.4609023171617,16.8826407904226,22.3263202432652,19.073323149482,19.167523629806,18.8428935684786,20.2559459148706,19.2883119430289,21.7646746398738,15.9439972597917,18.1984170556373,21.6842759112361,17.4397784576048,17.5552208990449,19.7368108206497,19.7950319502743,20.6780656296507,15.3012323556604,21.1880496119152,19.9327601595532,19.2599329387543,16.8400521308565,20.2030025450525,18.2059663910025,18.9511227482171,19.8773801560526,18.8055390681703,20.3543940370351,19.7668228291229,20.403865885307,19.7630834240988,21.2215751496709,21.6096515125388,22.7241208701074,20.6605526287885,21.0369227389885,17.1836704970406,19.4020513730814,19.3288696584362,20.8131367931826,19.3370248339372,20.1986200493888,20.4000363118307,21.762073189223,21.3172840852044,22.6081837325397,20.50888050967,22.2767158958031,23.0619499087523,22.5988148537592,19.5134621747586,17.440315832622,18.9465459582392,5.64330425182017,14.4234268950553,11.7633187556882,8.42011217766347,8.62327990098762,10.3362885868651,11.9803145471195,11.6261280033485,13.1923962108386,13.441235420197,14.7036842052875,12.5542292982702,11.5144539880429,12.231529327257,12.1724228889569,11.2628253399286,11.529743481524,11.8353343861012,12.0356883344397,11.1509253229983,9.34676494663083,9.85644176522639,10.6479469570827,13.4842581599737,13.1564771907705,12.9587600081178,8.42613399387958,8.04628659018231,7.56805161179711,7.38783395583307,8.23230063047086,12.9369656870629,11.8798650019664,10.1781161687687,9.89787419966424,7.21585385152923,10.0675979673703,6.21013614175875,8.60066715955314,9.65085581084976,11.9932258489107,6.40979869563907,5.80316343061892,7.46755340277877,11.0479779373003,9.26470654800314,12.673222425885,14.1509887376808,3.70211042741376,9.67041860094684,2.96980012532149,1.76998462457647,4.00165224549304,2.94853846311347,2.08747965959135,2.41578386013517,1.58860823065944,0.0,3.24416709238249,1.92725592137755,3.13631565331095,2.24571587840151,2.7334764866135,9.46301948648178,6.15597621740607,2.22707189787295,4.97316208943126,2.73384063036847,11.2485590591041,12.5898159030062,5.92832800620107,6.99020095093422,5.60841092785001,10.3148623881648,11.3232437482204,13.566402742836,6.68736070338289,7.18632010455469,8.71661354716716,13.7515116416526,4.0677498774226,3.32960585049876,4.44590203141055,6.95355585161548,4.90733334166796,10.3431266483561,2.69650859944973,4.21539412977542,3.99292138173681,2.81839166043735,2.54845396238238,4.55990752524518,6.72415805121861,6.94726774980483,5.70613494445422,9.00750843544003,8.48030243810314,8.60355086785106,8.69061161288547,8.84205488312718,8.72817753066345,2.86115853370823,5.96369232084047,0.882338413745667,5.38201687027767,17.2652324080509,15.0966199855656,11.8133293059255,13.1357525468111,9.77515569532114,8.73050359376838,7.67066645386181,15.4565428724096,14.7245871520727,11.2356538025791
173,20.6920230432326,17.7202229642953,17.0598782769057,17.6530745087116,16.4526814214247,14.4167684337857,15.4477602053686,13.2404421257548,14.5161487777887,25.3068151343764,18.86668639969,17.6636749268689,15.4092286533627,16.4583255415618,16.2589928025184,14.1177671729478,14.65886554951,15.1877689395693,15.6868517700015,12.8593543047145,17.2672000739668,15.9334577998779,15.8071500630161,17.8314173292435,15.2440942753773,14.298618607551,18.1792192519829,18.9992361385178,19.4108814681241,19.5648195275771,20.5505784863366,18.3645851803205,19.4000192239082,19.7400221165085,18.4801644120571,19.0471485147912,18.2194559555279,20.1528416323951,18.9459716183127,18.5326836243795,16.9951599959919,20.3253427933439,20.7629136911628,19.6958804182512,18.3786107813062,19.7923579829428,16.767795021125,16.8473100278905,18.6729738734835,21.3226460023852,22.9023594082468,22.8116967206128,23.6594782245962,21.8444438497316,22.2962170409974,22.7892984720884,22.421195874586,21.3064334411988,21.7097033680592,22.2183010214005,21.8970410766944,21.1628054999655,19.1332885490607,16.4640415664436,23.417374581564,19.9225493136386,19.6298140040024,19.3963784631615,22.4975038205206,21.7017152190531,23.2628658526145,16.3196062735274,18.6073921275797,23.719804872527,19.8614384698332,20.1777865334727,21.5627392899142,21.6924757476813,22.6660062551507,17.8766175378037,22.0386610561949,20.3087207839289,19.4245210703111,16.7849114371048,20.7454981772619,19.960094908135,20.1985888414338,21.374343585072,20.2344878013856,21.2006067568863,20.8532756880895,20.5638137394752,19.6259444839372,21.3660362341521,22.185049490005,23.5859750452874,20.6899636224104,21.6165687929923,17.7196160389619,19.5461490275499,19.9296772134076,21.4023610090081,19.3164856133204,20.9786043042879,22.0320824096402,23.6736648860417,23.2654605495173,24.0929806203,22.8666613204324,23.5842489193856,24.5555634934275,24.1503462856343,22.049207266122,20.1410962207791,21.2743038780216,8.66641065386392,14.5372298416965,11.8633247331481,8.53849100590023,8.77519155215013,10.4418126386375,11.9599688342655,11.6291632614777,13.0870521050294,16.0582714649477,17.3540140439347,14.9324448310463,14.0655690301359,14.9460886840173,14.7567999817636,12.5102373117284,13.1413321638859,13.6307889567521,14.2786539925851,11.4677032237326,12.0040974639058,12.4350053250903,13.1866704025423,16.3570951355719,13.774356288885,13.1982987697694,6.56589678701183,6.03932485440816,10.3245531528932,10.2815726754803,8.46389405826748,13.6234236571669,12.4143150418475,10.2292254591272,9.96992465954882,7.04790814770877,12.6621457879174,8.24960139191994,10.7243145125641,11.3552217971466,14.0641885046306,7.52557052836908,6.12701993037553,9.00521694171811,12.1721529149947,9.99940612821895,14.0958397361236,14.9170311145142,3.64739611699893,12.8472699969875,5.93913894882132,2.84534314136269,6.50789805697781,6.05262832834908,3.49853224583077,4.77974432805921,4.3244263665021,3.24416709238249,0.0,2.59269421127684,1.17363196878157,1.99292198846279,3.60642169827597,7.95734959200681,7.68760516449193,4.00007207563914,4.698917017023,2.60767251721518,14.3122150441764,15.6323670606459,8.69460012954545,6.94957025079494,5.29610300243135,13.2593937306901,14.4121035355672,16.5986628643104,9.90725595884776,10.4034493449778,11.8380428957728,16.492061885197,5.16999580712619,1.80108579679746,2.41791871695567,5.61423788530426,4.80448308054641,12.6513905495217,5.80751134022719,7.40802553901374,7.11161357077018,4.23830820765383,5.18978797867191,1.90194009336859,4.31152017404481,5.42613782255452,5.55028295982405,9.72365069155136,7.17942854626155,8.77163046635986,8.93568360976491,8.23083269082757,9.03230877518821,2.37989871827301,3.80805022839155,2.67446872788452,8.54022144823807,19.3374694664469,17.3494478964939,13.6187922411662,16.0906283893675,11.4022191147194,10.8615860362844,10.1259743360108,18.3235718222997,17.6967412670169,14.3227682536803
174,20.2222988103065,17.234860976479,16.7656557491462,17.5510045000201,16.3915126700306,14.3788837554567,15.2924412002398,13.286004559943,14.4005800691133,25.0003474746021,18.169251017408,17.3359332057206,14.504194792447,15.4422210752012,15.018796547628,13.388736526367,13.7178521319848,14.1114614138091,14.449597379085,12.7779028383633,16.7926897351164,15.2549139550385,15.1451062047725,16.6509329539381,14.6251465040572,13.9629785000793,19.3604953257024,20.1505868464673,18.6723979603206,18.8746057306849,20.3423759154424,17.6478655792255,18.8447744020569,19.4987347326421,18.2374385862934,19.0756127446818,17.1689637870823,19.6858626334686,18.1643441232389,17.734698423405,15.7873456889904,20.0435985730758,20.7188695946846,19.1850404668844,17.6272816138169,19.3439108056003,15.7269216715817,16.0003462225655,19.0150453866568,20.6141683367497,22.8517240370324,23.1057769784785,23.7134914536686,21.7862269686766,22.6127395737792,22.9494806728449,22.4801908363447,21.5014073062181,22.2361590700974,22.4508997062743,22.3373101805853,21.4788141757426,19.3509403383871,17.7484193152429,23.751692588817,20.0193586662469,19.8187896747498,19.8106290159321,21.8773353944823,20.9442973566074,23.1929252568569,16.5258710490133,18.8081341811239,23.3002635186193,18.8853653216874,19.1526610430719,21.0044890010445,21.188429730163,22.1933852401579,17.0317630085042,22.4676319523742,20.776970598667,20.0646134311861,17.4971835422695,20.8553490676743,19.9264779325232,20.1365121954057,21.0597823022323,19.9957571355706,21.2356863645466,20.7727690967674,21.1865908525868,20.6057194346694,22.3336091547836,22.8683476138445,24.2216539342273,21.8031346295778,22.450649850475,18.587335240268,20.6432742196579,20.7642104483589,21.9092733860016,19.9913438625307,21.2592942876029,21.7727643998512,23.6595405919598,23.1724730888425,24.3275044849357,22.2198729952198,23.9079736042298,24.6399235584019,24.1275802309817,21.2984335029322,19.1045825887289,20.5311983052418,6.55694117329467,13.8310165156692,11.2018699700497,7.84318131445068,8.28789921051478,10.2132856299399,11.6128438719461,11.6272597148605,12.9020096988129,15.1634554934133,16.540660202768,14.4409285466945,13.0155986540477,13.7599913210398,13.2935526109413,11.6127843431407,12.0108959474078,12.341419220111,12.8303962347449,11.3277301915823,11.1344538565251,11.4224039865028,12.2868395588336,14.9937623884568,13.007084861409,12.7871154648927,8.82548638917898,8.39062743342815,8.34254159129282,8.32823254959165,7.18629806136129,12.445692336023,11.1974349713205,9.21412682125537,9.08341726080819,6.32331508459049,10.837750039913,6.18982482155149,8.8368055752027,9.63885400655678,12.4511442367147,5.77169326724408,4.74061011282892,7.17545221641533,10.7257993434745,8.55230137967117,12.7219220565607,13.8678986145411,3.75275495038667,11.2037169888551,4.1117522708487,1.87298561688198,5.28059976494074,4.59870205609151,3.25067536848295,3.72748634448517,2.11877596948851,1.92725592137755,2.59269421127684,0.0,1.85256231249525,1.29912968132994,3.0941134564056,10.0042000079989,7.64084632547804,2.67563902399293,4.09728674889097,3.25410505418635,12.9218683701256,14.2852092832412,7.51632758603436,6.90090478478832,4.9786563588059,11.9734697527492,12.7826845775244,15.1845313747414,7.91298389824851,8.67392833848936,10.3017106080889,15.5111385204286,5.48885542804453,2.77220756074227,4.19850158608145,6.91219604016221,3.7149639897409,12.2650536643273,4.30732321166474,5.38873049109207,5.38997183821179,2.16874130485796,3.14192653934293,3.83305525950814,6.73512180971469,7.55952872257921,6.7824355519541,10.4451216384115,9.26967215905758,9.98362761406466,10.1725250391638,9.98585827100201,10.2179865316227,3.613787178989,5.29390941478487,2.12766553522913,6.93961505537944,19.1589556917152,16.9761885725133,13.5600542412137,14.8787978895866,11.4753407621509,10.326186640773,9.26471748225617,17.2533869654216,16.4001354002559,12.8887354256076
175,20.6655101969575,17.1748282854728,16.6594776759952,17.4516157553906,16.2699680107317,14.1865996727829,15.0850844953529,13.0052120443782,14.1197428439544,25.6731835791684,19.139559564846,18.04538256766,15.4148784589548,16.4489794077808,16.0201129489201,13.7616494633365,14.27229044232,14.7730560002417,15.3241763147773,12.6403917661457,17.455091445337,15.9957753495643,15.929114001303,17.7873221263534,14.7384517718337,13.860631754067,18.6958823045586,19.5181309144085,19.2665319550659,19.4652324682103,20.3291419940951,17.8393951747977,18.9558805575251,19.4308088270588,18.1659298694028,18.9209016533417,17.9527580709081,20.0023967592165,18.6739729353584,18.1807885127256,16.5517133587224,20.1677928317778,20.6708532895155,19.4661692075699,17.9375295655114,19.4797657847511,16.2371567754628,16.2444084428614,18.8207184963663,21.3995711669629,23.0680571043549,23.0329055213087,23.9028076438862,22.0319305982702,22.5755830208891,23.0299173229462,22.5645184574065,21.500541839841,21.954069812844,22.3684523114271,22.0882655230494,21.3286310678792,19.2576353229674,17.0256466527661,23.8354456745325,20.0258200296178,19.6422278804025,19.62985885239,22.6784430512149,21.8605923316711,23.5287661894672,16.3128748988882,18.6078333388887,23.963411108884,19.8394995257349,20.2260522306353,21.5825984972117,21.7903387045799,22.8365573866652,18.0516532564533,22.4214683045924,20.5081442530252,19.6756131151715,17.00487200463,20.7286928316277,20.4002992387406,20.3507976460186,21.4361330613086,20.3261682371799,21.2526782603767,20.918101468401,20.7973112557945,20.0347352763239,21.8934998761332,22.6617336744477,24.1677005810015,21.2989956370431,22.2405401293593,18.3582989280679,20.2005826583012,20.5677764420451,21.729248153639,19.5170320535715,21.2011094407939,22.2028080125007,24.264437717269,23.7823938099079,24.6396293854335,23.0939033785636,24.1121742766675,24.9583068756506,24.4859585138518,22.2975167207052,20.2282561235907,21.3956527715387,8.17713997434003,13.7993530927315,11.1510901380864,7.81795895798629,8.19862512203365,10.0193612383943,11.4088498935119,11.3269561277593,12.6142894709204,16.4051358045015,17.6222095468156,15.3246318557625,14.0432852131049,14.9048724518067,14.4513969924464,12.0529633371831,12.6663801270335,13.1218589687319,13.8403935409302,11.1854652295356,12.1897212606935,12.4518730166573,13.2769808954756,16.2690073882808,13.1705096716624,12.6952982154017,7.51966741908911,7.04791572226971,9.78108880898643,9.80971942332344,7.45504129547667,12.7921408545609,11.5154112055535,9.29727006497897,9.11650914983494,6.21526635066137,12.1352109510218,7.43403381187087,9.99577623325229,10.5695714242213,13.4574000081223,6.56768305739062,5.11242180662613,8.1251119740539,11.3363022741325,9.04900462630291,13.3973547850973,14.1859149261922,3.46358701346358,12.7455285895994,5.75509356739154,2.81843628623837,6.62010461069715,6.04862828166374,3.91415103076673,4.92753331241329,3.89039498926564,3.13631565331095,1.17363196878157,1.85256231249525,0.0,1.3202239469158,3.35600492210428,8.8191359673233,8.31499106028475,3.5633082070415,3.91033978674771,2.90780549427514,14.384111659125,15.7028999561446,8.87374517986439,6.61062908310504,4.67202455192867,13.4079620283232,14.2488270222619,16.5792256951876,9.58465965515676,10.267521228981,11.8415591139094,16.6512784755252,5.88759427269892,1.6911088211923,2.8645542357398,5.83542410246656,3.80800415752302,13.1497365564386,5.67501477800377,7.05205357231433,6.86731990168957,3.38212202590326,4.63948710920956,2.16451746639745,5.2314127814748,6.5990411026508,6.56124697021295,10.6319607268589,8.34407177870829,9.8088532456348,9.88954355670367,9.34071240249963,10.0463266980492,3.2913302529173,3.84000332622184,2.77723053027148,8.49192148902346,19.962455213262,17.900138207966,14.2939429297032,16.2570298883264,12.1138714171388,11.3356084978176,10.4595494796516,18.5366487892121,17.7407689995285,14.3354860963641
176,19.526500046428,16.4034249074175,15.8465836510869,16.5762764053461,15.4015551547474,13.3663475387629,14.3195680252947,12.239910917617,13.4161893422604,24.6111491000122,18.0339162419459,17.0052051719704,14.1735391514139,15.1959343858154,14.7227674057471,12.6625124326471,13.1055506263256,13.5744596682595,14.054430143411,11.7778598537814,16.3092272347285,14.7933441939466,14.7416509185031,16.5214016486657,13.8290058191619,13.0516499483108,18.2024006971614,19.0049627986612,18.0699428777985,18.2716274028851,19.4129390789423,16.9029616312938,18.0327986640632,18.5678281731112,17.3041214985109,18.0678415464933,16.701249821022,18.9110777807201,17.513449835623,17.0591492258716,15.3292617458723,19.167272384806,19.7547410888427,18.3981002919489,16.9036551930232,18.5008809193559,15.1382252541306,15.3138411941254,17.9802184450261,20.1924739647255,22.0407320382575,22.141566449327,22.9035806440556,20.9977786956107,21.6788514032461,22.0731564306381,21.5882775372774,20.570025401525,21.1742702841093,21.4720938931347,21.2840748110834,20.4680575400367,18.3621806391977,16.5848178012275,22.933543127799,19.0795557353057,18.7898507384534,18.7928406254315,21.5081370832845,20.6743587550127,22.4862317780962,15.477679226292,17.7683785456138,22.8369180385936,18.5834536773423,18.9916692648354,20.4072787659953,20.625362398005,21.6845772881057,16.8854499045866,21.5577243663491,19.7148005393392,18.9567644291676,16.3447115269757,19.8506154342354,19.4122121407969,19.320678072815,20.3312189529525,19.2417685742643,20.2990225522952,19.9050655658172,20.0773650874527,19.4536290922236,21.2708901203236,21.9027260580831,23.395036127835,20.7448507879333,21.552831185935,17.6895366588678,19.636902844121,19.883850121619,20.9111372569624,18.8461999181673,20.3021411885103,21.1032316672682,23.3990480822971,22.8411305804448,23.7448227210782,21.9432015875464,23.2287733056568,23.9763286203323,23.4630903374704,21.1702609243947,19.017649507776,20.195350833952,6.94114442616859,13.1331888406692,10.4611476662483,7.08297179700019,7.41168248971429,9.24343827693076,10.7170191273035,10.5873630395589,11.9465214751512,15.6727129706574,16.5458757154762,14.327784527517,12.7884892511355,13.645075533801,13.1351528233831,10.9449253374667,11.4795904219016,11.9045671653912,12.5502825800445,10.3343565463409,11.0627499355992,11.2164371686958,12.0728117803658,15.0032953504115,12.2759518010534,11.9050202286486,7.7844082454579,7.41486802048009,8.48899032362701,8.51783981887482,6.85074552380163,11.9563189834448,10.7603710299044,8.72920435887112,8.48455359990731,5.62139787669378,10.8304417681227,6.26172981030484,8.77568353754455,9.43454625899471,12.2139987823509,5.62136513463069,4.41812426223873,7.05494047354186,10.3611654662751,8.23782676146138,12.302683776405,13.2888820829728,2.58417871971855,11.6031197860648,4.99671281060576,2.67661375677021,6.10589378753013,5.16214026382596,3.6612481190061,4.4479134698178,3.06000930844318,2.24571587840151,1.99292198846279,1.29912968132994,1.3202239469158,0.0,2.18441761665252,8.8878926134372,8.05934079489196,2.24633940415878,3.25054877858731,2.21974849006153,13.3584084008849,14.6144329559902,8.16863181442354,5.83257476144989,4.00092250709163,12.5307499143943,13.0090318871302,15.3866978130652,8.42051033009978,9.17239210857934,10.8561589421806,15.5007581343538,5.68694070084371,1.50908448109944,2.98378850535317,5.61507926358769,3.21489760365546,12.3282299702448,4.52069401045217,5.89693000714183,5.65261185987,2.2589428068046,3.38912478564764,2.7402572110063,5.71798856537321,7.03936419411419,6.71165013325334,10.5665723010821,8.67840946072397,9.78744152051715,9.57533936113751,9.39583682416184,9.88405452817954,3.33290182643283,4.06521788948007,1.94377894567197,7.52571902110498,19.2761113713441,17.1794319433543,13.8395074887547,15.2645974061324,11.7309824920121,10.8755414549548,9.88297428559627,17.5021770758154,16.5669893764511,13.2156098437951
177,17.3485418784258,14.9141709427097,14.1563300683648,14.6483144547134,13.4699613165305,11.5288619431361,12.656710081433,10.4790023861978,11.8703539450904,22.7029103625101,16.3412474391341,15.2093671264236,12.1757015145946,13.2599902550659,12.7483702551465,10.6747516139092,11.1197590441659,11.6147096475083,12.0838152473032,9.89000667734256,14.2556312683856,12.7122296887734,12.7229296323562,14.6803500892572,12.1543874409883,11.4191878786095,16.4746658990836,17.2519895967846,15.9285145623999,16.1181042934305,17.4553976807564,15.2115816596134,16.2626084139716,16.7321271604643,15.4765126356975,16.1112105993519,14.643749053439,16.7838157329373,15.4356996371292,15.0557037671264,13.4050053082349,17.0975997337637,17.7170381117714,16.3286939004777,15.0375842857608,16.5577856394593,13.33692071033,13.730890008878,15.9215027200968,18.1220501408988,19.869685740645,20.0310031321573,20.7524080170567,18.8306942964057,19.5692637283655,19.9314732408319,19.4335611068782,18.4379048163368,19.1484306796754,19.3648408736116,19.2441849226517,18.3861906016829,16.2626378409746,14.9341750315552,20.8758410589265,16.947449397308,16.7619933032142,16.7243526803805,19.5096612300698,18.7509640768629,20.353579836579,13.4799864410636,15.7593920440155,20.7997186816675,16.5814467273013,17.1320298662784,18.2442448670151,18.4844440171425,19.5896664772931,15.120184579806,19.4907445195251,17.6854731234838,16.9917057179693,14.4565398193637,17.8104484292467,17.5000622021736,17.1490100091964,18.1471564352372,17.059067378277,18.1730362893596,17.741970382347,18.1114193406105,17.617747566311,19.4064969249124,19.9228402356933,21.4848990334648,18.9711176798242,19.7059450084857,15.886980906144,17.887473721827,18.0618078083098,18.855751857386,16.9422479475282,18.1886727151427,18.945282389642,21.8546405972969,21.1368637129083,21.873275192917,20.0458241424717,21.2940389398862,21.9350883197227,21.3773555394535,19.4424858762691,17.252666532916,18.2013396254296,6.01062578216128,12.0589438380566,9.36275444231928,6.04876480144842,6.06975378058645,7.67770897586688,9.39022249416945,8.93134326836294,10.5429664318618,15.1502613035446,15.0429188236071,12.8290247837685,10.8876316219869,11.8452784260886,11.2966401034801,9.06094073271622,9.59080420122803,10.0646970798256,10.6977851880163,8.52035971830233,9.49178829220761,9.37221714434032,10.2415579114196,13.3181143883917,10.7514366350633,10.3772538747482,7.48666301126935,7.33865963893778,7.17627820042693,7.21512683607975,6.5915391948381,10.8610974420061,9.90729361614629,8.23165076253939,7.75882816638594,5.08753394794599,9.27767866940644,5.36161111814752,7.46846330526158,8.14636676100901,10.5607089403568,5.06758162622548,4.35921811456939,6.12876127206312,9.19317321041993,7.53647230983833,10.7724704222212,11.9406442602694,1.14089652327854,10.5369796762174,5.34682146365514,4.13802469270773,6.57515588421557,4.99527879038149,4.481283477148,5.07733419920269,3.7670254867397,2.7334764866135,3.60642169827597,3.0941134564056,3.35600492210428,2.18441761665252,0.0,8.1807485695635,8.32894519928747,1.14267187750923,2.94463519189987,1.63567663216742,12.4289842860956,13.4693662028687,8.06270616449447,4.26979672255871,3.20135530936143,11.93637561624,11.6172672654595,13.9762695411675,7.58761471931784,8.35371513502882,10.1705933815246,13.9036562013957,6.0380699426328,2.253499233172,3.1573152110147,4.65660206913816,3.47366675338159,11.285335951842,3.68234828185093,5.25359805491085,4.64209825317554,2.51015083821571,2.83537985859135,3.64597263135979,5.93406814957523,7.45957948441129,7.17235975817115,10.6874283419032,8.78981062040215,9.70498312929701,8.70281065297933,9.0790492357154,9.46973045340048,4.04173387174795,4.18127730343943,2.31144594965341,7.04917802251473,18.364405292413,16.332566053893,13.4854595703557,14.286811255027,11.5062904186607,10.8672023336634,9.82752866368431,16.2973998138305,15.1241013095886,12.0547342267179
178,18.2140540821138,17.4043877762051,15.8576663979048,15.2102555900067,14.0445107440419,12.5407411670317,14.1627661803616,11.5513491386351,13.554368783088,22.4163545144666,18.0172590064325,15.719301179519,15.0621776816345,16.3327058153491,16.735330669521,13.8629438041274,14.8101588941771,15.6095749916675,16.3257578794189,11.3407316924433,15.3249201297603,14.7510192104846,14.6867445825015,18.1007838835398,15.1956882198266,13.7797802039111,11.3913968922848,12.2143347260496,17.923512577142,17.8827153067071,18.0181344631821,18.0989584374298,18.4269715565256,17.7099971342107,16.6142324902183,15.9477356683946,17.8730635977043,17.9210851922495,17.8352145592715,17.7124343061963,17.5147618854928,17.7145625686804,17.479722714182,17.8076522061556,17.7950067125532,18.0607160399384,17.2267839438113,17.3130887136397,14.1973923575411,19.5709059382553,18.954035314547,17.9593893192584,19.3504397973016,17.9922718551716,17.3658915345207,18.2488668298846,18.245904878954,16.8274989214889,16.4057775571293,17.6550234736917,16.8596011148322,16.4744453186007,14.9170741913469,9.53060557569332,18.3994506368894,15.9321618005154,15.7208265667412,14.5208687177948,20.5160818116217,20.3080504750361,19.3682792231703,12.8511831413025,14.8258119275917,20.9989427900217,19.1115871954396,19.7600387460862,19.2373194740114,19.2099557498621,20.0763547937503,17.3932310740696,16.805650818913,15.3162026234399,14.0652407878095,11.662581722823,16.9594558345842,16.6450414303024,16.5178341068779,18.3357199375591,17.075292447153,17.3313260398501,17.2506405421203,15.1934637908256,13.2993346341316,14.8216321744269,16.285291062978,17.8996440510026,13.85143115592,15.5048469470147,11.8180731822679,12.8408706799972,13.9572739045526,16.0336633512035,14.0633577709452,16.2871545294755,18.7686277286401,20.8540526493134,20.3297656435739,19.7414129173998,21.1230204993582,18.8397783462038,20.2732436072308,20.1325165866071,20.9870826755677,19.9238316862092,19.75139183953,13.4077631188719,16.0119784032981,13.6372544730654,11.294060594783,10.6122055368318,10.7315297565724,12.5873476392636,10.7479461763349,12.9052551297364,18.2991810328251,17.3397566287651,14.4203495020168,14.4766711770423,15.6888093644649,16.1915786189763,13.2307189067281,14.2155473268011,15.0281462768883,15.8162055098886,10.685077296412,12.8823947045965,13.1698674144472,13.4872233523309,17.5053158108461,14.6357929757187,13.3133346812562,1.83043382164024,2.68505894907766,14.234102301865,14.1352531126661,13.1443695479925,16.1479390322349,15.579227574065,13.922602998428,13.1528068429574,10.9317563262992,15.6348797839091,13.155285659843,14.5229427708951,14.8389949465148,16.3499217665101,12.5842578257189,11.5209096121593,13.506278468809,15.2720041239317,14.1081772212195,16.1675286823933,16.5519249637893,7.47346348384327,15.9984019098434,12.0186718139574,10.0181802589275,12.1161940817782,11.1888738187021,9.40016151616356,10.7108971516674,11.0394170053455,9.46301948648178,7.95734959200681,10.0042000079989,8.8191359673233,8.8878926134372,8.1807485695635,0.0,11.1611754153124,9.24983111009165,9.45840564450964,6.99331652803674,17.0023640279599,17.7187853851854,13.0802274185831,8.35829975056454,8.99935427774496,16.4332897511136,16.8566132638706,18.2790877507331,14.3781507039185,14.3878893202629,15.4888413350163,16.8304217880849,9.10242966869026,7.56044081887312,6.11971206208038,5.08159081029754,10.456475087675,13.1607876548897,10.4588362480388,12.4843642600966,11.5296497985812,10.5455966453166,10.8171639419148,7.0017228812276,4.0759869541835,5.65194934844118,7.97608961016572,10.8083000474382,5.17645747310112,8.35183742540468,5.97812586914283,5.35900529200868,7.6373178032693,7.51476719221133,6.53447648525898,8.59628400667194,13.0477290164735,18.7615996640035,17.5930529243549,14.647723543248,18.1341399874676,12.7839484345562,14.012887951802,13.8749472748939,19.4098575729566,18.9351282169111,16.7183300696767
179,21.2830335234952,22.6997941079359,21.6042816003882,21.2765284846616,20.1162491016785,18.6128776818218,20.1923848068638,17.7810841168198,19.6352147963781,21.9585873743189,14.9137010024001,14.3089623735819,14.1808660858491,14.780681953429,16.1650711788005,17.1289551625914,17.1765706595134,17.43833647219,16.864166606766,16.9351186151679,15.7289729093537,15.0342522086969,14.2969100738019,15.6575920062554,19.6354760688287,19.0828769125551,20.0531102082301,20.6882571622221,20.1634959671016,20.0595737328145,23.8701116527742,22.4831081869475,23.3836805570293,23.67988811149,22.4960546589224,22.4396938832429,19.0076019034487,21.9601364083354,20.7540970866123,21.0010565760104,18.8964270315788,22.8591512909927,23.5521218902307,22.0702042157091,21.7421770383573,23.0749971482098,19.9665444136761,21.1843204744991,20.8244008115661,19.7396592810726,23.1490157843766,23.8920598642496,23.5000104870492,21.8803891737806,22.9066667395681,23.1369008583175,23.3569131644182,22.3286464198095,23.5086157948524,23.7715121670466,23.8617141626644,22.9296035373962,21.0152771531404,18.4183218705195,22.5732723349184,21.5064446009328,22.3833403759984,20.9833370797997,20.0307422448736,18.8580987212611,22.3368945734388,19.4600915377763,21.5508005798952,21.4141909210401,18.2650644334894,17.4609042332109,21.267907129759,20.7815423672941,21.0247561771172,14.5595136806822,22.0496062097895,22.3708886623735,21.6887661863904,19.7248434576414,23.4266908204898,17.2560916309885,20.6654253605085,21.6705844864789,20.5948682388496,22.9703836577591,22.0776036728846,22.8708037404398,21.6790846986075,22.1196204484798,22.2592802499024,22.2115369284213,21.2237220907859,20.7381876340498,17.056213633991,19.5913061772231,18.9783809142456,22.3390618802359,22.160211168627,22.0746247990759,21.3791608978541,18.7919724735205,19.0474603287217,21.1985425519218,19.6563551136871,21.3884171630254,22.7046545437471,22.6070676424482,18.011873942844,16.8509179788504,18.9961724285543,9.08145412113779,20.2105687344559,17.5584259553871,14.3025965030816,14.2599390276293,15.5951211437282,17.5099381598906,16.5694257226449,18.5499422422112,9.12812515804114,12.8349697128133,10.5905411873858,12.6448787208233,12.9861967304547,14.583816943235,15.8945477084281,15.8794608124906,16.0767885961253,15.5064510057831,15.9071739218766,9.00678599753262,10.9516498365213,11.206609253896,13.9425116982871,18.4703200009187,18.242722343782,10.1248421863835,9.6371822522114,11.2210644497724,10.6181387934886,14.3501675209726,18.6484087195933,17.7729632982783,16.2731763713317,15.9245969966258,13.2851324310766,13.5270361959944,11.4685692504121,13.3458710052044,14.7835944809016,16.1850773333639,12.3226555219854,11.946243271132,13.0274799439182,16.5878205761006,15.1935518252881,17.6713145498534,19.6132344460228,9.11776554394461,9.45414877598822,5.35876949205328,5.92667737418407,3.65736156166687,4.82680697472619,4.45497965387364,4.16549173348524,6.59576902981496,6.15597621740607,7.68760516449193,7.64084632547804,8.31499106028475,8.05934079489196,8.32894519928747,11.1611754153124,0.0,8.07901003999097,11.0112759348421,7.54347475725741,9.38552874356062,10.9707099519226,3.75386999737086,12.3177812692187,11.4873509830119,7.54825804560409,11.8021358212251,12.9084533213646,8.46633926347798,7.55033137357586,7.40079133785884,12.7155268882207,2.60700581483894,8.62578605901504,8.96328503547116,11.3552530732751,11.0495891702166,7.0967979032234,6.3053654412862,7.33993184304942,7.17704959679225,8.90660393551713,7.9607763508166,9.26978821129503,9.4196419964031,6.81675248539176,3.80743840243977,3.61491281680365,7.59735191493566,4.89037522182524,7.21353678984936,7.30524437097342,5.62895686806536,5.51953305397268,10.8730360302655,6.29443417674847,5.61690173167417,12.6519806885611,10.5951185929525,6.27284581992155,10.5798531444818,4.11895949914157,3.4470228493017,3.50577562288919,12.9386126772871,13.6720819550538,10.1998139266106
180,17.5503160613125,15.2272369239305,14.5685114731489,15.1369975629331,13.983632808255,12.0751993939809,13.1439976242193,11.0768854086345,12.3801710839135,22.7598181511248,16.1528886390604,15.2285913050398,12.0313645669441,13.037746661464,12.4936924023456,10.8449893368536,11.1538103158118,11.5626110555746,11.893021945528,10.4279264820699,14.3249015908632,12.7123014817048,12.691773630514,14.3511885018445,12.4092988601284,11.8260241800725,17.3749105783803,18.1339117935091,16.0043544735936,16.2060031535516,17.8796553344239,15.4046233701508,16.5348858844373,17.1545069101024,15.9034662713808,16.647254198823,14.5538259563821,17.0402396416146,15.535078957701,15.1703514836909,13.2715711209534,17.4670680331069,18.2003164843643,16.5848982904092,15.2012688939687,16.8699399732516,13.3401251310594,13.8582149594396,16.5490837271843,18.0931421795704,20.2439566217795,20.5860591207179,21.1498499150971,19.1907732399095,20.1114007794083,20.398281131223,19.887216994138,18.9524626170982,19.8246186044218,19.9167871808633,19.8942939522095,18.981918011323,16.8281265376628,15.8685400154355,21.346671444557,17.4487010524232,17.3463844410508,17.3541954684457,19.4738000287989,18.6224972310835,20.6573013485452,14.0971540727317,16.3580571688682,20.8699380694481,16.4105628980254,16.8693346520958,18.3604570159103,18.5930236236399,19.6731926897372,14.8946804692845,20.0449591519456,18.3536338429638,17.7332095192934,15.2579923873614,18.3563990324731,17.7016005927331,17.5293972249939,18.4071202749084,17.3559041190065,18.6538772797506,18.1504088594995,18.8450854888236,18.463562949647,20.1850629477676,20.5717981976711,22.0329072513186,19.7818021384521,20.3491753655976,16.5508163912212,18.6655323350255,18.6991508182809,19.4868284137578,17.7168768022969,18.7413647580294,19.1807025028427,21.917403245797,21.2174361004211,22.1778559776918,19.9513044759979,21.677926040488,22.2492412626161,21.6659783840135,19.2396500367574,16.9471533570317,18.1134294863259,5.03481820006188,12.2486008010494,9.590556869985,6.28302415708725,6.44298573235208,8.17565421253251,9.79669547693185,9.52611130648808,11.0241674775148,14.6100031938994,14.7471632218896,12.6820348276341,10.6348296700327,11.4936475676292,10.8891068529875,9.14829850325051,9.51682447166715,9.88514646304278,10.369746274911,9.05077897030138,9.19993844767681,9.10947575432288,10.022805536005,12.8565064639272,10.9311794203202,10.7511330692062,8.51476092626641,8.32131142493282,6.38715435211817,6.40942780118114,6.42509549602049,10.795047294888,9.8076058778078,8.2253437282432,7.84564332367636,5.27785978028925,8.66441586989871,4.58097934246015,6.8604722806776,7.7049307100501,10.1707345617053,4.58105183777393,4.12678991674736,5.58745018770744,8.95952761590438,7.28836780584885,10.5813407987613,11.9554973002979,2.22270556336215,9.79099307502301,4.45921053824725,3.7614147600263,5.89165873680956,4.24658954688746,4.24442083883291,4.51803142169162,2.86917410388712,2.22707189787295,4.00007207563914,2.67563902399293,3.5633082070415,2.24633940415878,1.14267187750923,9.24983111009165,8.07901003999097,0.0,3.24652450820523,2.47391367825462,11.7603383091411,12.8617001169059,7.39189822776205,4.954047589436,3.71441383519188,11.2557738626198,10.9587235323879,13.4078762200019,6.65166823210276,7.52305390165917,9.4034866031183,13.5647785350988,5.97334446446879,2.96273281104681,4.12382811388377,5.77665191766649,3.42327329418493,11.0781407907665,2.91376029173309,4.25247694529998,3.79250661771419,1.70140877006965,1.70370365821903,4.42170361478515,6.90791348475092,8.10268792980861,7.42062043835996,10.7480040630701,9.49596904295813,10.0319919146504,9.28074304739251,9.74153771629445,9.87045893633897,4.338317940531,5.14361375787109,2.20139033378779,6.23322955256047,18.1940077054222,16.0684727015021,13.2749774646204,13.6990945052365,11.3428272003618,10.4229642357899,9.26494088529435,15.8152815351854,14.6113238663205,11.4144289487928
181,18.1136830988088,13.3464268159138,12.9988827659624,14.1454168667627,13.0191440460633,10.8596808646619,11.4972754776979,9.68886821291328,10.5032344447763,24.7960870140917,18.6585494889537,17.5391441490174,13.828046431962,14.9445336211203,13.7441770184494,10.443401275064,11.0414245273929,11.5830773402267,12.5236355311555,9.39058618669573,16.0383494688081,14.2909496884544,14.5301241332817,16.3745785944281,10.9808178259434,10.1710788918762,17.3349573724244,18.1470783738513,16.5690155992622,16.8890642266524,16.969004419243,14.058439907525,15.2503943894852,15.8979114382305,14.6347867126024,15.7474296953854,15.1922349231845,16.9977041940339,15.5612979770979,14.8376852590615,13.3779293952602,17.0122209413338,17.586201388174,16.2483938923561,14.3311905878215,16.0013892043829,12.6466729700818,12.4077872952079,16.3633438155465,19.6363813959282,20.8535044076546,20.7822962735642,21.911403055735,19.9380711876962,20.5477236184102,20.9500584747504,20.1788637069684,19.236039524431,19.6959563919108,19.9026523193338,19.6774842514239,18.8944659211724,16.767221862439,15.8747818196767,22.388944940062,17.5123097939144,16.7931551910904,17.4265415725269,21.3104037528886,20.6477740954904,21.7793577678405,13.4707430720044,15.7386358907747,22.5777085369104,18.0604683968041,18.9469911916522,19.3144347508048,19.8124668594432,21.1590380189794,17.2715939707849,20.7561537936298,18.1431409788618,17.4506755877045,14.7335058436415,17.8028288079212,19.6408569836252,18.1454009439499,19.0720391556096,18.0351999273924,18.5719520014269,18.3663680741698,18.4964524821005,18.2763568137787,20.5486215330771,21.2292404428314,23.2544517870697,20.2587212323007,21.4127949482435,17.6859712960399,19.3994148587053,19.8541386426846,19.7907052453,17.1313989782984,18.9971909507665,20.2486907082892,24.446880271627,23.566445716235,24.0097448466332,22.0531096060452,23.2550451754607,23.6940296246875,23.0113809717625,21.66344712564,19.2316977117359,19.9412511753748,7.35903113438604,9.91977309976288,7.26039225206189,3.9118935310383,4.40589588956024,6.41956681391897,7.62201589582054,7.91983644287251,8.92039737638213,17.8490739243013,17.4965087408132,15.4395589826159,12.6643273282836,13.6610896535394,12.3466889124663,8.62888328580413,9.40948566493249,9.93476522713036,11.1287482757776,7.83888531154222,11.9315527721006,11.351572419816,12.3278768279625,15.0935294537717,9.3273421278954,8.93135249378511,8.79499680079361,8.68518702589225,8.03827655598526,8.36931112420822,4.0524667605835,8.94387829076461,7.73677879833191,5.64165116918427,5.30138565925952,2.40252729928567,9.87564661363805,5.11222696335707,7.24246778698738,7.31790886922958,10.4089877588399,3.55505666197168,2.07398927158252,5.07551080396147,7.65747038356469,5.46090025657249,9.79368323448483,10.3078897684356,2.54874398223236,12.6364125649724,7.37030227797996,5.83936275113448,8.85921435409225,7.42657258572402,6.78193531691006,7.35732755982543,5.41837404048499,4.97316208943126,4.698917017023,4.09728674889097,3.91033978674771,3.25054877858731,2.94463519189987,9.45840564450964,11.0112759348421,3.24652450820523,0.0,3.9900099853095,14.8102223654373,15.7949337779787,10.5896307768123,3.44448679007749,1.06861924586141,14.4417011589821,13.4485425523278,16.0463409306551,9.34770047361346,10.4902595779082,12.5007910754027,16.180081059616,8.66283512710918,3.12568374591867,4.04141473139412,4.77003904431868,1.19405515067828,14.1374464750971,6.11397475836054,7.09052368790323,6.75083965798681,2.92570135733602,4.3715552751936,3.959695261883,6.95784403438277,9.41857627827558,9.62051856726062,13.4309860824895,10.8405939872261,12.3781285646825,11.3080475715981,11.4393350904018,12.1899201791307,6.26521003540561,3.66479987285534,4.7251542971451,9.38087889087302,21.2546487145736,19.2000983610551,16.390278931956,16.7730820463137,14.3915797057946,13.5891326633668,12.4643563657635,18.7785960152218,17.2749412562163,14.3075800856992
182,18.1081203186972,16.0393497332324,15.1558508922288,15.4640589558718,14.2592317263828,12.3408418718714,13.5816966675967,11.2564203028715,12.7874712143059,22.9040774134485,16.6369993718199,15.3422590393082,12.9199532328838,14.0202932814356,13.840240096697,11.8293997754972,12.3480983934686,12.8891593552732,13.3265871054746,10.7191180144147,14.7212138779252,13.3737957244449,13.2882367739736,15.4775066459053,13.3391725569439,12.4595589566707,16.177551625074,16.9689278987729,16.8641497958012,16.9961527148411,18.3194251133266,16.4281472545216,17.3816445086206,17.662150635212,16.4123191557062,16.8242441629141,15.7551735840106,17.67091359915,16.5082742129106,16.1998999370647,14.7123730774201,17.9396115690489,18.429770103187,17.2970856326825,16.2277267711175,17.5665275404166,14.6701490264424,15.0275327524015,16.2929476018562,18.7684782816458,20.3312175973229,20.3501636323433,21.1017901611607,19.2659620286977,19.8167864900156,20.2611879350087,19.8959287949693,18.8094221583553,19.372979208727,19.7739345360179,19.5489035268846,18.7532485097603,16.6971789050093,14.5361908234312,20.9496606801889,17.4394631904867,17.3093667906763,16.9880607280342,19.9984879361292,19.2645362995932,20.6923497358684,14.0342795414397,16.3117490772688,21.1956871480404,17.3683276431538,17.7986444870168,18.9603711917442,19.093387415157,20.0952332729689,15.575821513155,19.587223303388,17.9694267898646,17.1644410015531,14.6202225969306,18.4100757895663,17.5577197929524,17.6251200977135,18.7781634780073,17.6408736720933,18.7344572119784,18.3208782523484,18.3108515882788,17.5148450118013,19.1867668306301,19.8443198002983,21.2813232396784,18.6071128250522,19.3959491046751,15.5195029456569,17.4620199577328,17.7202297378948,18.997450428039,17.1482902334747,18.5060630008072,19.4325589731905,21.6471714092972,21.0687108992711,21.7671862394949,20.4552122567558,21.2103632559307,22.0669227306148,21.6159491079165,19.7922325931412,17.8455587812795,18.7778305431451,7.21966069885463,13.2979368185659,10.5903963212616,7.30433492437159,7.24047084121317,8.676964675507,10.4609155930626,9.76539823174588,11.5144302425699,15.040930360674,15.3019320614933,12.8771577566023,11.6611728689567,12.6300102584171,12.4686902263065,10.3481456671385,10.9412740844503,11.4627328271382,12.0385254544091,9.41775860037914,9.86105275604939,10.072296297393,10.8240640210142,14.1484556483028,12.0316321396611,11.4748197856301,6.09560012500772,5.85835510774343,8.57479045291054,8.51420808132972,7.93298905056302,12.3096174454093,11.3475126567749,9.53139797323217,9.04913740237435,6.26827363800165,10.6945978495414,6.96584260419435,9.06824133667709,9.7602685400215,12.0587891895472,6.61896394958433,5.66464370924298,7.75625918093395,10.7458931473058,9.03863537696613,12.2818246328271,13.3434218710883,1.74470468696662,11.2202486579079,5.61782808951526,3.74081292108451,6.41925790008686,5.1869327964275,3.76491182166701,4.78580221804273,4.19313071887143,2.73384063036847,2.60767251721518,3.25410505418635,2.90780549427514,2.21974849006153,1.63567663216742,6.99331652803674,7.54347475725741,2.47391367825462,3.9900099853095,0.0,12.8235006592968,13.930312656295,8.01804813533936,5.16122996815519,4.21235836638603,12.118275219637,12.4844929219058,14.6407860344516,8.51498209175328,9.00428267650307,10.5817061903608,14.345713552612,5.05650425492196,1.69553560426885,2.07958334069504,4.28835031188527,4.54940575897206,11.0478648706311,4.30083412510488,6.16495868673304,5.51962320552245,3.69160762006578,4.02657081197464,2.77041398013531,4.49776914704522,5.83408832168892,5.79835060526751,9.55432287994542,7.1957630374966,8.39016888780129,7.57603153866989,7.62864779268746,8.22775517487251,2.70097322236779,3.70754743261709,1.91500491977181,7.44728417485302,17.9577510599005,16.0125674242348,12.8356549438545,14.5639147854317,10.751626143003,10.4014150442006,9.56619188557052,16.573494971709,15.7058768049011,12.6009201137904
183,17.2745379779296,22.2318813283589,21.122452184144,20.369280193012,19.5044660982834,18.7420567279217,20.3256348605638,18.4884484818644,20.2625799681223,16.3721551015572,8.45454557594866,9.77266866456102,9.18130549052939,8.87156450753808,10.9530032231522,15.502541476745,14.7722136754077,14.5189959689677,12.7847073494424,17.2514157085983,11.2921460001107,10.6615437259104,9.7022948856394,8.63319815934801,18.9093763401459,19.198762098863,21.5503985146919,21.9455344356184,15.8424398996412,15.6533067288517,22.1554491226214,20.8711935901653,21.7266641154949,22.4504313137833,21.4879336547902,21.4433162415843,14.3220708023492,18.7752923557747,17.1486766098558,17.9223733581262,15.0954849561697,20.5024162096808,21.8070736171208,19.2407855240162,19.4529568013255,20.9892561653966,17.4720628509289,19.8671762582898,19.9446780656497,13.8258875145226,19.786340043618,21.8845018553346,20.1911514509293,18.535153676988,20.8390528719288,20.4435525315379,20.6698748334975,20.1953021224164,22.5851389522092,21.8678787803463,22.7478081879168,21.4738798251588,19.6265644762945,20.4939959679317,19.9792293633045,19.5520607667875,21.2919758418876,19.9538954931867,13.8499895524529,12.1660228557641,18.4046565875491,19.110678833069,20.7285835649556,15.8231289040584,11.8094253320251,10.1605837614371,16.4170947024237,15.7414541907052,15.6253668061941,7.91502491784161,20.1667557835786,21.5623736881382,21.5443510377813,20.4007333590811,21.9692031458313,13.4841665551423,17.7298346851616,17.7990301349885,17.1226942607701,20.7802649747241,19.3599450251654,22.5577602921996,22.4176368355332,22.2824834422845,21.2156462058989,20.5895661552926,21.9363279947335,20.1632629830382,17.2726367569914,20.3546632925627,18.6577461063344,21.0709539887067,22.3636312700827,20.256521893568,17.1246923492674,14.6787670312826,14.4952137051378,17.85699416007,13.0950577712777,18.501652151205,18.8797749853443,18.532509585555,10.9473347851526,9.21850100982574,12.6448466377672,8.25339453952492,20.7214357924923,18.6376816972936,16.2960579591156,16.0910539789568,16.961961524209,18.6865816960307,17.7920624080993,19.6075557530794,5.07841040484155,6.03689692778926,6.24482152753,7.6847444940574,6.93238706012467,9.45427368216258,14.7833432884968,13.869296793814,13.5374453807937,11.6625704852085,16.6865361263066,5.20821941047163,6.94748994813472,6.8014303983087,6.61370649358163,18.1489494684074,18.6884202692857,16.7668054657193,16.6592085339677,8.98370470749695,8.14767637181099,16.5144885400599,18.439597635001,18.2127751094687,18.0444739591841,17.6417176513702,16.1452588487801,9.84833134341713,11.8403769345297,11.9029417321592,13.6703764713206,13.017795169464,13.9699252243328,14.905496046033,13.4215560832159,16.0880456086237,16.1500311339856,15.8664087421117,18.8401953922635,13.4173292503095,2.80786192047437,9.19437319503834,12.1817557308242,8.90571556255204,8.41489402985279,11.2757624364964,10.111560684905,10.9469625772298,11.2485590591041,14.3122150441764,12.9218683701256,14.384111659125,13.3584084008849,12.4289842860956,17.0023640279599,9.38552874356062,11.7603383091411,14.8102223654373,12.8235006592968,0.0,1.9033851241787,6.44003441985647,15.0421621143502,15.0379882550562,2.38582498952259,4.53203265067994,4.29717858503089,6.14785547385104,4.56351341260994,2.81368445017407,5.62477909504278,10.642640393784,14.1936704577021,14.8806893498614,16.0686316527538,14.8270212307723,5.51286584518707,8.90315649409801,8.07614581486102,8.08918813100342,12.5395519048462,10.6912851884451,15.4688989450102,16.3923455943061,15.0124003230258,12.4958722524959,11.312645436984,15.476755045244,12.4311757659391,12.406190072446,14.2994037186969,12.1156144743124,12.6478789227643,16.4355811188345,11.7188448196062,6.04489289490953,9.86445176242045,7.50530673033411,8.28255493586373,2.20729521311375,8.56400707726151,7.17187423844269,6.3488088442874,4.85874555409013,5.03653015409354,1.74449019921098
184,16.1239972138529,22.0949480616577,20.8994964051777,19.9360368427129,19.1483344752393,18.602914291011,20.2239719482624,18.4850394691761,20.2864310219009,14.7480642417219,6.87780423016806,8.57928734534973,8.175388083476,7.63644650745337,10.0392966553605,15.222893455319,14.3953703560878,14.0760429479894,12.1504863106864,17.2038249135797,10.1157764244651,9.65059179620622,8.6468917473344,7.13473618565955,18.7847918767562,19.1807263034817,21.2201613072962,21.5500216409917,14.7673207926773,14.5256177023698,21.5189432952434,20.5307116676044,21.2863105463512,21.9732628234637,21.0837813090196,20.9099193102195,13.3516272754826,17.8596853668696,16.2992360517829,17.228849499515,14.4689825140357,19.7230324197981,21.0799298258332,18.4516750197953,18.9480281162015,20.3739858213654,17.0813548046195,19.6801204608466,19.304055995965,12.2675160651958,18.5874716957029,20.9048015148097,18.9547595021335,17.3554438332531,19.8383464542109,19.3348823092033,19.6114278973778,19.2398588847211,21.8156762314486,20.9505130457583,21.961594155385,20.6545352933566,18.8939079989595,20.3064147627152,18.8279897792999,18.7071073456216,20.6506535423855,19.2301341659663,12.1760741156507,10.4343879040402,17.0618969911825,18.7104324553707,20.1691865293394,14.2056321579891,10.2743145471379,8.4170721592488,15.0682364259051,14.3121224109015,14.0784130972538,6.33353849491524,19.1746060405573,20.8657673081047,20.9690020183904,20.0598871808151,21.250112512167,12.2647274918083,16.6837967647145,16.6001168695347,16.0115407969508,19.8843204573996,18.3744343642466,21.9298404687865,21.9417016181054,21.6332014624654,20.3464059918613,19.5914398264904,21.3880404832257,19.3808014056167,16.7424410769042,19.8440892294953,17.9666878176472,20.217532986437,21.8734468997384,19.353819166228,15.7887202799859,13.5015108974195,13.1531809094333,16.6029596685578,11.3562014374373,17.3085127866416,17.5085957998298,17.1334248140353,9.18487352558416,7.39965204883522,10.9908889284621,9.2235083667125,20.9588298172113,19.0123885264322,16.9138288614492,16.608699761038,17.2667978296722,18.9683289117613,17.9636625557962,19.7868976642821,5.96994475522262,4.58058456986082,5.57286505984567,6.91429216560222,5.92899220364419,8.81615008012999,14.7347611928367,13.7158250614542,13.3364684319114,11.2704021877219,16.8016740825937,5.17140598954001,6.58697877915222,6.22691821336756,5.29395205067763,18.2063634543927,18.7977985830639,17.6649623165457,17.6398184112632,9.50496443630709,8.70997723996079,17.346512011251,18.7032593084357,18.6501963264165,18.7149365214285,18.2542924167972,16.9650244561789,9.86022734670227,12.648356677859,12.3189973356025,14.0165785287146,12.8559881571299,14.8353217616026,15.8948421971295,14.1084241481457,16.4128651936929,16.790427811298,15.8496968046206,18.9011693560303,14.3937378768074,3.54680832195513,10.752230126171,13.6700109808884,10.5926126015361,9.8777285918418,12.756110553876,11.6723142112561,12.3706709924454,12.5898159030062,15.6323670606459,14.2852092832412,15.7028999561446,14.6144329559902,13.4693662028687,17.7187853851854,10.9707099519226,12.8617001169059,15.7949337779787,13.930312656295,1.9033851241787,0.0,8.17115677702179,15.6634310082234,15.917152010023,4.20362063290172,4.00234424713406,2.64565468594387,7.25112073538648,5.86912661161495,4.5396052432332,4.10190683028041,12.1066867256566,15.3569074883272,15.9734272979711,16.84507675211,15.8938646818879,6.03128012692318,10.1076805581579,9.31000749489366,9.20073606425383,13.7232644204601,11.8564063890493,16.6449149935306,17.4642537139356,16.2337969869865,13.8776611624376,12.6364241169912,16.5720897180287,13.5716986178403,13.1243335561736,15.2433555981421,13.0831237793815,13.9859543181048,17.4523909517104,13.0040808435826,7.57436204438415,9.64887344603329,7.55474835315965,9.32922944272513,1.93003676102872,9.82678347449505,8.81811982508962,8.10596094019427,3.4700964401077,3.1583505262339,1.55655241713785
185,19.7589704794901,21.4034390276742,20.4761511768101,20.2975407488815,19.2106589424924,17.8015638637308,19.2605981862023,17.104492480671,18.7949223957703,20.8671437999305,13.264970866395,13.2619118716565,12.1423879634333,12.5538679768009,13.7071596288486,15.5360165139304,15.3034318606455,15.3804521729635,14.522096383508,16.1208789366802,14.3064783096422,13.3171230618358,12.6131879097541,13.1704053859931,18.2226828588595,18.0083026997505,20.8151741453007,21.416167986613,18.3107177284683,18.2622853341759,22.7059882467395,20.8578547671969,21.888714956012,22.5167786006589,21.3589722195207,21.5826044394887,16.7915860423631,20.4546569826626,18.8911695263448,19.1623350722779,16.6088869572083,21.5912046721821,22.5727528505694,20.533922050799,20.0175404741872,21.6456515524828,17.9774023711865,19.4987204534505,20.3813694563641,17.9158022935651,22.1833987314047,23.3752255132082,22.6995276608745,20.9271883042701,22.4558997586541,22.4699500235775,22.5214460903211,21.6935426438003,23.2931590377233,23.1541567997907,23.5165839837626,22.4310629161033,20.4083209956358,19.3449065347311,22.2561219843072,20.7345219467151,21.7131797699882,20.6525671607321,18.3744829280387,17.0163994801404,21.4082020964121,18.8653906953695,20.9095104279044,20.049157559309,16.0656097848649,15.2050585296406,19.6229430067897,19.2285209429457,19.5421132099191,12.6151091390989,21.8148631587355,22.078626959849,21.6329239326553,19.7670008424854,22.6407165199838,16.6012459450241,19.7102207928352,20.3522078358299,19.3960689378002,22.0930313683225,21.0628521252411,22.7756051053569,22.113440026494,22.6421693449738,22.4058591044937,22.4400024582553,22.0094780971364,21.2539829274515,17.6721924481288,20.4367897788013,19.5361541392882,22.1537205541817,22.1252569345267,21.5607157646624,20.1667285987428,18.4782370532495,18.4660251659167,20.9653532787782,18.0121026328988,21.2121531026854,22.083838421808,21.7912278601172,16.277822848129,14.5976218988007,17.1482336849999,6.26382328205467,18.9108950862521,16.4103884971866,13.349950057149,13.3915057976154,14.8012769210538,16.5859216496638,15.9170512092172,17.7166485910447,7.70629857607787,11.0322827906306,9.40465242586942,10.4151202689481,10.5129785078691,11.8825564395837,14.2394210011273,13.9041359433536,13.8911575770729,12.99130872362,15.1025791842084,7.06153511324376,8.81807690838807,9.20716000625464,11.1796775782726,17.0106645574703,17.1598744041587,12.2629745915749,11.9003118633909,8.3978182603382,7.70308248382464,13.1457893600637,16.9229712128779,16.1574215539304,15.0746864986102,14.788467919339,12.529530075854,10.6635104721422,9.35573990001988,10.895159963165,12.5436904761245,13.6347392173436,10.7830875521078,10.9729084330906,11.0826540234939,14.6498553339623,13.5901743804306,15.5339269742368,17.869000491455,9.11418512794634,6.0936316312206,3.69726453179265,6.27414845545943,2.61110711863012,3.16557730566246,5.29628449126873,4.04385701933678,5.66359020904386,5.92832800620107,8.69460012954545,7.51632758603436,8.87374517986439,8.16863181442354,8.06270616449447,13.0802274185831,3.75386999737086,7.39189822776205,10.5896307768123,8.01804813533936,6.44003441985647,8.17115677702179,0.0,11.8895080150154,11.1003212469078,4.78192954871472,8.62057011059962,10.0279829185715,5.0988467154427,4.05212896136353,3.96179034851186,10.5561669262322,4.79536691104382,9.13751317436357,9.91473332426245,12.0578692890973,10.4601520748727,6.44259878939789,4.74811181841736,4.74270761225317,4.91939171933813,8.01033329702841,6.53713496785946,10.2323668373806,11.3300870221541,9.6862411366085,6.9093395068359,7.00397857096176,10.6306183652707,8.15428483391608,9.28546109893873,10.1522952331219,8.41350186877067,6.99022476506504,11.6617894237191,6.45880657702131,2.28603709541695,12.6069127753959,10.1929516182459,7.23957764017129,8.1131305895242,5.82863297528663,3.61483750795685,2.0719707873171,10.7817528884731,11.0055124046297,7.1899916384997
186,15.1750556945757,10.9130876906395,10.1169513036237,10.8835215870466,9.72024262367781,7.59280578181197,8.53144983527978,6.4248106975482,7.66744538853013,22.6400478853737,17.2686593884979,15.8150832919397,11.9869906017285,13.2468288677011,11.9057073281045,7.69021284766448,8.55602140215764,9.27876983510228,10.5067759072929,6.08084627543914,13.7953429681068,12.1013852969815,12.5310851832726,14.8883426449912,8.38695980122089,7.37047922541756,14.2519143740515,15.043660978952,13.8503825048327,14.1637625549414,13.7681290374689,11.5286714949259,12.4835882370706,12.8263284834105,11.5625044867957,12.4106515974141,12.8416382995781,13.9303509733778,12.7926330763529,12.0914303649585,11.2088896962235,13.8002748492057,14.2531973468659,13.2052979703806,11.6333445574175,12.9736081817952,10.3374886507885,10.1581452733989,12.9605548377747,17.3218095520192,17.723461789504,17.4529819199457,18.8155230121326,16.8748642523786,17.2986318337316,17.7541829933783,16.9148016906877,15.9494593570327,16.2967555476446,16.531525815805,16.2588138986344,15.5030465893296,13.3979169065007,12.9304861732683,19.4257552567069,14.1899013532204,13.377097590341,14.0787608303385,19.1389128542396,18.7289095201537,18.8973494535257,10.0441121365616,12.3185515555575,20.1935450549995,16.0518026318159,17.3024916046184,16.5743673033855,17.1713073922256,18.6520357925744,15.8364085159714,17.6331825414054,14.7308574099199,14.0522335165361,11.3426125428868,14.4097564229074,17.4284292628359,15.0410720537717,16.0759652686529,15.0199413479951,15.2345842839632,15.130292602271,15.0802257203769,15.0110834054334,17.4322978578156,18.1280391957079,20.4681515527884,17.288424360075,18.6230235529377,15.0530479050212,16.584013992427,17.1636626312363,16.5088447953584,13.7121947789376,15.6954769118278,17.4064726711962,22.8854485951499,21.755086185345,21.6377191057681,20.1232956572106,20.6727539769735,20.9862879993175,20.2503607385608,20.143737733014,17.7936248443185,17.855048537367,8.27042319066982,8.43663611792424,5.79529370231507,3.09589338290724,2.40032439817765,3.53503720373847,5.34698213253403,4.75664091993413,6.35785099535002,18.3649239120406,16.5427051840332,14.4518713933876,11.1953669471422,12.4032441871606,10.9899140789382,6.20476097522452,7.31052884087729,8.08217851556681,9.56018045349189,4.58815738247403,11.1803845981773,10.127237688131,11.0278883849696,14.0444220084115,7.12343042008119,6.35188417590895,8.38719836915202,8.61854202990058,8.18841204533316,8.55269894650424,5.46350305494257,7.93921957361039,7.30802911338964,5.97701750035094,5.09953397783337,3.43007358023882,9.26667552378412,6.15917143067591,7.12821783721009,6.89353737300614,9.15852463304004,5.14327552572917,4.70648932384152,5.75136150254147,6.96170882225764,5.89884132891437,8.31092061418662,8.66935159053856,3.51522904391766,12.847779227561,9.36353205692511,8.29997093039984,10.7362977382444,8.91737401301401,8.70561646538926,9.32498749745119,7.78450835034176,6.99020095093422,6.94957025079494,6.90090478478832,6.61062908310504,5.83257476144989,4.26979672255871,8.35829975056454,12.3177812692187,4.954047589436,3.44448679007749,5.16122996815519,15.0421621143502,15.6634310082234,11.8895080150154,0.0,2.41592538065825,15.0927487864014,13.091737892367,15.4941093794953,10.1721761246633,11.1876706187565,13.1938686331999,15.1656734635565,10.0283325884167,5.15214608695333,5.19562997045058,3.61393256375064,4.54261385734892,13.8904570224168,7.23114112542483,8.35905973283901,7.62711698612388,5.59244445816675,6.16779883335743,5.7780589939188,7.42004980976382,10.2035007619123,10.778899712908,14.2437228920278,11.1514018672397,12.7960855765538,10.6844419864259,11.3198512200573,12.2055747764833,7.8526576519474,4.59926481110707,6.55329993438212,10.5005895057949,20.8771880022912,19.0463364701159,16.8452800380949,16.8105771865805,15.0133647198177,14.6945653623187,13.6555021021418,18.367664244157,16.590064596606,14.2402649791318
187,17.3192708504249,12.5029211725494,12.0586668728542,13.1488389909095,12.0148636365441,9.84413851507749,10.5221406816045,8.6564312090447,9.53531721423921,24.2956784122027,18.3973884609595,17.1612432583216,13.4022542354698,14.5698604341483,13.3014242361973,9.64101724469015,10.333114783505,10.9348660570522,11.9952181971068,8.38433221183464,15.492155658091,13.7554563082946,14.0582734790237,16.0727159767135,10.1340187040176,9.24057751380502,16.3980782738811,17.2099183490825,15.8416801081748,16.1656511369388,15.9965731774222,13.244128782454,14.3747018926884,14.9339320065804,13.6697094741555,14.7324850957257,14.5755388207405,16.1308590053204,14.7878510889006,14.0461594364819,12.7781322336463,16.0727932745596,16.5946986216855,15.3696779851336,13.5115832592809,15.0861339644881,11.9484900152518,11.6591353138199,15.3698553858941,19.0746247838834,19.9956067333484,19.8321916017439,21.0679029255244,19.1069256004489,19.6335909788875,20.063161703373,19.2615005816188,18.3075642788068,18.697195815899,18.9305059411716,18.6710648851098,17.9095046072046,15.7954687784176,14.9720734772702,21.587574290111,16.5650845526368,15.7761752038612,16.460785311513,20.8022817421903,20.2225952842339,21.0194506814913,12.4490716847102,14.7164278914122,21.9987847088104,17.5941540808884,18.6056687109431,18.5994371213155,19.1377139289335,20.5352143644773,16.9927842993891,19.8883283562663,17.1387870160913,16.4382829951607,13.7046455724742,16.7939808212857,19.1047067494735,17.295968734204,18.2630896468689,17.21953916235,17.6126445631517,17.4577305819367,17.4748522951507,17.2903941664336,19.6390832053474,20.3538551431701,22.5002897652469,19.3894263886521,20.6399321395224,16.9556211222307,18.5880841166832,19.1126059682317,18.8522613199194,16.0908202331232,18.0597588535769,19.5028645014748,24.1272669122168,23.1693636503507,23.4189511267958,21.6271938219696,22.5886936486965,22.9949137901819,22.2957217201977,21.3704482614904,18.95873999052,19.4584240337423,7.71180966904889,9.27642620313151,6.58406906449102,3.26707562311298,3.53768769327944,5.44041961747084,6.75085392396747,6.8918739275691,7.99232021523242,18.1665208681567,17.3684023710214,15.2836960706061,12.3492832879366,13.4188308843079,12.0457281627319,7.89918297084693,8.7994578312144,9.40525467592668,10.7272601033052,6.83638405611409,11.832107010002,11.1028603778533,12.0639995074778,14.9236796555896,8.56148257961679,8.03717438903967,8.52384559824992,8.51750942919649,8.14577122910182,8.50243834605451,4.19388153309869,8.48321707630939,7.40403539401738,5.43236062368184,4.9099798454353,2.14765231889244,9.76215732678874,5.39634005392474,7.19778901358431,7.1326706378145,10.0628362012711,3.88680139104486,2.71470840043356,5.17224070960548,7.32322645407226,5.3737123175253,9.30444342959565,9.70078435647856,2.54543247438369,12.8439398578959,8.06641677721463,6.62137818560395,9.52359297208297,7.9606897537461,7.39695249248588,8.0220032463054,6.20337983827769,5.60841092785001,5.29610300243135,4.9786563588059,4.67202455192867,4.00092250709163,3.20135530936143,8.99935427774496,11.4873509830119,3.71441383519188,1.06861924586141,4.21235836638603,15.0379882550562,15.917152010023,11.1003212469078,2.41592538065825,0.0,14.7916427931069,13.4838647977568,16.0393521559698,9.70995313387326,10.828282928357,12.8541106100218,16.0295397437124,9.11570755676862,3.5708812557826,4.1452873553857,4.11184776316207,2.2018006992768,14.1926853865656,6.50488453014647,7.55962347167045,7.08560160517192,3.76482720194854,4.94433567216681,4.28783819045504,6.90457251782904,9.58814413394299,9.97649329837013,13.742078273519,10.8770745328341,12.5348540755273,11.1364430483811,11.381039083558,12.2256765360246,6.7105930993009,3.54471535114089,5.26677629777678,9.83428195676289,21.2948621592338,19.3077847454183,16.652627476995,16.9501071788673,14.6860413177776,14.0454572206136,12.9493674263154,18.8259195885497,17.2328750298515,14.4413262886116
188,19.074299597997,23.2313992090622,22.1594328214979,21.5422986287322,20.5937379183191,19.6247408620433,21.2100434784649,19.2197087440053,21.013636158615,18.095767220475,10.2512745516474,11.2093729274632,10.9804587622765,10.8652563287993,12.8329643263601,16.6792190354926,16.0961374275413,15.9413425114682,14.4290880562101,18.0481139937468,12.9861078080354,12.3688112713568,11.4041728614041,10.8440676987411,19.917209890199,20.0367996236035,22.1460161250181,22.5961034319556,17.6819557666742,17.5084619652966,23.5387347420036,22.1176817467694,23.0309389948613,23.7107133852771,22.6801781745825,22.6674581868646,16.1825262099692,20.4315866211709,18.8443217709922,19.4988866916376,16.7192744044474,22.0097734943147,23.2069341031569,20.8188292469053,20.8571736254584,22.4171082057753,18.8359947597501,20.989707378067,21.1181699530844,15.885045328833,21.4526183585281,23.3033295074863,21.8176975824622,20.1738288392613,22.2343105124495,21.9661081961688,22.2280620525701,21.6249727715458,23.7897926095967,23.2851628939061,24.0062178582281,22.7912632933522,20.9077654401171,20.9322260933457,21.3668948681397,20.9549720240934,22.5429749113512,21.1445137570898,15.863808065935,14.2383228808738,20.0979755001965,20.1507024625068,21.9097597218733,17.7270781952027,13.9693182087642,12.385284785693,18.3540539683691,17.6758140294238,17.5706417217099,9.89809034974889,21.4653215829479,22.7388335106588,22.5682505376882,21.225741849824,23.3109831409989,14.8767427463822,19.2914743865775,19.5654225245342,18.7953418344115,22.2572949956553,20.9227499329212,23.6362810651022,23.2249932218454,23.1486431802745,22.3192136439304,21.6739709695672,22.6410486927949,21.0416916831985,17.948886740226,20.9893742717141,19.4525297368069,22.2967580451945,23.3312644341162,21.6161748367427,18.9112722293783,15.6726321464057,15.7746958292593,19.1282803289218,15.0718501947111,19.7780447221648,20.4378417161557,20.1900060436648,12.8621188149666,11.4294573909681,14.7221366091109,8.35491719848455,21.3630515467384,19.1078205042609,16.4629705384888,16.3488467821699,17.4251758870733,19.2059617937732,18.3553697715522,20.2099838772974,3.95033449023462,7.74202587953036,7.28666220025638,9.39136302266769,8.87520819343973,11.2073181810478,15.7674506377933,15.0212533823561,14.7801342080996,13.1549768606468,17.3317012074902,6.22855785450239,8.31908998452496,8.27765644989091,8.83004582775165,18.9965510202555,19.4084050939175,15.9776361086493,15.7606703372331,9.66776358140835,8.82459928043352,16.4805505618686,19.1337008637333,18.7032624241083,18.2015306283026,17.8524015556456,16.044201621892,11.0729094054233,11.9950559302879,12.5904803485718,14.3831129774688,14.3049251026508,13.9483840889776,14.6307346855528,13.6921370135757,16.7599889308313,16.4122134974014,16.9220620343227,19.7411525742205,12.9672467027832,4.13046101471922,8.04665127146711,10.9559791673199,7.35225250851059,7.39354045188256,9.97077103171486,8.76320654567715,9.99143506161064,10.3148623881648,13.2593937306901,11.9734697527492,13.4079620283232,12.5307499143943,11.93637561624,16.4332897511136,7.54825804560409,11.2557738626198,14.4417011589821,12.118275219637,2.38582498952259,4.20362063290172,4.78192954871472,15.0927487864014,14.7916427931069,0.0,6.51919451520111,6.66926426932593,6.27022235886106,4.52429418000828,2.30328030230006,7.62055898110664,9.16755169002225,13.4287605237913,14.1283885062695,15.724991671748,14.3852085574142,5.20065148428748,8.34399808710812,7.69318300297149,7.82014102374062,11.9721731813527,10.2162741305208,14.6185393217341,15.4815931583464,13.7225636881862,10.986076964099,9.55927758022632,14.2569852983672,11.0143118070795,11.6806536552017,13.2332124528282,10.9580124795331,11.4774784880487,15.8139996849654,10.8134348425508,5.16815746558531,9.70932171148994,7.18307034065489,6.69248482485253,3.59165687076763,6.82487474901303,4.99913910223853,4.23668521090086,6.46236189020777,7.34710795720523,3.95727590276184
189,13.8015347653747,18.4853573319477,17.4883163985385,16.8579546893971,16.1175396042321,15.5359473505938,16.9335190320858,15.4732572193716,17.0127134296989,15.5374076762087,8.10326910725528,9.29143081600992,6.01135990505875,5.66027498611068,6.75447598739972,11.8109741170627,10.8573933733241,10.4459137302883,8.53578190639201,14.1996605692675,9.00156380553777,7.70650485833235,7.1628639228043,5.45147932761724,15.2278275153553,15.8091936303646,19.994099552889,20.3762669589878,12.0052513019585,11.9464249410735,18.4088776428043,16.8594153534033,17.737219819662,18.6767461526575,17.7823998913217,17.9998403693759,10.1460927895811,14.9954193389256,13.0812857601216,13.8043647932763,10.7784883861861,16.7893640828574,18.2919521984984,15.3398273551156,15.3707276040188,17.0615488214714,13.332074076743,15.9386165303935,17.1404582797776,11.0631637855715,16.9697712103629,19.2003538477597,17.6945386623549,15.8294596070133,18.3934121018367,17.8789170501703,17.7337558435298,17.4470025517007,19.994249962362,18.9506022168774,19.9819684383222,18.634526098694,16.7141037386308,19.1472958850513,18.2601884853882,16.5333448574918,18.1014779444599,17.3834415530886,11.8777022585796,10.34399379528,16.1504505513137,16.0764180430888,17.568696290331,13.987878545854,8.62970731267165,7.82678887507211,13.1607853375117,12.8726019882538,13.2432337178077,6.60497773854585,18.1692610367708,18.8669331382997,19.0553484218767,17.9720879086754,18.6500996309072,12.653059113829,14.8830920678547,14.630918649942,14.0666092638196,17.575613599228,16.1850170614048,19.9802923057115,20.4453942936532,20.7386488227812,19.5510772930974,19.6265033452336,20.7346900214304,19.260606714784,16.4860854915912,19.421287581702,17.8715670419308,18.7871420074564,19.763934770363,17.6104425665372,14.4678927202767,15.7541735500379,14.8261914043106,17.3833503194624,11.7594682476487,17.6398312740635,17.4062303181503,16.7087961574056,10.4321994241634,7.50923602428631,10.3446264446012,6.73443196309537,17.3560594298049,15.6086258905099,13.8712003268906,13.5945051317167,14.1979597106707,15.6826474447837,14.9553919059952,16.5138910356102,9.55748669008853,6.65213294921458,7.1405677848901,4.5055632810184,3.59787249349969,5.11577982236773,11.2461259329306,10.0781840021707,9.58159574063403,7.45049981759772,13.785070203018,4.69467064667527,4.40554501255092,4.62478688878234,3.14070227386593,14.618110307405,15.4177485241204,16.8871012047205,16.9344355292165,6.1835369846403,5.52620260673683,14.3258531954903,14.9983659329864,15.0752371654378,15.4665224060315,15.0169116584327,14.1706192693692,5.9829753156419,9.64289400085169,8.75254032616109,10.3641559159551,8.92538197048583,11.9141234105928,13.2691781913162,10.8771438549204,12.7431634770009,13.4599205484398,12.0029453548087,15.1326340141535,12.4811394212911,2.70631760663478,9.85446337038494,12.6906681706521,10.4155210300602,9.05675066571128,12.1363931188053,11.1062922831646,10.9990126214104,11.3232437482204,14.4121035355672,12.7826845775244,14.2488270222619,13.0090318871302,11.6172672654595,16.8566132638706,11.8021358212251,10.9587235323879,13.4485425523278,12.4844929219058,4.53203265067994,4.00234424713406,8.62057011059962,13.091737892367,13.4838647977568,6.51919451520111,0.0,2.96752865303399,5.29883354980839,4.88151131742147,5.21432089507464,4.95841757592368,12.1345653728626,13.7510536049246,14.4917918047422,14.9899436413373,13.5409319202065,8.05748843864534,8.63665804367312,7.53417092162247,7.40246439656397,11.6735526066067,9.87491613894217,15.1451198373302,16.4617940867171,16.0987152015477,14.1001156804333,14.0691922778588,16.6707533972291,14.5065404442133,13.4170232094445,15.5512622634682,13.9006047132682,13.2527006550776,15.6568762630237,11.7524381976543,7.0125593541148,13.1716020215058,11.1139642114402,12.0449372127086,5.87921467128875,11.8741623674955,10.6508326239258,9.47658176758642,6.99270158082446,4.41315370211585,2.89186042995512
190,14.0442524297733,20.6618678123381,19.4626101148446,18.4039734985315,17.7301984635247,17.4192383069648,18.9767890933008,17.4730511403082,19.1821153175666,13.4494621353618,5.90566143415836,7.85688564036425,6.40904832265355,5.58395451744227,7.9239164486599,13.7851088364957,12.8065851692763,12.3757894673687,10.250684750736,16.1607435002951,8.5423085445444,7.95088806842418,7.09127784165657,4.71624036939893,17.4182927570849,18.0024193302428,20.555273709866,20.8341159280088,12.6011286461919,12.3673509888491,19.7262468905379,18.854681530063,19.5405017185479,20.2865031973244,19.4850524569712,19.3248103256836,11.1462335838512,15.8470653969936,14.2294415021656,15.2625561740061,12.505888281477,17.8418230607167,19.3168575000732,16.4898665642973,17.132614019986,18.5278199275245,15.3492454620277,18.1572758673641,17.9115954307615,10.1023539809717,16.7508302112967,19.2983321611893,17.2271872478775,15.5838392394253,18.319941158336,17.6808199070786,17.8369436824143,17.628742448702,20.4061013132755,19.2929023869532,20.4653366183706,19.1062773834543,17.388370128722,19.8272834053357,17.5097948916338,17.0702507695284,19.0906700194179,17.872833931796,10.2729223681866,8.52392942179824,15.3525517255132,17.4062393076464,18.6859566354211,12.4378030696041,7.90443187430988,6.16693032362285,12.9011809530569,12.2412191017389,12.1190557748692,4.80909138634811,17.8571698264946,19.4697939747031,19.7477374455322,19.035683127963,19.5747272592466,11.3140578153948,14.9636859633184,14.610268993699,14.1473261049791,18.124468846395,16.5594593936297,20.6296338711976,21.0015574915629,20.752390724523,19.2608274682988,18.7174471590716,20.7223310187,18.688048790225,16.287948111124,19.323634482339,17.3944801303353,18.8799150376851,20.66361512649,17.8271912313462,13.9036161290523,13.4595821402751,12.6451247045221,15.7671058153877,9.69608231773142,16.3415634846936,16.1265154321583,15.5702684777472,7.91616002061852,5.36046289578511,8.93224832586535,9.51211822132671,19.9401255370767,18.2364614728824,16.5459964924551,16.1579868536534,16.5719820508473,18.1449002341681,17.145476574516,18.8532180051716,8.55105552558253,4.40220943457338,6.02067716356502,5.44361529994443,4.15333030461856,6.98460286107947,13.5386203507359,12.3640433862727,11.8924287413014,9.62687363665684,15.9342939759637,5.41407810459802,5.77171328309605,5.36625376350694,2.93065556711128,17.0336483183199,17.757604053447,18.4258588291012,18.5033250774713,9.11196873748948,8.43764549088225,17.1826831583819,17.693072084341,17.8703712362436,18.2949281206441,17.7887679185175,16.883537222035,8.73384221832869,12.5368714646707,11.637815275045,13.1899795772064,11.3977590654169,14.771239230805,16.042269418638,13.7736808370742,15.5123063903024,16.3311256831972,14.5245960588637,17.6487911954132,14.8135550642593,4.39947328228752,12.026366568801,14.8645652851935,12.2184692063786,11.1139040734138,14.0792552618667,13.0730933086479,13.3722469097732,13.566402742836,16.5986628643104,15.1845313747414,16.5792256951876,15.3866978130652,13.9762695411675,18.2790877507331,12.9084533213646,13.4078762200019,16.0463409306551,14.6407860344516,4.29717858503089,2.64565468594387,10.0279829185715,15.4941093794953,16.0393521559698,6.66926426932593,2.96752865303399,0.0,7.86682443305325,6.95446778698204,6.37151537719377,3.06210528420222,13.6589418132378,16.0468735018271,16.6458706724029,17.0832546607996,16.2139274912646,7.71194842402214,10.9205585315486,10.0463423795836,9.83962130377415,14.2755754563277,12.4369138465053,17.3794645920989,18.2947182283287,17.5310586384037,15.443641919075,14.6249086509441,17.8524792154414,15.2216137587709,14.1658580163482,16.4783594244073,14.5458916830107,15.1544768666121,17.9296413290412,13.9398899159483,8.94098005648144,11.2779139195514,9.50060261601402,11.6286315764477,4.40836517962186,12.0072567030928,11.1552695517718,10.3193778110447,4.4252787818057,1.47018620231674,2.89741207803539
191,16.7287038083269,17.8064908265241,17.1348032423165,17.2589895486234,16.3010400983037,15.0158231644709,16.2031899893637,14.5094807416021,15.8611920444128,19.9070451075725,12.3530245835549,12.6904704822979,9.35536699727546,9.71010752693262,9.7852453420758,11.9435883580505,11.4155440404176,11.2893025522339,10.3158140088092,13.4392981103016,12.3672231667196,10.768356423965,10.4150631481447,10.2341789696695,14.6165831841812,14.8237082233738,20.3541438040939,20.9295302784747,14.8323226847092,14.9393517982353,19.4143407361517,16.9288991520372,18.105979906704,19.1364087359506,18.0314576260941,18.7010429274502,12.8495416660857,17.0904641279955,15.0926759230899,15.2407843615107,12.2715127298461,18.3414644308363,19.6195107370706,16.9951127419464,16.0693705579251,18.0464839507271,13.7679936245984,15.5230630176555,18.3204910278926,15.3670364381565,19.9178613097179,21.4028870106201,20.7588218921271,18.7719272200013,20.7189853500513,20.5397299130873,20.2057710295762,19.6266655943841,21.5226048593073,20.9350729981632,21.5359320946122,20.3278560212161,18.1940093319572,19.1351018655972,21.1449650414366,18.3691466178037,19.1888257656311,18.8591191906298,16.419783301307,15.0772752925851,19.6031056613345,16.4665114706614,18.4100034907396,18.3138408010376,13.1068389039128,12.782862265912,16.7426023890627,16.7023462184561,17.391272207509,11.0352958964482,20.5406190862734,20.1811787865597,20.0104194383966,18.2106488735448,19.9568869093224,15.9860284656476,17.4475274458192,17.665716422371,16.8629733748168,19.5114489346285,18.4708962418819,21.0588968285996,21.1518983033448,22.0802837633881,21.5692238151653,22.1604680876765,21.8487742477489,21.1852354132997,17.7759680662385,20.5233393580303,19.590669350039,20.6681559112644,20.3985554390248,19.6314777778382,17.9429495682589,19.2129424447055,18.5725397226933,20.7635294814512,16.4537917929533,20.7863950724961,20.9810043257034,20.3446364169443,15.150675021909,12.5371865991404,14.9133687024208,2.21584131812987,15.4574476105179,13.2851256856227,10.791567568878,10.8778490662922,12.2046434817608,13.6891307573408,13.4158463017445,14.8519276652036,10.1965400512431,10.5243928465488,9.63266973447923,7.55298070395539,7.59172089078817,7.65843730705577,10.5822741502082,9.89395277429524,9.63491991676669,8.5462983502169,12.4799793681065,6.04322523471687,6.29255359643864,7.1058452229532,8.11990639078255,13.3984663061113,14.0076168875722,13.9149770425467,13.7596416931069,3.70037721744163,2.95978578848886,10.5365286620344,13.0745657825083,12.5598108326134,12.1816508713607,11.9183400090395,10.4661388829794,5.83411355114481,5.85213675522436,6.50129456905632,8.30076425277541,8.96506777762122,7.98376341607103,9.03161243159674,7.5288703031061,10.6664979610791,10.27323004811,11.2004595470868,13.8977412225748,8.64688454634534,3.73660543782084,4.87141024468077,7.84869418182827,5.89527601684427,4.49320145609793,7.64570617644072,6.45702966675524,5.98088042153293,6.68736070338289,9.90725595884776,7.91298389824851,9.58465965515676,8.42051033009978,7.58761471931784,14.3781507039185,8.46633926347798,6.65166823210276,9.34770047361346,8.51498209175328,6.14785547385104,7.25112073538648,5.0988467154427,10.1721761246633,9.70995313387326,6.27022235886106,5.29883354980839,7.86682443305325,0.0,1.80132209730476,3.97075254759617,9.2035362206484,8.30042416317919,9.48153479499938,10.5362367742419,11.8536532888657,9.15972547533677,8.49516894499938,4.27187431058871,2.53393191525931,3.00952800116444,6.98678348460866,5.20699379541399,10.9107762369946,12.8482006863664,12.6168562415176,10.5318883424465,11.6021980784729,13.6692746908968,12.0658605285092,11.7288407109652,13.1398240049601,11.8559685082476,9.07206597081653,11.7616885157535,7.32583582059854,2.87709366345732,15.0322305589679,12.6319159146832,11.3361945859296,8.33059839444314,10.2890970832341,8.40910512003554,6.83466718735562,10.6472026422316,9.24546073186729,5.73881253358661
192,16.9497463234983,19.1103180731814,18.262808632086,18.0983148567156,17.1298502937741,15.9464558793908,17.3065936936891,15.46998873111,17.0176358509856,18.9849630209508,11.260199187342,11.6908472172881,9.19076319202699,9.44386888155675,10.1965304610741,12.9354958859131,12.4044905474997,12.2868332891958,11.1213542724886,14.3526636028059,11.9493863823387,10.6209309988433,10.0573411298316,9.87656975019682,15.8555260014603,16.0075973295289,20.3195500947048,20.8621407587929,15.2207145712361,15.2310443447761,20.2288623362826,18.1586432214031,19.230225408115,20.1105675555719,19.0229346510832,19.4323187612599,13.4107761880032,17.640419853877,15.7946370013062,16.1235442751531,13.2395960183845,18.9956776421461,20.2361724740338,17.7125147350879,17.1463003066566,18.9590314005965,14.9596362601259,16.860919671901,18.6265229819866,15.0492731359325,19.883428949079,21.4630511325958,20.5815384737153,18.6819258440196,20.6514586168046,20.4579058030833,20.3123226620254,19.7051369009172,21.6802093151219,21.1360567091986,21.7643856056658,20.5511189276725,18.4802336993408,19.0880114226065,20.7018219172922,18.6265815120638,19.7021291351516,19.0003981917571,15.813088155775,14.3917681405244,19.260686136287,17.0604195338611,18.9633926711341,17.7007154503157,12.8823753996482,12.2078918010365,16.7497578610285,16.5098450016928,16.9796124159181,10.1544452668835,20.2845199954833,20.4217908024082,20.2386523115113,18.567857046681,20.4846980670914,15.133740252407,17.4719996358382,17.741908650052,16.9256767411485,19.8411155875696,18.7045114698008,21.3049871730348,21.2199476722627,21.8489094607951,21.2547918033884,21.5066790241065,21.5272062721786,20.6018796433378,17.234914015831,20.0934367844528,18.989300375033,20.6191121749929,20.7519802963551,19.6981175900307,17.7358122806045,17.8351932549842,17.3625836288382,19.8268341152332,15.6385745871779,20.0031068675816,20.3503734750096,19.8244792292121,14.1077988292241,11.7728096828593,14.3934223912841,3.85056462372969,16.9638271629064,14.7393486700521,12.1685703698091,12.1489539891081,13.3632587860548,14.9937575965819,14.4599429747635,16.0895359968807,8.42183151748566,9.2314383598286,8.31493516092754,7.37060184596553,7.26901036275263,8.21247099823546,11.7445644391467,11.0510658738854,10.8214918065074,9.53029782106547,13.4809883943988,5.08734119887539,6.0413282619912,6.61796300950383,7.72273239788284,14.758660499127,15.265878610988,13.9418586939846,13.7760777431471,5.25336541511962,4.43401606851997,12.0963146381521,14.672228104826,14.1990455573721,13.7603634429472,13.4393254633558,11.82292719532,7.08564948894335,7.50072687627054,8.13087304484764,9.92283198453985,10.2837125328046,9.54493648722053,10.4290254835878,9.18314942915926,12.2851699454777,11.9155001546742,12.6609794654592,15.3949957760045,9.41757135104941,2.62746724388884,5.16086405610635,8.24607274604005,5.60210467616217,4.52181470732864,7.70596460971482,6.47485870943655,6.6742890837344,7.18632010455469,10.4034493449778,8.67392833848936,10.267521228981,9.17239210857934,8.35371513502882,14.3878893202629,7.55033137357586,7.52305390165917,10.4902595779082,9.00428267650307,4.56351341260994,5.86912661161495,4.05212896136353,11.1876706187565,10.828282928357,4.52429418000828,4.88151131742147,6.95446778698204,1.80132209730476,0.0,2.24874374768794,8.14584091977969,7.86374088112075,10.160723371952,11.0777828063911,12.4757023039643,10.3887134027256,6.91340083190261,4.75884526933656,3.54955547147831,3.76733160218264,8.09330250640495,6.25821554291692,11.5290927293891,13.0792097506699,12.3647258140733,10.0504377506986,10.4838262178481,13.2592283038042,11.1636609070343,11.0262803308282,12.5468921469135,10.9576363735109,9.17673554631343,12.4959957059833,7.77114672703202,2.21704002113141,13.2900631165325,10.864951246069,9.68427637648335,6.72747570234549,8.82032921337153,6.96767315536793,5.4622698493878,9.1714568479755,8.22278143407687,4.44026886032029
193,17.9564643914145,21.1798490624906,20.2297339056645,19.8399510258024,18.8864180653316,17.8207805874124,19.2898799876064,17.3888340316829,19.0536157232857,18.4891054848115,10.5974004689782,11.3520369682424,9.92022017543061,9.95295925228052,11.3572086368724,14.7949783353638,14.2131453853237,14.0584383148499,12.6726020012318,16.2363979513244,12.3637600867065,11.3758421973894,10.5928367644999,10.1134228443152,17.8920172952051,18.048795874824,21.3169618938747,21.8125978905874,16.3718151780988,16.2893971831074,21.8886389182923,20.1226978147506,21.1212125571597,21.9209328048132,20.8650070220855,21.0732828348016,14.6877211176243,19.0012046180962,17.2597574770685,17.7644118063114,14.8930380825825,20.4931796591249,21.7322699178068,19.236986625904,18.9739673796797,20.6767676077021,16.8541201775214,18.90990035274,19.9046933397098,15.3454846103937,20.6521676452249,22.4055779562276,21.192233927307,19.4079788866821,21.4636325736712,21.2172990600926,21.2705012116515,20.677246549882,22.779679755128,22.230926770875,22.9246957155596,21.6992947448178,19.7150000275956,20.0963890405036,21.0523971279799,19.7995739797107,21.1499687456787,20.1054261627422,15.7257539699196,14.1718448370262,19.6531218687997,18.6398150997749,20.4670173352099,17.6376812173326,13.254772560863,12.0904976866684,17.47248351218,17.0108094129055,17.1916274512033,9.82080529413316,20.9022531037352,21.6215017629816,21.4572273062293,19.9574685879622,21.918613071606,14.9678687591682,18.3641833650371,18.6099316535233,17.8244107679769,21.0551395057819,19.8037733823743,22.5243987327372,22.2974905443412,22.5718713807884,21.8373680837628,21.639121433795,22.1662575026232,20.8835749700601,17.6453050331649,20.6191495064859,19.2782793882928,21.4957162151366,22.1012086395344,20.6769158951347,18.2751846819115,16.7655949396802,16.5529245140111,19.4911584476737,15.2381322397643,19.9090941817821,20.3864570296032,19.986097496165,13.3482805803746,11.3823603106843,14.4199893963481,6.08504530302201,19.1742187286775,16.9480790434181,14.3520847370433,14.2916956415138,15.4391319484515,17.137030363273,16.4557789507163,18.1898217726832,6.241944616555,8.28452165451067,7.63572203753996,8.18030694059282,7.80793792079367,9.53092494260222,13.7521092173278,13.0051543995866,12.7498375558421,11.237762881105,15.4471755703357,5.35840115915055,6.98752365829915,7.23408570620876,7.94876081419958,16.8851186548845,17.3658002849931,15.0302317253408,14.8339098075301,7.40563260543616,6.57088392898763,14.2967997709665,16.8901403844631,16.4437842991842,15.9929831220442,15.6671639458478,13.9679579055021,8.95963599007406,9.73843033123674,10.3208555207313,12.120429215249,12.208223909797,11.7507601468308,12.5448974508011,11.4295412786002,14.5028594350213,14.1612021993337,14.7509370151042,17.5534436572632,11.2301829098382,2.52074346491858,6.44886504924382,9.5442527748703,6.24764691800917,5.81625902954993,8.76724165399347,7.49338077448971,8.26978970580782,8.71661354716716,11.8380428957728,10.3017106080889,11.8415591139094,10.8561589421806,10.1705933815246,15.4888413350163,7.40079133785884,9.4034866031183,12.5007910754027,10.5817061903608,2.81368445017407,4.5396052432332,3.96179034851186,13.1938686331999,12.8541106100218,2.30328030230006,5.21432089507464,6.37151537719377,3.97075254759617,2.24874374768794,0.0,7.60319932339885,8.42741471044555,11.8207122227837,12.6430961552331,14.1658124193076,12.4077221526975,5.90430656608463,6.51572884611379,5.58404062207031,5.78175969387013,10.0329211132743,8.2322035502482,13.1086907325017,14.3363685400028,13.0747787486699,10.4908530711622,10.0011928595049,13.8070546402402,11.0966452842495,11.3748381866985,12.934376510254,10.9693423216884,10.3104807584439,14.2088329436623,9.27531033031365,3.36426278628412,11.5580450430284,9.06762897740395,8.21094764361327,4.89117816837276,7.77750619889716,5.80472321200508,4.50062892770512,7.61260461610725,7.42646636029049,3.50152749823194
194,12.6061806950517,20.4649209324731,18.9424799271668,17.4172510019876,16.7313474004987,16.5873021359134,18.3882876735688,16.6901104083577,18.6726205747018,11.028325023001,3.22940615633097,4.81522814494808,5.20240607619017,4.5250945996315,7.89531071668662,13.4045353020125,12.610280223909,12.3386276132539,10.3484985756981,15.3742430699912,6.2653747762909,6.32638204848037,5.1612519756889,4.23203838001283,17.2194405127511,17.6104992529169,18.1943183111026,18.4124737616172,11.6472406785285,11.2544040112444,18.742917046756,18.7092113238677,19.1592294262611,19.52189372883,18.7517275818616,18.1209104847072,10.8038636900915,14.7620715062497,13.6226081530876,14.8391545216473,12.6477307091399,16.7211379891828,17.9947571870488,15.6246374577446,16.8519460675856,17.8263955181348,15.435452445407,18.2203206455888,16.0551736615238,8.42925919259392,14.6854622584313,17.1355312863127,14.9489320818067,13.4483228222069,16.0053341957613,15.4293136145679,15.8516143779348,15.5346047636437,18.2687896009286,17.320440468503,18.4382929503251,17.1273677364633,15.548226283277,17.5301932027236,14.8219314178264,15.2434850244698,17.5340671735762,15.7813909457582,8.25497474254947,6.64593044856331,12.986032609014,16.0100356262652,17.1896689681697,10.2005910348039,6.83563473862819,4.99899865093,11.3494369295074,10.4096495070097,10.0630387817953,2.29366196353814,15.3004008104928,17.4650073724523,17.6972017441634,17.2007383124924,18.0614347890218,8.36454735670348,12.9502233465508,12.8639978174742,12.3073605557418,16.4114238329639,14.8060876428759,18.583382850378,18.7109278343793,18.121500936084,16.5810283786333,15.7839731259516,18.0216312297638,15.7795143694273,13.5034810966779,16.567086478502,14.4998638342775,16.5186224804776,18.7589058162328,15.6812613239122,11.8020293896594,10.8202346815003,9.89464031732755,12.838161246754,7.63525983768493,13.4195127185507,13.4468120341606,13.0347062136361,5.98493435722641,4.14806064744992,7.12152714043339,10.5950647460319,20.1519602634553,18.3807766562161,16.6882904670564,16.0950087709165,16.2267612278469,17.9771271874204,16.5465587689565,18.5156091184761,8.81349691542675,2.0099242213809,3.54254601914565,4.71975826261076,3.8132606515793,7.55636953064476,13.4456086185978,12.4679375416225,12.1966114853572,10.1273066694869,15.3270926864142,4.49658864261654,5.12599138464031,4.20460875163214,3.62574677967638,17.0645687740327,17.5125146020328,17.2016824482337,17.3746657422809,10.2449753382646,9.58109493435584,17.7901838734907,18.2419325974896,18.4918291312538,18.8060066834125,18.1563967921765,17.118932441258,9.87478786471078,13.434244560291,12.6173423357366,14.0436984871008,12.2007334149668,15.4691550256823,16.5425955679394,14.5956512360084,16.2042432015953,17.0315229006483,15.0898004962059,18.0124856468971,14.5983162605313,6.06859279158059,12.702237505241,15.12383069745,12.732407732786,11.5348487087514,14.1243090180501,13.3784025721,13.9104234982932,13.7515116416526,16.492061885197,15.5111385204286,16.6512784755252,15.5007581343538,13.9036562013957,16.8304217880849,12.7155268882207,13.5647785350988,16.180081059616,14.345713552612,5.62477909504278,4.10190683028041,10.5561669262322,15.1656734635565,16.0295397437124,7.62055898110664,4.95841757592368,3.06210528420222,9.2035362206484,8.14584091977969,7.60319932339885,0.0,13.3799884973522,15.9011444021149,16.2285963642104,16.3387263616553,16.5547721459284,6.4501589689285,11.2222372664697,10.8959954572735,10.3808936765561,14.7281490875881,12.9395454076052,17.1104700253122,17.4727948532029,16.628228517931,14.8252225465198,13.7737247149481,16.6465763558201,14.0436964539388,12.5188533769533,15.0368579824066,13.1442991373037,14.8633147131468,17.5314349890867,13.9452554955892,9.72305341579934,9.69533910773981,8.3081165834956,10.8096703773872,5.21685020030577,11.2722713164767,11.2002687312531,10.6584468297537,4.32185227030313,2.61301172435641,4.47165632866176
195,20.4197297008294,20.6793352700362,19.6396362830073,19.4997882618771,18.3100601072402,16.6573006237078,18.1487654427286,15.7263415346178,17.5012886494983,22.4519289270736,15.6305597517391,14.6969470121131,13.8632913739206,14.6668137814495,15.5792037511965,15.5461203833964,15.7639777251884,16.1309165540737,15.8896709575585,14.9882627687287,15.4793079298053,14.578049766365,14.0355978119194,15.7869295421558,17.7391616795247,17.0468496264259,18.5992263567471,19.2994677931852,19.2805485375401,19.2468026318242,22.2129782958221,20.6982022133633,21.6105479671087,21.8685915431508,20.655873499865,20.7157734789192,18.1553798953827,20.73907899519,19.5716550449922,19.6387457174748,17.7426508871019,21.4138330997241,22.0092641797807,20.6968185118069,20.142619735026,21.4577621802753,18.442373096905,19.3600248688102,19.3759058070628,19.6221950623029,22.3542533364974,22.8017934844812,22.8261207486048,21.1383492764154,21.9472275734432,22.2819257617785,22.3341810544743,21.2494471766933,22.1743603990302,22.5454172686366,22.4924404419709,21.6212884100359,19.6610519684396,16.9082194046245,22.0817876028229,20.2609515990989,20.8066739731964,19.6911424542964,20.2222842470099,19.2026306769755,21.9212827788706,17.7415317444691,19.9120077364338,21.5280308909446,18.1831066828742,17.7934573774903,20.7039505333103,20.4080923959061,20.9032572532745,15.0388497432478,21.2574550542023,20.9536511384873,20.1882891675234,18.0068657928212,21.891157704386,17.3998178166979,19.769367812942,20.8804606520979,19.7573562670467,21.6971058631307,20.9707223004352,21.3742698702318,20.209683535923,21.0453066331847,21.4246266175139,21.8687409540027,20.197238318842,20.1876025615918,16.3620584574042,18.6967075389076,18.424144441112,21.2505349321148,20.5028226368412,20.9592558085847,20.8867982115378,19.8352689067395,19.8250697346888,21.4372623421894,20.1306700967184,21.3593915558469,22.5950115034968,22.4015405773487,18.8174857328708,17.401667668027,19.1269293559812,8.26354490181962,18.0749443854283,15.3864445491553,12.0847824184307,12.0502081665109,13.4246248603287,15.3083677449808,14.4217626692115,16.3489550360593,11.3070306499397,13.7864512335302,11.3394896586999,12.3814324690919,12.9696345949907,14.036450977817,14.2225536917143,14.4163045263002,14.7297675974607,14.530976536723,13.8711783016469,9.18059734783836,10.6363788034479,11.0681663450861,14.1736738317131,16.5196958564618,16.1555259885521,7.95331814024493,7.44601330259405,10.3290262528193,9.87447106381451,12.241444250241,16.7182011780742,15.7798254518016,14.1107308044995,13.7393185928343,10.9986889808616,12.6988425781824,9.93921155951994,12.0108765024762,13.2483182943493,15.005291574675,10.4237633123172,9.8076257149119,11.3259174945547,14.8090738420466,13.2397480229267,16.0868959795166,17.7331041537538,6.71182909957647,10.064115859451,4.52357982256947,3.89174570653321,3.53146849558703,3.97132976671344,2.27894395442419,2.81318726308823,4.95450818523931,4.0677498774226,5.16999580712619,5.48885542804453,5.88759427269892,5.68694070084371,6.0380699426328,9.10242966869026,2.60700581483894,5.97334446446879,8.66283512710918,5.05650425492196,10.642640393784,12.1066867256566,4.79536691104382,10.0283325884167,9.11570755676862,9.16755169002225,12.1345653728626,13.6589418132378,8.30042416317919,7.86374088112075,8.42741471044555,13.3799884973522,0.0,6.08834688727383,6.36438627365591,8.86679126650957,8.78980330280174,8.312037243227,4.97024894960771,6.52596266937811,6.18874279875002,6.88415661928875,6.26470513569707,6.67775696819436,6.96586451745528,4.943434544967,2.30524585457228,4.97256368445967,6.12129906440748,4.91346652342214,6.38809371224569,6.21512020727023,5.43391387727941,2.92339859694907,8.27380395903149,3.97687587330255,5.78898369037524,14.5200670477169,12.5214404079914,8.49141338479475,12.0842626298356,6.26514373610719,5.89535464490478,5.52170236116985,14.359001281554,14.5465431413961,11.0943580069455
196,19.2074881060662,15.93166065379,15.2621502875606,15.905390595459,14.7117838454809,12.6536093304571,13.657412803772,11.4762131499577,12.731971046027,24.5110118411859,18.2562812084977,16.987339053575,14.3075371535152,15.4171999027481,14.9530950315974,12.4035761607186,12.9975558654579,13.5603811494437,14.2010111498913,11.1018096100513,16.1995862288038,14.7591498498086,14.7544513349237,16.8655462764172,13.4493235910563,12.4985407361046,17.0543006464595,17.8767238051564,17.9002540924042,18.0908612668179,18.8011243284173,16.5742267709889,17.6037070462762,17.9572542130241,16.6958714174532,17.3321354120845,16.725885882906,18.5159096517887,17.3068880729626,16.8311600610643,15.3988718021561,18.6303742131029,19.0775929321653,17.9994871344873,16.6129723330003,18.027058815413,15.0457567458055,15.0729718549235,17.1564246613787,20.1696874231496,21.5151381602903,21.3915172024892,22.3538348295536,20.4980851165854,20.9546581827091,21.4386928735218,20.9618644970056,19.8777270565963,20.2756430763362,20.7218337205035,20.4128774494945,19.669306604857,17.6124266988739,15.406346088055,22.3121133120554,18.4038263751085,18.0007680115368,17.9692865545431,21.5057040669161,20.7891320225662,22.0606494600021,14.6739069592827,16.9675801368501,22.7045048078285,18.7287871673415,19.2629228520837,20.1952671524262,20.4317336014758,21.5282886446359,17.1389049678147,20.8312268367765,18.8309998900456,17.9879559558199,15.3146585226582,19.1005237509853,19.1583726110703,18.8010705386946,19.9457189843172,18.8199037489358,19.6356980250689,19.3367222709197,19.1090801065982,18.3593492153217,20.269260428719,21.0627231418257,22.6935908429297,19.7127051370749,20.741201470912,16.8783578849367,18.6608465879569,19.0917741235777,20.0821928679556,17.8284953670944,19.566024280357,20.7579267252241,23.3398508755536,22.7441369050624,23.3550471651545,22.022826238517,22.734555631374,23.5504014893477,23.0622923393298,21.3974753184222,19.3511672207928,20.2536096417153,7.9758815483338,12.8386583445244,10.1492702936639,6.83345753027301,6.99795054175997,8.64271648309762,10.1871700671861,9.84802278132278,11.3101168853142,16.4319785614304,16.9135182947819,14.5420856041408,13.0540421233935,14.0235200010965,13.5417786368516,10.7950781725177,11.5033614060349,12.0417919862298,12.8548308985249,9.68809814752973,11.4301315695101,11.5090339642238,12.322684185227,15.5080890797102,11.998711360366,11.4024349161043,6.48822245314539,6.17373973324538,9.30323802510905,9.35777166632496,7.10592651719698,11.9781700873983,10.8426970142341,8.74213861898369,8.38014997072804,5.47372199001417,11.456842509228,7.08521427722155,9.39837039122384,9.88415998795672,12.5856010659455,6.21931145844779,4.8484846866073,7.64799411001269,10.58555233903,8.5290441817982,12.4524246191927,13.1979069563187,1.96067144080766,12.4825742306518,6.26776771221779,3.79292712001273,7.20348698013644,6.1991436816664,4.41888981808183,5.48972650947437,4.46194629806162,3.32960585049876,1.80108579679746,2.77220756074227,1.6911088211923,1.50908448109944,2.253499233172,7.56044081887312,8.62578605901504,2.96273281104681,3.12568374591867,1.69553560426885,14.1936704577021,15.3569074883272,9.13751317436357,5.15214608695333,3.5708812557826,13.4287605237913,13.7510536049246,16.0468735018271,9.48153479499938,10.160723371952,11.8207122227837,15.9011444021149,6.08834688727383,0.0,1.51636905703058,4.23711858616621,3.5467005206224,12.6701154610021,5.40606615381134,7.01122449490558,6.56770147557696,3.41370289591301,4.49238283086167,1.45996263992047,4.41484176285994,6.36522496452098,6.66668667891266,10.70478889658,7.90614141243961,9.5701352514575,9.00448418809612,8.70102129378496,9.55635842320591,3.34897868603414,2.66087154481406,2.67919498842494,8.56000256455031,19.5668933400158,17.5901935899042,14.2494711228281,16.0129695313013,12.1096551802387,11.6060316322376,10.7415015891879,18.1082909585304,17.1678983662205,13.9851552496504
197,19.0750944494171,15.9846537122226,15.1556092658912,15.6154138984072,14.4058775689746,12.3771130277179,13.4847767598044,11.1766075782054,12.5714518811043,24.3208092355623,18.3820752396929,16.8840448357316,14.5319729026589,15.7038272652768,15.3694645925626,12.554142974442,13.2687825495985,13.9084001981087,14.6297507220956,10.8696796198947,16.1311518302055,14.8251099754214,14.8242777468352,17.2487057106547,13.5770854335743,12.4679670581188,15.9627495585561,16.7993959945668,17.9517501010219,18.1089329557498,18.5500929182241,16.7198708517147,17.6221183829363,17.7601045868122,16.5117998982392,16.9392578325772,16.9945295340588,18.3956540081112,17.4030219874847,16.957612059515,15.8041611763278,18.4037931916072,18.7029070506126,17.9226560001574,16.7419983310957,17.937304427143,15.3831163859004,15.3389697866994,16.5407060502295,20.2027103099464,21.1096119725948,20.7788406250099,21.8851484426134,20.1049869952515,20.3325578650127,20.9074268314038,20.4909937274841,19.3309772703168,19.5339941820999,20.1497364912914,19.7221952402093,19.0534542547586,17.0675021178037,14.2664842455654,21.6941906978027,17.9261099929948,17.4844712340246,17.3025630016002,21.4946224069446,20.8802638839984,21.6783031479609,14.1764909351371,16.4538678826488,22.5580540861702,18.9452549474465,19.5330049606458,20.1150623737259,20.3232988810748,21.4057571558626,17.3431826866764,20.1520214292969,18.1308031614204,17.1923158857883,14.4960230208655,18.6264631552479,18.8307592637885,18.4185481363107,19.7112420928227,18.5465031862149,19.1904005142436,18.9607541207161,18.3200695952859,17.370603371325,19.2889572638781,20.2407428902086,21.9248119089743,18.6641201276326,19.8651285299763,16.0056464321554,17.6368069122433,18.2284666543792,19.3525691069623,17.0213201873005,18.9698802892028,20.4930864615245,23.0727234915019,22.4860884301608,22.8513113561213,22.047940233417,22.1594318796305,23.0916913424589,22.6595911203525,21.5248568832271,19.646620316263,20.3240409643718,9.11205141965987,13.1599998771523,10.4907686736603,7.32798183653652,7.28789898010926,8.64147313282936,10.2762159087319,9.63529298308767,11.2508559586716,16.9256512349937,17.1568123549576,14.6276583655954,13.4004877005959,14.450710890482,14.1289299605809,11.1074104237839,11.9381360980109,12.5665321968801,13.4480228774244,9.54286685863334,11.7626625551348,11.8726990078309,12.6078456695417,16.036383383446,12.2761602921181,11.4637103266804,5.04041478447047,4.77190588207876,10.3230016881157,10.3567460724206,8.05589268892397,12.5886520653723,11.5453724096676,9.45390419762418,8.98556245599549,6.16343071493736,12.3253492358165,8.27876811013698,10.3936135364989,10.7922934969239,13.3146688296396,7.37890708814731,5.99467984402893,8.7323550857363,11.3597236870885,9.44094040965349,13.0790803367641,13.6612964121596,2.48314932683685,13.2937777309443,7.40859127900198,4.86825049696869,8.11935352545585,7.14717712305764,5.13927685703655,6.4033804471828,5.77813294022725,4.44590203141055,2.41791871695567,4.19850158608145,2.8645542357398,2.98378850535317,3.1573152110147,6.11971206208038,8.96328503547116,4.12382811388377,4.04141473139412,2.07958334069504,14.8806893498614,15.9734272979711,9.91473332426245,5.19562997045058,4.1452873553857,14.1283885062695,14.4917918047422,16.6458706724029,10.5362367742419,11.0777828063911,12.6430961552331,16.2285963642104,6.36438627365591,1.51636905703058,0.0,3.21314656975965,4.72354680770966,12.8194573732118,6.35248435413479,8.14040370898543,7.54877936297338,4.85736313869621,5.75913614936454,1.18242541157488,3.01329206295791,5.53197623085307,6.46279530405974,10.5581577235714,6.91355977627103,9.09518420695324,8.24882902419897,7.77521520556692,8.98824241768313,3.54437685704425,1.92277666649488,3.64141335445497,9.48336651574043,19.5684951964498,17.7276977582166,14.3579367631513,16.5841737017455,12.2039057565104,12.0668661054776,11.360221895447,18.5450557916316,17.6878993737097,14.6570433786897
198,17.0361029563651,13.6024379516658,12.5479403324488,12.8491037861799,11.6442781759184,9.63613483484064,10.8157429365309,8.41079461090764,9.94406419699552,23.3419408893219,18.17802564972,16.3574139702413,13.7648595698947,15.0682632084231,14.4472874723037,10.6052798944805,11.5740499100901,12.359983577135,13.4275139925976,8.25967644835174,15.0063586635908,13.7239956684327,13.9420762525685,16.7970800508604,11.3650403182412,10.0268005418093,13.2930219403517,14.1496717409603,16.1259728509919,16.3055894133955,15.8131241639161,14.4706267216497,15.1717811842862,15.0296089490073,13.8094069495789,14.0769465933849,15.5019285147438,16.0847242341211,15.3985511453471,14.8767773136046,14.3243035650106,15.8230633395657,15.9236642193134,15.556986200178,14.5320164488689,15.4050469346494,13.5765743978078,13.3142881300485,13.7764665539117,18.9547185094641,18.8634782554987,18.1855220474076,19.6998124129348,17.9646089284043,17.8839520788845,18.562110949271,18.02233676102,16.8264956927552,16.7323949624158,17.4661362363694,16.8919632269602,16.3191679340504,14.3980760666155,11.6837486523979,19.6830203589255,15.3527597574043,14.6213410050393,14.6442158034281,20.4447438419926,20.0933965725216,19.7989340054663,11.330961526489,13.5770419773754,21.2890760306484,17.9786668913878,18.9759997622356,18.3462337392559,18.7083229329231,19.9728780621959,17.0544519714062,17.8843616386648,15.308188519545,14.3145364845597,11.5173455832001,15.786374778667,17.7749287988312,16.2171949065284,17.6330453128783,16.4599077742173,16.5576188041752,16.5270363366946,15.4079559169353,14.551422855231,16.8163029359605,17.9359255301865,20.0979312864926,16.3328375293321,17.9537931618059,14.2347683262565,15.534049935588,16.4302408966623,16.8013684074394,14.0110178312597,16.4301532852583,18.6511308088951,22.766267208326,21.9031379724756,21.6153619560481,21.2759335545452,20.653348691264,21.4481929419396,20.9461947718571,21.1864826242297,19.3156654878396,19.3440966894109,10.2711359655567,11.3960021121444,8.86963527581618,6.30099082160422,5.78862956197927,6.42838051711509,8.15645040134252,7.0230460170789,8.83443060075002,18.5251924122193,17.3757449610043,14.8436966996341,12.9812315352239,14.2195550291631,13.6136241233242,9.46119160399074,10.5756429384478,11.3831918042229,12.6108008344166,7.07940465893039,12.1104876582102,11.6996282800725,12.4017297333546,15.9705308047347,10.3647282180151,9.20613303795668,4.9530748125052,5.22089690803446,10.8133314312593,10.966413536388,8.12917991252334,11.3613263371365,10.6234303689138,8.84767670806783,8.10914184555279,5.88884589367883,12.2332704697831,8.92834202866313,10.3769515130267,10.3959244478817,12.5451883919301,7.89421886780129,6.77555704668382,8.91585206230602,10.539599301233,9.13763032260692,11.8831925567663,12.0595423670897,3.56884715794715,14.3274839431568,9.81377757191497,7.83381382242414,10.6834402008026,9.28693050811282,7.9543851292225,9.06893853434423,8.2465290312267,6.95355585161548,5.61423788530426,6.91219604016221,5.83542410246656,5.61507926358769,4.65660206913816,5.08159081029754,11.3552530732751,5.77665191766649,4.77003904431868,4.28835031188527,16.0686316527538,16.84507675211,12.0578692890973,3.61393256375064,4.11184776316207,15.724991671748,14.9899436413373,17.0832546607996,11.8536532888657,12.4757023039643,14.1658124193076,16.3387263616553,8.86679126650957,4.23711858616621,3.21314656975965,0.0,5.89232121252546,13.771611159521,8.02433404844779,9.74176374093558,8.92413773452859,6.71021770114301,7.44390018077768,4.03513483183997,4.17956929978766,7.43097430765024,8.84561834341497,12.5632722468277,8.20762867135721,10.7099231706862,8.69353727092241,8.67986997147225,10.1865200556282,6.38758369060812,2.60188930730901,6.18484472730213,11.2951928789107,20.4505808920769,18.8014363130242,16.0114804233216,17.666772406737,14.015549406535,14.2199771240935,13.5141669516505,19.2537764514009,18.047426912688,15.5412096442408
199,18.9195036910408,13.9296355678821,13.7482626352258,15.0449570740991,13.9446982282878,11.7891933825646,12.3099200024546,10.6435849903278,11.3008789141273,25.5097932262895,19.1583730896819,18.1960800836666,14.3893612118092,15.4424777582071,14.1908177820816,11.1442893174973,11.6441233347269,12.1150121247016,12.9822704769705,10.3409039803887,16.7631539126805,14.9647465860265,15.1778628862766,16.7791338315794,11.6116212078365,10.9178077992969,18.5176393749154,19.326251862611,17.2695484450858,17.6078703065246,17.8199026850835,14.6258140947459,15.9074602130334,16.6991521802218,15.442017772108,16.6912979903772,15.7481442858568,17.8034766222288,16.2358830858406,15.4860446358768,13.8339438907635,17.8716725428291,18.5187599129038,17.0250083170344,14.9521693074685,16.7616289405076,13.1315600718702,12.8870185334102,17.4279736425621,20.2931094121977,21.7916794323013,21.8229709866609,22.8699643474866,20.8694887437918,21.5876900084845,21.9474897374372,21.1580262016247,20.2537599790402,20.7923537898067,20.9309718493179,20.7546241970452,19.9459048918195,17.8003175668526,17.0583367451633,23.390974720084,18.5105729757474,17.8052395361077,18.5037116869842,21.9620259967612,21.2224632795269,22.6798045039816,14.5016669015926,16.7555525281418,23.3120446040678,18.5994966585017,19.4088518868726,20.0717115250254,20.572294329745,21.9039736474542,17.7536344168027,21.8048414067267,19.2305911285251,18.5733708600564,15.8732552510376,18.7874314954741,20.443400974376,19.0850976491879,19.928582528004,18.9184619178873,19.54798644441,19.3092737249471,19.6121912474709,19.4459578266626,21.6968966827833,22.3240277947838,24.2850331250147,21.4098430185886,22.4845636851794,18.7476894037611,20.5253521695907,20.9127567638507,20.8764171571365,18.2542176320322,20.0371083935042,21.1001444668342,25.1020574598436,24.2619319069975,24.8832919952745,22.6523685066794,24.1880586519005,24.5978037076883,23.9015006855614,22.1601548872156,19.6518526199604,20.5513097028559,7.15344460803871,10.2519668925501,7.67449254556208,4.41264927564781,5.14924638111881,7.28056057492579,8.28922895918696,8.8603634144605,9.66086303761919,17.8692397568203,17.8878579478528,15.9278618212905,13.1368771714253,14.0485622134903,12.6597489576437,9.2415743967908,9.90741123774298,10.3397887538124,11.4612031447616,8.77635586980138,12.3327262629658,11.8120712983771,12.8184860565579,15.3779104143009,9.85131905830434,9.62535883965072,9.66547282423815,9.47604537176306,7.9699084219105,8.317449415963,3.67132524330533,9.07614270632981,7.73439805582078,5.56393613657229,5.44129050827612,2.68968533114154,9.94584444476581,4.80523737444243,7.17760636859162,7.30860473990615,10.5983355418033,3.11970438355868,1.36429351317196,4.83824426295272,7.70910180113903,5.26974862496778,10.0363488244953,10.6104690234007,3.3923568872135,12.6226067233307,7.03001496654429,5.57136171127277,8.60172177403224,7.31198265584139,6.73426944330589,7.16807194261723,5.02375753571364,4.90733334166796,4.80448308054641,3.7149639897409,3.80800415752302,3.21489760365546,3.47366675338159,10.456475087675,11.0495891702166,3.42327329418493,1.19405515067828,4.54940575897206,14.8270212307723,15.8938646818879,10.4601520748727,4.54261385734892,2.2018006992768,14.3852085574142,13.5409319202065,16.2139274912646,9.15972547533677,10.3887134027256,12.4077221526975,16.5547721459284,8.78980330280174,3.5467005206224,4.72354680770966,5.89232121252546,0.0,14.4934725594627,6.1563102051604,6.88300969907025,6.74263298525481,2.48059099570745,4.17858142103103,4.40687960139589,7.66880926686192,9.90465120703347,9.88681351402891,13.6818081677333,11.4418870683657,12.8221054515779,12.0532172697349,12.1154257358766,12.7470323518978,6.49539907075469,4.46539196449549,4.83948181421442,9.24646501595157,21.616681443389,19.4835473952144,16.5946897434826,16.8555742016939,14.5937712715949,13.566104525854,12.3803010864676,18.9802449392069,17.4911211985045,14.3879156885183
200,16.7589553530388,22.2101283002246,20.6679014275867,19.41899221257,18.4404789486611,17.6689787254328,19.6025533277095,17.3100031750269,19.5113571744652,15.0820661327832,8.0357969474918,7.704435309477,9.38170413151444,9.60225711692825,12.2758894648964,15.4653225283552,15.1666452464475,15.2396106368488,13.9433250416585,16.1563266869101,10.1831717876428,10.187835036994,9.06663545445143,10.1947947264928,18.9131403285301,18.7286048923072,17.8487026777488,18.2428015362766,15.976405202882,15.6465344311954,21.460136983009,21.1975162460682,21.7743634863668,21.897059642453,20.9051556688879,20.2455583882863,15.2118045828769,18.391846252994,17.4430322209388,18.2797335687697,16.2677610446937,19.8213049439213,20.6875955380898,19.0099899774588,19.7762641974002,20.7491513821403,18.274033383139,20.3727837798056,17.8285305766084,13.8120913386823,18.2582653944429,19.7412698589243,18.3552728751969,16.9310429772483,18.5102438969581,18.4272177709262,19.0048698399167,18.1974023373561,20.1055343050491,19.9488829880643,20.4885240631918,19.3950928111752,17.7075199808671,16.6480258293847,17.2899476222389,17.8470022827533,19.6588260633086,17.5652327907179,13.5400757894754,12.2887826664755,16.7043181007735,17.4309821475347,19.0852994330039,14.9341355741954,12.6307876486765,11.2692520886077,16.0746816874023,15.1755727874416,14.9269618198237,8.11419058824314,17.4186863615795,19.2265743270438,18.9136457687593,17.7835259531922,20.5126489416277,10.9733176264171,16.1439973411065,16.8724054645237,15.9538317201931,19.3008171072437,18.0116989400806,19.9997905700789,19.125414996194,18.6510887480949,17.9535088712727,17.0837122361888,17.9621863044751,16.2857052588605,13.1889521196928,16.2106281891127,14.6607450816363,18.3862526039389,19.8330324629288,18.0760970841825,15.9204183770209,12.0792726986707,12.1983802313371,14.9545271259542,12.8523319200282,15.5001447264953,16.6470688278125,16.6291270075047,11.047944843647,10.449930257973,12.7095511941369,9.88216038378354,20.9906955771813,18.6528658951473,16.0589173235333,15.5856636555212,16.1843117272476,18.2412396988668,16.7113210417194,18.9700194223807,5.77292713667862,6.02496139854462,3.76087304812292,8.23959784060526,8.22692751444224,11.2973856073627,14.9522220882076,14.5030138602404,14.5445502060762,13.1777521900825,15.6921299089956,4.49022868596291,7.08278829995994,6.61384034974028,8.96747665431441,18.3405019484229,18.3222670016674,13.1021984652654,13.0664516981231,10.9106656709275,10.1265620918835,16.9361822007048,19.3045884791248,19.0331882365446,18.4214682151427,17.816852372456,15.8539748811232,12.0442664509368,12.988865493324,13.508624292428,15.068386303999,14.7676969271928,14.6014885981545,14.9875975298229,14.4730163742381,17.1773694790537,16.9487518619104,17.0719829167174,19.591427417083,12.0203515180919,6.68125794945952,9.38770186499148,11.2366749348157,8.58601741906511,8.13346182892102,9.8221485208358,9.28760699742521,10.8089642856884,10.3431266483561,12.6513905495217,12.2650536643273,13.1497365564386,12.3282299702448,11.285335951842,13.1607876548897,7.0967979032234,11.0781407907665,14.1374464750971,11.0478648706311,5.51286584518707,6.03128012692318,6.44259878939789,13.8904570224168,14.1926853865656,5.20065148428748,8.05748843864534,7.71194842402214,8.49516894499938,6.91340083190261,5.90430656608463,6.4501589689285,8.312037243227,12.6701154610021,12.8194573732118,13.771611159521,14.4934725594627,0.0,8.58155698451634,9.06172804537453,8.49449717437098,12.3880973572781,10.7587785701306,13.6245581573538,13.3923953843212,11.4732798509847,9.34787457982082,7.43292963762483,11.3762100922754,8.04488923108403,7.71406685056429,9.79394393582607,7.42054341818804,10.5060870701538,14.5300464124331,10.4311110594165,6.97054004456909,7.16488164691338,5.15681834604464,4.79057500857921,5.57815860574685,4.90823452953272,5.68104287921315,5.78606121247996,6.79126210052956,7.89792297738604,5.94554063689656
201,17.1856615106319,16.8774591206973,16.0559696713681,16.2250910854462,15.1074053444441,13.4774402946305,14.7717094941309,12.6756316708144,14.2060207722906,21.0271301783875,13.9609279507797,13.3734956235667,10.6085052078624,11.4232045035406,11.4873494007034,11.5302483695244,11.5296265412548,11.766059754402,11.5018448316764,11.7912223158969,13.0254958821302,11.5459065585196,11.2758406035639,12.5264147180509,13.7996179048247,13.4696554023659,18.030976488398,18.7137910271031,15.6127159642069,15.7168421978163,18.7915741253128,16.5994022130935,17.6861936649488,18.3449193213262,17.1384215094607,17.6505704833281,14.0683153102707,17.2068126334941,15.611552196232,15.5545535920101,13.2722744749794,18.0088382543865,18.9143573223953,16.9964294955722,16.0266274175474,17.7146407212772,14.0353073008634,15.1558227013725,17.0855761188698,16.766614134128,19.8921923799439,20.6792803619607,20.6795288275811,18.7443405460091,20.0226421202668,20.1566166058868,19.8464272108413,18.9841577532822,20.2738590175478,20.1811752167772,20.3868366386458,19.3556731933895,17.2162237384969,16.575916863253,20.719538757963,17.6777102139583,18.1034027924267,17.6764265877856,17.8749894057516,16.822810180954,19.8465472286073,15.0363703008648,17.202274637999,19.4250799445424,14.9485485382103,14.974681789413,17.6044583573029,17.6100712320963,18.4351403107961,12.8059296027667,19.7614626160661,18.8908270178764,18.3992245713053,16.2221624577311,19.0616048262462,16.2370984152439,17.2422666135708,17.97526234519,16.9653806570425,18.9483204841812,18.1781628904545,19.5260382428749,19.1381613871369,20.3636090486554,20.4034449126233,21.3375761807908,19.9258474461905,19.8931166526966,16.1572162960584,18.6224735774262,18.2080870813868,19.5843604125795,18.6322336201643,18.8284926431035,18.3925666950314,19.8562303371654,19.2962549891308,20.8130921725684,18.0923369138027,20.5757782013492,21.1736684666265,20.6539063142488,17.0613989210239,14.8492314002975,16.5122695945918,3.47526436655513,14.2583822229794,11.7072707743648,8.62109324139798,8.64724331687676,10.1328733330063,11.872297860782,11.3511533274756,13.0372944361723,11.7577261152515,12.3044252739739,10.391289062575,8.99783960394011,9.62099932780463,9.71311646590269,10.0212448534121,9.973493304009,10.1407828991365,9.9167409116944,10.6213921037576,6.91303201760931,7.35057719411097,8.17215094085938,10.8089450559694,12.4845599788474,12.5390597341303,9.80481342047098,9.59489087154818,5.40446531837824,5.04525408997248,8.71919358690338,12.4569743024559,11.6696750271702,10.5225752337881,10.143822895552,7.90699632066477,7.85249398694811,5.27703885220753,7.10382215208233,8.48141185130067,10.1731885796304,6.40948505699139,6.59376450500649,6.82174914105334,10.3176204183923,9.1569431604561,11.4415435039129,13.4364701534263,4.78340146953857,7.10946966107726,2.75140137229468,4.2331782565107,4.00554049158122,1.86411046761393,3.93314948096669,3.36322935298061,2.82418899877957,2.69650859944973,5.80751134022719,4.30732321166474,5.67501477800377,4.52069401045217,3.68234828185093,10.4588362480388,6.3053654412862,2.91376029173309,6.11397475836054,4.30083412510488,8.90315649409801,10.1076805581579,4.74811181841736,7.23114112542483,6.50488453014647,8.34399808710812,8.63665804367312,10.9205585315486,4.27187431058871,4.75884526933656,6.51572884611379,11.2222372664697,4.97024894960771,5.40606615381134,6.35248435413479,8.02433404844779,6.1563102051604,8.58155698451634,0.0,2.06393438923891,1.40387620247519,3.87200819727932,2.1915692740772,6.783033863694,8.59085909006457,8.61354501503066,6.98654350608891,9.28386148688251,9.81050433603153,9.09711524847342,8.67738664990485,9.60416436918684,8.93365560096363,4.94408560271942,7.76585434864514,3.15048281465254,3.385824816494,15.6720224330971,13.4383885365698,10.8962293453976,10.8483174073308,9.16483325751413,7.96910867673508,6.6777454518413,13.0810587596847,12.1098298401709,8.69590686576081
202,17.3723332801628,17.114393364287,16.4735022645084,16.7962333754497,15.7464197493426,14.1928678874164,15.3426040251948,13.4875744239084,14.8257811752315,21.2140959326732,13.8781002611231,13.7195748487477,10.491116582348,11.1244118632838,10.9872756340813,11.7136118238211,11.4835686829415,11.5566342211385,11.0709462479585,12.5493373032935,13.2803455389729,11.6594923219034,11.4003260799062,11.979804147787,14.0164788293295,13.9437564111978,19.5214924477588,20.1731653411179,15.5783117002771,15.7216473122703,19.2094849808922,16.6347457897221,17.8347726208387,18.7466076015855,17.568166390409,18.2914154097233,13.7506659116328,17.41665454086,15.5615732081343,15.507029553708,12.8543183168531,18.375656541172,19.4661895327807,17.1798259964938,16.0313156518811,17.9488058855017,13.8193221725987,15.1212874618282,17.9950556339871,16.67551933554,20.3992578415286,21.469651535781,21.2581519160666,19.2653475654875,20.8413060809654,20.8409916403746,20.4561392997424,19.726667724587,21.2566267832709,20.9326936792162,21.3005195629238,20.1916309644743,18.0225411848954,18.1608532040077,21.5263316264223,18.3713804816712,18.8645488565096,18.6283465310486,17.8296793131031,16.6444877314411,20.3209141205713,15.8949275576258,17.9944086444508,19.5547818408055,14.6085592972477,14.5420837217013,17.6786315104496,17.7234621202918,18.5464612289497,12.6089672754408,20.672354556629,19.8561065022764,19.5041512625978,17.4257640002043,19.737370645791,16.7936073801686,17.8001249488974,18.2845904510583,17.3693388566126,19.5618453605509,18.70546859629,20.5941945281101,20.4712709155622,21.671484993604,21.5009342884488,22.3685887845269,21.3421224497567,21.1066657265823,17.4848975014312,20.0526113880312,19.4571364842607,20.5652622459192,19.7525595805789,19.6453698403879,18.7279875580503,20.2932237231093,19.690375981846,21.5009837892737,17.9961233713005,21.3567145435201,21.7450606403239,21.1452904534215,16.8510450760661,14.3868798703209,16.3709976383677,1.81465018519906,14.4047134956989,12.012604248036,9.14380049330409,9.313941180377,10.8713586653005,12.4135195517928,12.1876718249325,13.6472434806339,11.4368232381608,12.1213280808168,10.665550619032,8.76631117369484,9.15723476038142,8.97990633671577,10.1408094774461,9.82072499070153,9.78596376000005,9.29704580596798,11.3983728550646,7.00433574238205,7.26999981290038,8.16214423891418,10.0566756409708,12.6352732133968,12.9940570230837,11.8524359448515,11.6386040683183,4.15915851746595,3.72839026787192,8.82120133747854,12.2611848442844,11.5056677706915,10.6483380709948,10.3911785295483,8.51716881893575,6.77399035378379,4.63949856965535,6.26137093185418,7.86170779260661,9.42160269233578,6.31832118535189,6.97158897779958,6.38400917093329,9.955504693608,8.98326940981974,11.0147563686701,13.2940805487494,6.36154728132632,5.97216310712763,2.89923943718317,5.44479190706914,4.41908015999995,2.62357558548752,5.43103645190322,4.41074435346885,3.52254665570099,4.21539412977542,7.40802553901374,5.38873049109207,7.05205357231433,5.89693000714183,5.25359805491085,12.4843642600966,7.33993184304942,4.25247694529998,7.09052368790323,6.16495868673304,8.07614581486102,9.31000749489366,4.74270761225317,8.35905973283901,7.55962347167045,7.69318300297149,7.53417092162247,10.0463423795836,2.53393191525931,3.54955547147831,5.58404062207031,10.8959954572735,6.52596266937811,7.01122449490558,8.14040370898543,9.74176374093558,6.88300969907025,9.06172804537453,2.06393438923891,0.0,1.17628971122737,4.57021747833322,2.77522138661747,8.43368445431032,10.5565277330113,10.5668883697609,8.71382791559492,10.5952949983851,11.7967210646257,10.7683233161152,10.5134332238996,11.555905055022,10.6570649430593,6.78029156625684,9.37932315011356,4.88509434540276,2.74418764127445,15.9893111834643,13.6316483476527,11.4917736909095,10.1922384699417,10.0007367902801,8.30317623985855,6.7855371870858,12.5477267813603,11.3573518538807,7.82500657202537
203,16.5066917688986,16.5552887783503,15.7727664419746,15.9366283753735,14.8671871045924,13.3422507202649,14.6051442306371,12.644310103658,14.1203888741627,20.4275070870613,13.251473200732,12.8878878364896,9.73183452637393,10.4628282924418,10.4173411292073,10.9806445244478,10.8179710258367,10.9533883315247,10.5119231892226,11.6806478677428,12.3873230723742,10.8016582382993,10.5510787311803,11.4635379684632,13.4100013894183,13.2652000277591,18.3576088889318,19.0067267528935,14.8089608562579,14.9281706759965,18.3824311033269,16.0727254201627,17.1935918689954,17.9802929342143,16.80019896657,17.3850459931706,13.1172994434023,16.5830506771698,14.8447294404344,14.8320458190385,12.3382654352254,17.5163327722787,18.5506095576521,16.388725625421,15.4056640985759,17.200098112524,13.305334981128,14.6360686617821,16.9344072579986,15.9259860029317,19.4145628038617,20.4111663270205,20.2498995062645,18.2734978579115,19.767786459958,19.8023131535475,19.4478552771027,18.6792096514254,20.1662998871177,19.8965181295149,20.2327334162159,19.1375669631486,16.9797277714228,16.998211739818,20.4614628070142,17.3519128477836,17.8757560621797,17.538061991808,17.089690320914,15.9790540450182,19.3500722898433,14.9021115668343,17.0073643622726,18.7392181164183,13.9713752245325,13.9916713589992,16.8487349453744,16.8794596419593,17.7167419265843,11.9860986888499,19.5740490255123,18.7783190968461,18.4022198125022,16.3357499835506,18.7720601720342,15.8555918914801,16.7979323897092,17.3675420979889,16.4172083127074,18.5752801179416,17.7295870389916,19.5018619449283,19.3246860543899,20.5066724221915,20.3658174422676,21.271426564978,20.1688082702718,19.9703347775366,16.3333085693816,18.8829099697803,18.3192435517514,19.4561430342161,18.6730889778808,18.5786006431246,17.799486172918,19.5508007634034,18.8992326980645,20.5385589318611,17.314156405093,20.338312171026,20.7671903507164,20.1819403179704,16.2773924599076,13.8853842830316,15.66409635945,2.21513743448509,14.0469541697657,11.6092254431476,8.73081779907285,8.75266305077661,10.1726713442046,11.842719889152,11.3979154654101,13.009836260664,11.4510052978903,11.6052937889063,9.96472810170622,8.05749681335683,8.58553463493984,8.53423034593158,9.49145492099698,9.24183018765998,9.29071758444601,8.85012327120162,10.5753861124472,6.2744806002083,6.48951674792075,7.38009173031462,9.66892108675365,12.1238753749004,12.372746100291,11.0072806453199,10.8526149671947,4.15041050333635,3.70748467604611,8.79172586009422,12.0419384829993,11.3666998353253,10.5178398536625,10.1483648103736,8.22435626840846,6.61271618469751,4.73193131819832,6.19931781925641,7.74131381696472,9.14890732856902,6.32423237106598,6.91259992663587,6.37675285000986,9.78714454993366,8.92661513027586,10.7064126661721,12.9519993494596,5.70862100335703,6.01729102150125,3.37507881609186,5.47236159965755,4.71843332328824,2.62332322083849,5.26321519073761,4.47889123690097,3.75646678664196,3.99292138173681,7.11161357077018,5.38997183821179,6.86731990168957,5.65261185987,4.64209825317554,11.5296497985812,7.17704959679225,3.79250661771419,6.75083965798681,5.51962320552245,8.08918813100342,9.20073606425383,4.91939171933813,7.62711698612388,7.08560160517192,7.82014102374062,7.40246439656397,9.83962130377415,3.00952800116444,3.76733160218264,5.78175969387013,10.3808936765561,6.18874279875002,6.56770147557696,7.54877936297338,8.92413773452859,6.74263298525481,8.49449717437098,1.40387620247519,1.17628971122737,0.0,4.52920365024826,2.66519108848137,7.9895850697585,9.87572988946926,9.96517242108331,8.2687310187158,10.2015312481523,11.0898768787945,10.1507188864208,9.56753218230392,10.7422410272389,9.90569990406593,6.34772361657539,8.81830098539719,4.49417326536561,3.00240720817409,15.5562643858479,13.2770462101053,11.1983874652571,10.117589457764,9.67563387705454,8.30420724742821,6.88675669142518,12.3194699894234,11.0962511186272,7.72205025401909
204,18.672257521007,15.3875792832476,15.0030530895981,15.9193976371954,14.7990715497847,12.806007369618,13.6218963016367,11.775593046123,12.7700333501112,24.1966873625042,17.452292884848,16.6958634188619,13.2054391628749,14.1534440738881,13.3351459180905,11.5231451328136,11.7943813250654,12.1526078202125,12.5655218627353,11.2191933994421,15.6961630975226,13.9728504847208,14.0002849299293,15.3671301782028,12.7235048669707,12.2104669546571,18.8256750782519,19.5974855831894,16.9851861547678,17.2465498260442,18.6369020980288,15.6831461052456,16.9441804318471,17.7517199326403,16.4982825653164,17.5197234115275,15.3623585329507,17.9833048454538,16.3239999061264,15.8224693593563,13.7936291531469,18.3620167431202,19.1461086155246,17.4045479924907,15.6707575242478,17.5207370595082,13.679652923273,13.9959832457904,17.7878635902679,19.3073060389897,21.5585213612318,21.9155525409988,22.5378901836545,20.5376467602182,21.5117385354384,21.7757938915495,21.1617182993005,20.2753664288744,21.1313267858714,21.166329258521,21.1491674105875,20.2387933058041,18.0636332156375,17.33377230509,22.8806633936608,18.6769112323275,18.4093812205582,18.6906254304195,20.7682977759493,19.8692275732688,22.0754990651826,15.1474676562073,17.4038896411982,22.2375680391088,17.496799797781,17.977398679272,19.5339134737395,19.8498425343529,20.9893935961155,16.131373025326,21.5417128492707,19.620480135864,19.0241686923523,16.4887232094116,19.3872179228367,19.2465731071672,18.8471398379139,19.627793655621,18.6166686316446,19.8117360019833,19.3518910825769,20.1101328041,19.850834641468,21.7150628127784,22.1167443617822,23.6640014963926,21.3530581120477,21.9919120777421,18.208860156069,20.2834776710017,20.3551617533656,20.9089695727142,18.9174414541882,20.0855880840694,20.5162721648553,23.4320714169261,22.732087788377,23.7785696544716,21.2533308797514,23.2828858708499,23.7698540558588,23.1374772957655,20.4987751723271,18.0598315521029,19.3498662501282,5.19993736697962,11.9976948943118,9.40580662896073,6.11038071850293,6.60434194867548,8.60166969055962,9.92485528837981,10.1178552199022,11.2708594038366,15.4579756530332,15.9742073108388,14.0683332968576,11.7630191101521,12.5390994857788,11.6075725944195,9.66701116421936,10.0151074916851,10.3113491334958,10.9066259164564,9.75158833605549,10.4727604404095,10.301134560418,11.274182261496,13.7701951422345,11.0608365440857,11.0171354768498,9.67501643244982,9.40961573649778,6.59238401941416,6.73300959770626,5.4688982106692,10.4202725414144,9.23760461398945,7.49148146327609,7.32386016329431,4.78743082626044,8.96286313675517,4.09178120173077,6.73192321886031,7.47212495109058,10.3696830775065,3.70202834872265,3.07333596347935,5.01866544452112,8.60302968759143,6.56278188447396,10.582997778529,11.8264475374686,3.2557765392993,10.4591984865813,4.57779910127117,3.77375508932356,6.22272282482852,4.88284204987779,4.81582064588703,4.92150756231436,2.65524427980313,2.81839166043735,4.23830820765383,2.16874130485796,3.38212202590326,2.2589428068046,2.51015083821571,10.5455966453166,8.90660393551713,1.70140877006965,2.92570135733602,3.69160762006578,12.5395519048462,13.7232644204601,8.01033329702841,5.59244445816675,3.76482720194854,11.9721731813527,11.6735526066067,14.2755754563277,6.98678348460866,8.09330250640495,10.0329211132743,14.7281490875881,6.88415661928875,3.41370289591301,4.85736313869621,6.71021770114301,2.48059099570745,12.3880973572781,3.87200819727932,4.57021747833322,4.52920365024826,0.0,1.86741090244684,4.74764069412053,7.78008068306034,9.1011972470063,8.38535413443388,11.8151423507435,10.6571885266344,11.2830745910784,10.8554736862383,11.1145541574897,11.2740333169813,5.17642991767504,5.53699230725755,3.08736585174442,6.81306347476383,19.4771737601348,17.266851222493,14.377221940541,14.5807486004446,12.4352598526566,11.207528568973,9.9612043106126,16.8306012841301,15.5550047848398,12.2386428009115
205,17.7079582482713,15.7399171400582,15.1911768421977,15.8106946710454,14.7020557311798,12.8812167969666,13.8917446315088,11.9804071132306,13.189490936026,22.6490733941319,15.7265585534997,15.1208881621023,11.7131867784607,12.5865847527465,12.0222380942086,11.1070538423606,11.2008409259415,11.4714313052835,11.5578570866329,11.237510624535,14.2920865822337,12.6004463345736,12.5310437345267,13.7233331124243,12.8385462624117,12.4872400360449,18.5781841906402,19.3046751605255,15.996163553699,16.2074631394646,18.4342964934193,15.701819907326,16.92205870631,17.7390741795987,16.5063939389199,17.3664456769625,14.3218667482786,17.3104349731163,15.5953621637784,15.2801398509342,13.029688738541,17.9174219121941,18.8150370370645,16.8769939304838,15.4193485272778,17.2745581801444,13.3494847648454,14.0968768467071,17.3572343167716,17.8813240606145,20.6305470685217,21.2490706457395,21.561304566152,19.5589985504151,20.7502715887577,20.9213602194047,20.4025250934218,19.5622231010695,20.6814799093171,20.5869901485538,20.7162940326286,19.7240334895656,17.5396097233814,17.131267715619,21.862739331548,18.0579854515847,18.1062739839333,18.149474171764,19.2394681119401,18.2563734727229,20.9257836206775,14.9349059276845,17.1493289276099,20.7852656606341,16.002118639742,16.3167354450236,18.3734441241776,18.5856142838191,19.6168387550979,14.4190673736225,20.6963372371311,19.2098597195894,18.7029870125801,16.3408150578935,19.0549306487588,17.8389524964492,17.9427569940381,18.6378368167635,17.6475451584336,19.2322507785803,18.6147440107452,19.8004003626774,19.581838296913,21.1823287590908,21.3649420517912,22.6662031237628,20.8311773481228,21.1369028700106,17.3922592418399,19.669774343276,19.487310230704,20.2642846319586,18.7490632306774,19.4089931446831,19.3584236483439,21.8470082465466,21.1638982928412,22.4453392217526,19.6281792252111,22.0637671583673,22.5235472180189,21.9045271555667,18.7655827749774,16.3314561422515,17.811191158023,3.55643425503843,12.6925264675638,10.1392441211832,6.97393043063046,7.25725585355892,9.04709847964434,10.5486437136413,10.4724255307547,11.8398302059518,13.7714506430303,14.1836623602948,12.3773915203745,10.1772282722375,10.8693208100463,10.2108834248167,9.35279391967367,9.4560291862658,9.6534193638861,9.86024917480846,9.89436377831785,8.73195304180951,8.67305347220351,9.63117221363394,12.0462325059632,11.3064475763736,11.4046647832149,10.0805678041678,9.85714838322048,5.23061001158605,5.2019010127145,6.65256172824582,10.8820790935877,9.90817013290275,8.57138737598374,8.30767902426928,6.04505269521345,7.7430998724659,3.71268949586172,6.09557056868877,7.22625069806927,9.61704093880105,4.39784138007143,4.49463199570338,5.12687261632319,8.81690965492502,7.27315054078824,10.3898975753065,12.0978666163673,3.90447303714772,8.60379703475239,3.45261038354915,3.98833260390144,5.19168628458175,3.45698491755147,4.51833670373982,4.2033154530358,2.22286906251847,2.54845396238238,5.18978797867191,3.14192653934293,4.63948710920956,3.38912478564764,2.83537985859135,10.8171639419148,7.9607763508166,1.70370365821903,4.3715552751936,4.02657081197464,10.6912851884451,11.8564063890493,6.53713496785946,6.16779883335743,4.94433567216681,10.2162741305208,9.87491613894217,12.4369138465053,5.20699379541399,6.25821554291692,8.2322035502482,12.9395454076052,6.26470513569707,4.49238283086167,5.75913614936454,7.44390018077768,4.17858142103103,10.7587785701306,2.1915692740772,2.77522138661747,2.66519108848137,1.86741090244684,0.0,5.93775442660596,8.48793913216017,9.2690138401444,8.08977779148982,11.0003649177137,10.6791385747205,10.6609856014932,10.1785852390349,10.8098936828064,10.5651907574246,5.29301374709423,6.77551736599808,3.05343518338778,5.09228261581151,17.8583570039233,15.6131839733604,13.0010588965505,12.735719585302,11.1939927082782,9.87779595654671,8.54489681879061,14.9772891057188,13.7140379093885,10.3714861302759
206,20.0854809451169,16.4127217510782,15.7418959451609,16.4083846201802,15.2108941284819,13.1169987953601,14.0760497658118,11.8815067130223,13.092562254418,25.4252648791222,19.3569349322705,17.9453785913339,15.4849017285877,16.6318043409861,16.1958101130948,13.2994941587314,14.0036225109534,14.6240174212824,15.3851425003146,11.6403853751534,17.2004667522242,15.8390232734983,15.8441103050232,18.1315946823102,14.1123191629493,13.0118484923994,17.0248906090657,17.8706863851743,18.8898904183789,19.0751196767804,19.3472189638861,17.2583452865945,18.2309610811239,18.4567681461059,17.2028457795822,17.7807110651487,17.8399418974883,19.3158582825084,18.2457184558027,17.7256681193246,16.5025911764244,19.2883864429551,19.6003377415264,18.7758638404841,17.4018042248255,18.6882231212296,15.977359875204,15.7951003957806,17.5715484367208,21.2340877883227,22.2076231733791,21.8672763478129,23.0125904518385,21.2138352944702,21.4526794501073,22.0256936429634,21.565516951259,20.419785822075,20.5901803265865,21.200487757971,20.7579638648285,20.1001676959032,18.1058762599932,15.3265963420638,22.864962786898,18.9695384094479,18.4286061794554,18.3816127558879,22.5500405722807,21.8971776528646,22.8150949422727,15.1030255033972,17.3844183756908,23.6561885216902,19.9026346616819,20.4730339413116,21.1487706083011,21.3882102495991,22.490362272414,18.2996503020414,21.3063602410817,19.1691918141244,18.2274697002308,15.488128881752,19.5609407095685,19.9650116196546,19.5106668909602,20.7676012412532,19.6155658446293,20.2035887216836,20.0015336391342,19.3424257228398,18.4220005844116,20.4126216349245,21.3976494563811,23.1058148134039,19.7877229138315,21.0375457347315,17.1795454526466,18.779815115063,19.4027138517324,20.4695429064987,17.9991213386539,20.0637055089658,21.5960439486555,24.1243170108606,23.5723735836871,24.0121774427062,23.08728258812,23.335130850026,24.2560345129035,23.8117130801488,22.5081029184997,20.569344625202,21.3488795777286,9.43422126156026,13.321042911634,10.6766851616743,7.49254930657595,7.64230292356442,9.16720034995485,10.6302759020236,10.262242887198,11.6726711727033,17.4628705499216,18.053260959049,15.5718490175541,14.2971883805565,15.3071485992368,14.8675112410106,11.7530834808044,12.5845943922879,13.1840031454203,14.1173178982041,10.248748062687,12.6281924921301,12.7574881160556,13.5296165930521,16.8368233943792,12.7006534314761,11.9304525856772,5.76216988640634,5.38289410796963,10.7416425642963,10.8076306696753,7.82612920378053,12.7412622197611,11.5704704681747,9.31258674276477,8.96596891593526,6.09169660676988,12.843847891887,8.42310137777654,10.7128967258063,11.0699541079774,13.8260680552267,7.32901857903702,5.75078779920982,8.83965111376101,11.5545911391513,9.40631058408618,13.4841921698299,13.9612364612866,3.09254338637072,13.8539044478762,7.46805212637466,4.62455293743805,8.20999157147732,7.4340122291871,5.20725841722739,6.46940887041245,5.69892077791071,4.55990752524518,1.90194009336859,3.83305525950814,2.16451746639745,2.7402572110063,3.64597263135979,7.0017228812276,9.26978821129503,4.42170361478515,3.959695261883,2.77041398013531,15.4688989450102,16.6449149935306,10.2323668373806,5.7780589939188,4.28783819045504,14.6185393217341,15.1451198373302,17.3794645920989,10.9107762369946,11.5290927293891,13.1086907325017,17.1104700253122,6.67775696819436,1.45996263992047,1.18242541157488,4.03513483183997,4.40687960139589,13.6245581573538,6.783033863694,8.43368445431032,7.9895850697585,4.74764069412053,5.93775442660596,0.0,3.44672056405139,5.89233918551823,6.78385161172894,11.0039409929321,7.43933922557872,9.68496958852823,9.20678234345519,8.52044873694301,9.73647429643898,3.76100799445701,1.93742057027411,3.86560718959428,9.85101312944467,20.3709782073146,18.4752211111893,14.9408157109724,17.2328911093076,12.7454599063943,12.4373294755992,11.7061391624059,19.3048064211552,18.4648948293795,15.3057589536413
207,20.2239108683076,17.7699403880085,16.7065223096858,16.8079379739345,15.5962927770525,13.7001950921143,14.9683950028816,12.5140707021981,14.1012027086529,24.7413275225073,19.2723089898967,17.4560346474205,16.0246492974388,17.2286320290019,17.3043367750214,14.4685888377065,15.3011135526683,16.0153837588147,16.7328463602689,12.3109994263723,17.0901282671197,16.1162285993923,16.0252779067274,18.849383856363,15.5155570477253,14.2056188807075,15.1463602450808,15.9901404767314,19.4401596634109,19.5103019583579,19.7497073877953,18.6265621039108,19.3194405312929,19.0963703190266,17.8935630943271,17.9031957856972,18.827645934045,19.7064638615278,19.079336639001,18.7426893780069,17.9463310139646,19.5929054386979,19.6336963279311,19.3644587261585,18.5936986753837,19.4230420028715,17.5352752163529,17.4388476556756,16.9476453482979,21.3393299398045,21.6825595132669,21.0244951792639,22.2669831754841,20.6778716486085,20.4970716993993,21.2317856874271,21.0230661629976,19.7219112249624,19.5849423382504,20.5453058298946,19.9068285528349,19.3883504078766,17.5882260748574,13.3302559648553,21.6384484976471,18.542465379274,18.1475624557321,17.5202031232001,22.4126239749996,21.9160105850888,22.1250965471141,14.9694355632657,17.1541395541669,23.2505896107092,20.3844223798461,20.884739994793,21.238409400572,21.3079899966596,22.2522019708333,18.4776702092279,20.097099461057,18.3210416016438,17.1948097227357,14.5608141739219,19.3539933714545,19.0775806370481,19.0808119381087,20.6320318434663,19.4071640462361,19.8817690512016,19.7300349608911,18.3291688930706,16.8564836260514,18.593888919213,19.8483375654446,21.4038259804097,17.7370559321111,19.1539860112354,15.3347770744658,16.6860605620834,17.5317402887407,19.3218236938398,17.058542993346,19.2661011329304,21.2200218069544,22.9956868434898,22.5820376876515,22.6756217348765,22.9044604116632,21.955451508168,23.2197880089035,22.9621996513495,22.4122029538434,20.9436518163985,21.4164366402064,11.697188966385,15.3390539556432,12.7617552803332,9.86770743279295,9.63722183288459,10.5671299471758,12.2468476008932,11.1942760056949,12.9762549109375,17.7498756922051,18.1351212275222,15.347839661971,15.0365111368971,16.1270905996272,16.2679133038373,13.2905042089221,14.2121618274823,14.9191344870695,15.7597003643628,11.1954861693221,13.0947267493205,13.5047317900658,14.0561685235885,17.7947367029633,14.4486649371514,13.3662951578328,2.48841443400485,1.99698002603274,12.9613898860635,12.9051361117354,10.8760319245091,15.132266996539,14.1763305025899,12.0714916162013,11.5452233588878,8.86570862011776,14.8765648178466,11.2159871644823,13.2049237496648,13.5966421793209,15.8643701123023,10.3670964163097,8.94766296859481,11.675492810001,14.0806512138251,12.2744862786401,15.6190573195987,16.0357747253185,5.29498276747042,15.1846762924344,9.48486785537903,6.78298904066357,9.68189194657378,9.07545904531069,6.58198070725548,8.06271562228863,8.18910795411539,6.72415805121861,4.31152017404481,6.73512180971469,5.2314127814748,5.71798856537321,5.93406814957523,4.0759869541835,9.4196419964031,6.90791348475092,6.95784403438277,4.49776914704522,16.3923455943061,17.4642537139356,11.3300870221541,7.42004980976382,6.90457251782904,15.4815931583464,16.4617940867171,18.2947182283287,12.8482006863664,13.0792097506699,14.3363685400028,17.4727948532029,6.96586451745528,4.41484176285994,3.01329206295791,4.17956929978766,7.66880926686192,13.3923953843212,8.59085909006457,10.5565277330113,9.87572988946926,7.78008068306034,8.48793913216017,3.44672056405139,0.0,3.76635826038095,6.01815940885852,9.97783032147513,4.75357701063067,8.04438208003842,7.26446389320358,6.02221731999405,7.96522578635187,4.57003066644776,3.74815735760501,5.86831179489544,11.3700077086766,19.5848024432364,18.0090021067779,14.3753148686254,17.8555313733889,12.2087304656179,12.7058679013167,12.3699698838158,19.6647400462003,19.1815160300749,16.2967331722206
208,21.4971472070852,20.8644598855357,19.657937920916,19.4027942820148,18.185566924074,16.4737580003529,17.9793434293197,15.4084746052085,17.2368775560799,24.0864568459742,18.3326512573505,16.66984288704,16.3175053143408,17.360618843676,18.1540806048381,16.6464710932211,17.2621972907241,17.8658277105235,18.121414695909,14.9779004010604,17.2378364943512,16.5621211916534,16.1713037609253,18.8053431199509,18.3124244594532,17.1737940140472,16.5897199503903,17.352815769923,20.7784620643784,20.7303024070647,22.2594863476542,21.3847871280116,22.0688614206705,21.8565248697355,20.6649854204479,20.4161632699777,20.1476898813948,21.5385832404127,20.8850580599415,20.8256217273447,19.6974211552231,21.7523974185692,21.9018048701583,21.4445955582495,21.0518395700976,21.9016418035289,19.8385124163562,20.2147625304901,18.8261176506783,21.6090053992748,22.7573384393167,22.4323322704854,23.1212420672124,21.6311591349603,21.6505584183998,22.30264154583,22.4102212163012,21.1044982706267,21.2806247942933,22.1985403373608,21.7118925361589,21.1156142656292,19.3628049041866,14.7434490094024,22.0370915964198,20.2042110617562,20.35921966888,19.1064665452402,22.2538221341829,21.5860059027446,22.6164099124494,17.3090719604491,19.4400201261759,23.1437764545621,20.6482007689133,20.6293893387744,22.1147250520399,21.8790245758619,22.4742832718806,17.8577165575455,20.8937241230649,20.1499576148595,19.0714807292432,16.7365565708032,21.5560400708914,18.5678156930991,20.22077865505,21.7561724456703,20.5277620632264,21.6653849109002,21.2609211530439,20.2448106073702,18.5076205686628,19.5516562607161,20.5769785064037,21.3752561986939,18.4788653147951,19.2594158762107,15.447419271716,17.1276427044988,17.5569647064921,20.5720444100833,19.2206400551131,20.6596981511989,21.8766743232198,21.3711000686408,21.353776861458,22.0203344079777,22.3869863798584,21.6304745285667,23.1982882534038,23.134189601664,21.4944064862027,20.4152666467479,21.3526999263464,12.0742005824174,18.5045041634645,15.844648401235,12.7323072833815,12.5185849667126,13.5330214844206,15.3941994328655,14.188236410506,16.1790154920167,15.361106094856,16.9251196558665,14.0696681318762,15.1913381419653,16.0831225920826,17.001816991355,15.5194008575063,16.1622775078347,16.7425530671882,17.0766956604177,13.9505415427135,12.4148943928368,13.5407594894765,13.899174667694,17.601312144382,17.2705224434821,16.3768099977344,4.10558247422424,3.3844704481674,13.7531463563417,13.4701609264801,13.4536725529408,17.913232977117,16.9662061919474,14.963549838164,14.4792043755279,11.6593048087391,15.8731213727101,12.6750843698648,14.742811246487,15.5371181166494,17.5027593591599,12.3857584862981,11.1961497740098,13.5821168180169,16.5040856987193,14.766811569488,17.8823085513555,18.8175555544107,7.36151354783293,14.4101073884305,8.89146178009423,6.62584964977064,8.32857808123766,8.38825428643123,5.72168983444629,7.10723191853043,8.34417242474629,6.94726774980483,5.42613782255452,7.55952872257921,6.5990411026508,7.03936419411419,7.45957948441129,5.65194934844118,6.81675248539176,8.10268792980861,9.41857627827558,5.83408832168892,15.0124003230258,16.2337969869865,9.6862411366085,10.2035007619123,9.58814413394299,13.7225636881862,16.0987152015477,17.5310586384037,12.6168562415176,12.3647258140733,13.0747787486699,16.628228517931,4.943434544967,6.36522496452098,5.53197623085307,7.43097430765024,9.90465120703347,11.4732798509847,8.61354501503066,10.5668883697609,9.96517242108331,9.1011972470063,9.2690138401444,5.89233918551823,3.76635826038095,0.0,3.02635030669279,6.55313797415194,1.88110720249266,4.69834099864515,5.52290885733428,3.51168366497638,5.10007640375534,4.11396002160631,7.03238785228225,6.2661866222707,10.4526977330918,17.0165577240845,15.5223288177228,11.406584785173,16.2299353446297,9.23088436405656,10.0939504878102,10.1645988785611,18.1050994231217,18.2847899757863,15.2757779703679
209,21.3552715136667,21.5676643312708,20.4175919206664,20.152822500558,18.9442644060509,17.2900482937956,18.8390226478094,16.3092866034563,18.1627919184845,23.1449466369723,16.7665490251689,15.5208097220848,15.239608514945,16.116765984031,17.1567580699373,16.691800034633,17.0624753371038,17.5234804943604,17.4258786013388,15.6770073406698,16.4649685475589,15.7575903155885,15.2113095974503,17.3463799926756,18.7514090367258,17.8680949699746,18.0938167683128,18.8062997170698,20.4381921956725,20.3688172455048,22.9262263938841,21.7684610492706,22.5708113251225,22.6032544111745,21.3992150919622,21.2576449442651,19.5535112298912,21.6696479459413,20.7473476226823,20.8136282968454,19.2221450974983,22.1930401902107,22.596323346158,21.6572705764047,21.261031604982,22.3561204541962,19.7645607485677,20.5110251644676,19.659147537547,20.7478147725641,22.9140592796498,23.0698269205704,23.2793294943456,21.7112549123144,22.1890797352745,22.6563716323408,22.8113597401603,21.6180791469881,22.2568850899734,22.8810529464692,22.6541783908547,21.8961760376676,20.0433387497527,16.3226422489117,22.2561894571125,20.7355794371111,21.2143287941085,19.8933685073468,21.2513207713135,20.357051122968,22.4749074728074,18.173844181761,20.3210957000622,22.3675908034723,19.5454999041135,19.1955613100616,21.7044567828771,21.3599132103156,21.8112614100163,16.3323062017589,21.3799715609509,21.107078746257,20.2008801705737,18.0029824004792,22.3535308630947,17.9107994665013,20.367411131659,21.6813316407164,20.5058369362282,22.2134650303157,21.5841658227319,21.3916141800472,19.8956096866308,20.6721558876508,21.3005414257768,21.7184527005766,19.6677767958528,19.8685194627938,16.0526162159767,18.1645623634178,18.1134448742764,21.3322402376293,20.4978851250598,21.2557904190269,21.6260268383657,20.1871622069516,20.2968964636424,21.6252945327226,21.1674795578024,21.4913796701601,22.968476769375,22.8891852528181,19.9430628409277,18.8131997382521,20.2792789181156,10.3988482005373,19.0767873657504,16.3726846417901,13.1014260595771,12.9847365576516,14.2100687414594,16.1254843345505,15.0527856535522,17.0588156598458,12.6113941376936,15.0576726045171,12.387754420816,13.9061153899272,14.5896061314686,15.7865530600048,15.4726295425614,15.8345748067294,16.2545769899873,16.2102159133434,14.6122014363109,10.6954270485945,12.1862065769183,12.5218042058557,15.9032527425131,17.617086208822,17.0243104407906,6.67864308213027,6.07816821846129,12.3477894591452,11.9301169967872,13.4772742389705,18.0208243577072,17.0710252398173,15.2378685129273,14.8205943751763,11.9903277309467,14.625136580013,11.7485916234292,13.8351602995488,14.9300017312054,16.730838449506,11.9388473907392,11.058904495788,12.9779126232002,16.2879547189455,14.6331728832906,17.592401785346,18.9895323253564,7.53789049799074,12.1177015268112,6.7418615453714,5.29886842099847,5.74398411907548,6.22880017061041,3.93002055136509,4.927864680271,6.83042236816456,5.70613494445422,5.55028295982405,6.7824355519541,6.56124697021295,6.71165013325334,7.17235975817115,7.97608961016572,3.80743840243977,7.42062043835996,9.62051856726062,5.79835060526751,12.4958722524959,13.8776611624376,6.9093395068359,10.778899712908,9.97649329837013,10.986076964099,14.1001156804333,15.443641919075,10.5318883424465,10.0504377506986,10.4908530711622,14.8252225465198,2.30524585457228,6.66668667891266,6.46279530405974,8.84561834341497,9.88681351402891,9.34787457982082,6.98654350608891,8.71382791559492,8.2687310187158,8.38535413443388,8.08977779148982,6.78385161172894,6.01815940885852,3.02635030669279,0.0,4.30706251020134,4.07202950002733,3.49857441042145,5.56748820592578,4.51519790005926,4.31097591702438,3.39722305514442,8.3121290098124,5.3312650764162,8.04038818320925,14.9979354201386,13.2673784393064,8.94402446502482,13.7265014320969,6.6795206628383,7.14611411689861,7.22106747856796,15.8157758184325,16.2172012765135,12.9713967852254
210,22.2077499627924,24.6252705256843,23.2622137129514,22.5299354301543,21.3691644561029,20.0168798324189,21.7935992157973,19.2168988602707,21.3002004722473,21.6143899952164,15.3171380754298,14.3264228402952,15.5452087524311,16.1619060222336,18.0411308617773,18.9858551869181,19.149388492456,19.4934771343295,18.9231269814441,18.4094473099434,16.3624645106448,16.1278058864539,15.2769337472824,17.1113944180083,21.6038539471876,20.8839746686245,19.405218393644,19.9866396265501,21.4788892881931,21.2636002716935,25.1016193889841,24.4484078834234,25.144258617709,25.102382517217,23.9609209759986,23.4689598614432,20.7261097783605,23.1540089185058,22.3304521033002,22.7281193735182,20.9944638301747,23.9987629466988,24.4770076449893,23.4424753101567,23.5935269518387,24.5692413360224,22.1059868355799,23.3371529571213,21.2195791238252,20.4978147501112,23.4138352973569,23.943677298302,23.5082039841086,22.1325213699082,22.8189440402437,23.1635369901434,23.6698648061571,22.5279695163878,23.5020031583596,24.0367635612203,23.996974126174,23.1794959654714,21.471085813535,17.7494661243577,22.0315764594393,22.0051482832743,23.0703877106494,21.1247915605287,20.4407372885777,19.41830918184,22.3233803813539,20.3253193804481,22.3004890878349,21.5338258341207,19.4355086574953,18.4963116873486,22.0881881964059,21.3956583512734,21.4039657245562,15.3662391622233,21.6610930008902,22.5445194992061,21.745309092685,19.9791932462799,24.1547485753124,16.8523035164717,21.0782465187698,22.3204652009916,21.2004444676272,23.5502094160695,22.6725368582822,22.9229942882609,21.2710517477736,21.27520308932,21.5519606490765,21.0912077715553,20.1433200377477,19.5491246553035,16.0327014112468,18.4109295224435,17.8195306116823,22.1280528236925,22.3380372997224,22.1980290347306,21.7199003688119,17.6252607069295,18.2070757020081,20.1940998513358,19.9328662742612,20.4690332406938,22.2008376179812,22.3459434876626,18.3104461647547,17.8115944052883,19.6652217984997,12.2523514880864,22.5136681764279,19.8470318307233,16.6598968160846,16.4296344750094,17.4728828201826,19.5157053933248,18.182576132381,20.3794421934244,9.8434595098123,13.4471221339148,10.9275994194623,14.2655330427153,14.6611106515676,16.7731824577097,18.0069859903133,18.1037465005085,18.4037822956953,17.8361058310977,17.5528625526628,10.4976200902954,12.6656185847005,12.6586845708378,15.7084398925812,20.6500623066635,20.1833868569576,9.92656145665755,9.48579609172278,14.1825697420207,13.5620254372709,17.11858850711,21.2441635816569,20.4549978483303,18.9020692131344,18.4403365730447,15.7403146804824,16.2586956434143,14.5317982512953,16.2661473638036,17.6215209243093,18.7788340022707,15.2476953993847,14.7121210212806,15.9810718307189,19.315734543235,18.0076555779854,20.2177326515941,22.0354094187778,11.2208020630035,11.9287403684599,8.85101095539305,8.77882471805016,7.25038528542196,8.13699944451953,7.22282277348815,7.45286086492845,9.80949493028607,9.00750843544003,9.72365069155136,10.4451216384115,10.6319607268589,10.5665723010821,10.6874283419032,10.8083000474382,3.61491281680365,10.7480040630701,13.4309860824895,9.55432287994542,11.312645436984,12.6364241169912,7.00397857096176,14.2437228920278,13.742078273519,9.55927758022632,14.0691922778588,14.6249086509441,11.6021980784729,10.4838262178481,10.0011928595049,13.7737247149481,4.97256368445967,10.70478889658,10.5581577235714,12.5632722468277,13.6818081677333,7.43292963762483,9.28386148688251,10.5952949983851,10.2015312481523,11.8151423507435,11.0003649177137,11.0039409929321,9.97783032147513,6.55313797415194,4.30706251020134,0.0,6.46057303185024,2.59808378383862,6.09186467462168,5.77793324296703,3.71310852914075,7.42885752889621,12.4393623707798,8.86362157455871,8.83207963589799,11.4835421133794,9.98479298465712,5.2509554052998,11.9311602203126,3.25820507533092,5.040210049443,6.06060622856019,13.7943612574727,15.0900600597789,12.1793215880125
211,21.3418262449711,21.500523805634,20.1120259832383,19.5593279295307,18.3597550516559,16.8003830383102,18.4427187532059,15.8039382280165,17.7870865493006,23.3724373559545,18.0472118166971,16.186695241637,16.431185404508,17.4757825982051,18.5280856300312,17.1474582273773,17.791895642435,18.4206840006901,18.629631600076,15.3646727418179,16.975237115199,16.5337628388376,16.0940175792148,18.9542042378061,18.9536652426577,17.7708161475941,15.6544174385067,16.3817634617297,20.8413422620695,20.7293741242133,22.3566917654737,21.9630198934611,22.5104808026473,22.1039953151813,20.954075818134,20.4222742718934,20.4368174722438,21.5546336701105,21.1184100652823,21.1710868971874,20.2404375247793,21.7636766856421,21.8053721995171,21.5807754033483,21.5145723970297,22.1471222101058,20.4723884160409,20.935813489672,18.4409863719988,21.376977064515,22.2444453988044,21.8161331521686,22.4759376540158,21.1182865432977,20.9619352172836,21.6690314281334,21.9285906245032,20.5718581038801,20.6544955242287,21.7036497554277,21.1623671003406,20.6242278021284,18.9973105574526,13.8069344175451,21.1311482856905,19.8471711118844,20.1440474450455,18.5663146557735,21.8699535438498,21.2952359849372,21.9732368469396,17.2443733622659,19.2766688139325,22.6054111598196,20.6329243609046,20.5734608775534,21.8963545314914,21.5598833984969,22.0467305589569,17.7302640875123,20.0560148658565,19.6330289672494,18.5066224411904,16.3290246085852,21.3502548520136,17.8275246494775,19.801663719312,21.4508353146893,20.2077500066418,21.346193996544,20.9401264383418,19.6718351765257,17.694689410996,18.487669110074,19.5795832642114,20.2080504141749,17.2995710243438,18.0491623666893,14.3274896652789,15.9043671434353,16.3700777575586,19.8273812937807,18.7448202686862,20.0908105635423,21.413528269162,20.4395568444382,20.4974783945321,20.9826867753288,21.9711512503105,20.5942425501344,22.3370204719761,22.3809088719381,21.1438691272897,20.3457761937712,21.0958747565979,13.2576250863882,19.4830671639921,16.8659654428823,13.8890668711641,13.5291654452477,14.2966147853618,16.2326456112696,14.7546609312446,16.884551731286,15.5336152643226,16.7819849910558,13.8280035570206,15.4463194490955,16.3572816045151,17.553261404934,16.2141373836255,16.8671968930469,17.4806744817949,17.7508633181772,14.4932663754184,12.6464476339959,13.8620423915144,14.0862906135637,17.9164293750619,18.0833068953039,17.0975717551263,4.0112141862029,3.52263099329096,14.8165264667071,14.4947604520117,14.8928263847168,19.0120981731417,18.1806398262782,16.2849549879385,15.7180040153282,12.989788308627,16.7748586267711,14.0073777805265,15.8831095149186,16.6768378130163,18.3698938909182,13.8102256325002,12.7002011435339,14.8983470590222,17.6478830989351,16.09763483338,18.812927875025,19.7558237031653,8.63261709058765,15.0849714360387,10.3131366358838,8.3422898172847,9.63786343811392,9.63238068260476,7.28246044108035,8.56648727762016,9.92444928030978,8.48030243810314,7.17942854626155,9.26967215905758,8.34407177870829,8.67840946072397,8.78981062040215,5.17645747310112,7.59735191493566,9.49596904295813,10.8405939872261,7.1957630374966,15.476755045244,16.5720897180287,10.6306183652707,11.1514018672397,10.8770745328341,14.2569852983672,16.6707533972291,17.8524792154414,13.6692746908968,13.2592283038042,13.8070546402402,16.6465763558201,6.12129906440748,7.90614141243961,6.91355977627103,8.20762867135721,11.4418870683657,11.3762100922754,9.81050433603153,11.7967210646257,11.0898768787945,10.6571885266344,10.6791385747205,7.43933922557872,4.75357701063067,1.88110720249266,4.07202950002733,6.46057303185024,0.0,4.15618416978013,4.63598442051542,2.09993510961485,4.31319359807111,5.75064036410258,8.29601636810759,7.78428974746789,11.4769016958174,16.4219128641301,15.1689922767167,11.2156336846179,16.4852351325003,9.20035658566355,10.5903881260568,10.869443089548,18.1310441936985,18.4763914568435,15.7326997137625
212,21.0359221550827,23.1170001234099,21.6517006889635,20.8341658681916,19.6626216623291,18.3096916358705,20.1242733929398,17.4823081424214,19.6259189266027,21.2292354643398,15.4156905222866,13.9553923429356,15.0426052398574,15.8395568793152,17.5406879211841,17.7491239940412,18.0825896135816,18.5373868001222,18.2095786090074,16.761398681029,15.6095859858308,15.3881373645045,14.6592021690257,17.0344440091934,20.2130761088327,19.335478592206,17.1376862824227,17.7494729185227,20.4663242117741,20.2584226002289,23.4596386520244,23.0945428292811,23.6853840214063,23.4513410070348,22.319749531412,21.6965329108523,19.9280332061741,21.8159154995008,21.2038798647698,21.541845957635,20.156010631883,22.4666492485308,22.7765087938463,22.0728965512963,22.3024607053739,23.0817897080025,21.0276274527488,22.0727291264234,19.3656157886531,19.9108983465956,22.0246084336244,22.224338947342,22.1242905325819,20.7840258972686,21.1531001595475,21.6298915458832,22.1090455579993,20.876171513599,21.5681149440343,22.2937374472778,22.0921283068812,21.3673190520067,19.7121023800313,15.4284684922504,20.6093087181337,20.3460345618158,21.2458735769273,19.2822416475417,20.0135173350284,19.1967646455955,21.1627913325663,18.4968355268807,20.4634024809835,20.9242920265173,19.0490111889938,18.4422952601089,21.1251044121058,20.5172642707277,20.6651433956139,15.3668782888486,20.0237804468127,20.6199588517397,19.7134177753336,17.8816055461237,22.3738560600717,16.0861942958222,19.6651253100776,21.0926680729923,19.9162135147507,21.9011039982086,21.1614960546276,20.8919082488104,19.0835209834265,19.2376191173466,19.7636587903281,19.6134780102806,18.0621849907697,17.8471141794902,14.2319674861765,16.3972450019091,16.114134010377,20.308168378694,20.2452513217242,20.4867548868966,20.6259357558106,17.6108020706373,17.9767761279016,19.3329903548148,19.7390696559158,19.3612438922754,21.1537280152914,21.2912849603021,18.4674670425269,17.9411529106959,19.2770240362402,12.3382228643098,21.2004857109634,18.5481894112125,15.4579622267688,15.1046974133706,15.9573884543035,18.0316341170466,16.5132522157809,18.7792115264539,11.6767302128667,13.8571085205339,11.0383764817737,13.9252629654271,14.5497505640401,16.459719730496,16.8681938807793,17.1524366613332,17.5796147201222,17.2704209163155,15.9630294476115,10.4768462611218,12.3332762819153,12.355004788567,15.8511277634096,19.3630558766252,18.6977824526898,7.5876777660396,7.22927261103661,14.0668248779156,13.5349567413007,16.2669865966975,20.2225455218996,19.4833813565831,17.8800155322528,17.3281468476792,14.6352302459391,16.0279647680984,14.1430669908812,15.8348893971887,17.0060353494363,18.2099058479397,14.6073059815214,13.9262552730099,15.4042070061946,18.478966593499,17.1941803976726,19.3537245460605,20.9139059004525,10.0071573085993,12.6675330659534,9.27148949264415,8.57137384880058,8.04500298598044,8.40243747776262,7.03508838987972,7.70443440094107,9.75303499992327,8.60355086785106,8.77163046635986,9.98362761406466,9.8088532456348,9.78744152051715,9.70498312929701,8.35183742540468,4.89037522182524,10.0319919146504,12.3781285646825,8.39016888780129,12.4311757659391,13.5716986178403,8.15428483391608,12.7960855765538,12.5348540755273,11.0143118070795,14.5065404442133,15.2216137587709,12.0658605285092,11.1636609070343,11.0966452842495,14.0436964539388,4.91346652342214,9.5701352514575,9.09518420695324,10.7099231706862,12.8221054515779,8.04488923108403,9.09711524847342,10.7683233161152,10.1507188864208,11.2830745910784,10.6609856014932,9.68496958852823,8.04438208003842,4.69834099864515,3.49857441042145,2.59808378383862,4.15618416978013,0.0,3.90539829007725,3.18932141471393,1.52659624102579,6.54322367892983,10.8735142220214,8.21652590776247,9.51893874200719,12.5702502765092,11.2622194239463,7.09647701763626,13.1413694667266,5.17170694014469,7.06802306613506,7.7405671054389,14.7851878290837,15.7001617635939,12.9846201436006
213,17.5941955208549,20.2055354669013,18.5091707950097,17.3612687733037,16.2203392650743,15.0620598955921,17.0268427864934,14.3501383459292,16.6711673747469,18.7425624552378,13.5927759576674,11.5940218299488,12.4880088612407,13.4625798950127,15.0417838686881,14.7934163384145,15.2369000229148,15.7754310369959,15.5960106492649,13.6112810530779,12.650698543303,12.5000891289225,11.9202363163055,14.9232728457203,17.3445715527647,16.4221174619479,13.336437190107,13.9442386971156,17.244604322381,17.0161864200057,19.9141190821079,20.1038401336679,20.5048836380228,20.0467158314952,18.9699412657873,18.0818642359872,17.026710611367,18.3325817702205,17.9941521378434,18.382845281403,17.4250626657311,18.88939663171,19.0860051927841,18.6493169144822,19.2018870574367,19.6973378680513,18.2285176918747,19.3059881318402,15.5263523424175,17.0380299658607,18.3667601138675,18.3803013048197,18.4889191110185,17.1640426185377,17.3453374968466,17.8884282587589,18.3420838706812,17.0647623419164,17.6668843122464,18.4446104933198,18.1999725211996,17.5011436836132,15.8957195762803,11.6670673368974,17.0621665406446,16.5614839800801,17.4797811854426,15.4062134997409,17.3452124769221,16.7940795455968,17.7267042434774,14.85348069981,16.7329580781206,18.0584266563118,16.4527361114495,16.2701456347295,17.8442906087091,17.3181649484274,17.6221300438244,13.3839612055647,16.2811678938147,16.7336638550011,15.8225863474967,14.0758227788288,18.6109873217251,13.2344918160798,16.0070404568552,17.5727541964144,16.3615372536352,18.1245959559893,17.450607919691,16.9980698684567,15.2195853600059,15.4551216641903,16.0201747787329,16.2515071002979,14.3680387061567,14.3588749328253,10.6004071773966,12.7581838686538,12.6103870882208,16.4438871396144,16.3961425575036,16.6488521554864,17.2210080881736,16.0263952844474,15.9332349345892,16.5376486625183,17.39191676221,16.2557659234021,17.9435197011543,18.0061120453488,16.6310630862642,16.0319057285354,16.6551209195725,11.6984920794904,18.8885750858838,16.3667564128179,13.6328935415047,12.997623451011,13.3895787674215,15.5442880989625,13.6415360798478,16.0745531178124,12.8029155439338,12.5543841354944,9.52969350891971,11.6891584374984,12.5658615470996,14.3348534357809,14.2183557378378,14.6053909186148,15.1418494110982,14.9788161103796,13.0454172053803,8.93063152502749,10.2592953151918,10.2322061213881,14.1406526834109,16.7806814704424,15.9843129512829,6.04384782830868,6.14054823606957,12.8655206896114,12.421019427421,15.0950258724594,18.1616963766144,17.6799677731279,16.3614921246353,15.6284852393049,13.2377839343886,14.3685305078745,13.1056265873155,14.3279457635219,15.3009745462012,16.100521637437,13.5465947313351,13.0291442159413,14.1157269709024,16.6032823324122,15.7405160483783,17.0929699030337,18.5321743539303,8.76235118845299,12.2180867556311,9.96815349122187,9.34387154342254,9.37411146152033,8.77335506666103,7.94361451628952,8.7087877561578,10.0837397495688,8.69061161288547,8.93568360976491,10.1725250391638,9.88954355670367,9.57533936113751,8.70281065297933,5.97812586914283,7.21353678984936,9.28074304739251,11.3080475715981,7.57603153866989,12.406190072446,13.1243335561736,9.28546109893873,10.6844419864259,11.1364430483811,11.6806536552017,13.4170232094445,14.1658580163482,11.7288407109652,11.0262803308282,11.3748381866985,12.5188533769533,6.38809371224569,9.00448418809612,8.24882902419897,8.69353727092241,12.0532172697349,7.71406685056429,8.67738664990485,10.5134332238996,9.56753218230392,10.8554736862383,10.1785852390349,9.20678234345519,7.26446389320358,5.52290885733428,5.56748820592578,6.09186467462168,4.63598442051542,3.90539829007725,0.0,2.71127574132521,2.48864124865804,6.98750997063761,9.76074498785641,8.12209718594907,9.82661626088029,12.8556832627385,11.7172569542883,8.90099594204484,13.1242081443414,7.32681740851368,9.16462570873344,9.40272450426185,14.3044738956984,14.5980571474808,12.4476551223826
214,19.9843591742939,21.3647812002822,19.8055744089358,18.9360785052911,17.7604368878037,16.3937042882217,18.2072956037513,15.522268858252,17.6893130854326,21.3729160953619,16.2248895206133,14.285600985717,15.0152885745282,16.0178298444961,17.3749848776825,16.5230733114625,17.0885418257824,17.6837599184046,17.7100569720343,14.9562707512009,15.3118190909254,15.0614953150595,14.5379645071922,17.4775608356106,18.6771591321701,17.5872828070899,14.6000295572405,15.268310834683,19.6016879160103,19.4228457534787,21.6253320805043,21.582589180498,22.0428013309664,21.5692538179533,20.4560200235045,19.703804524885,19.3213117404363,20.4718342872672,20.1255355019659,20.3472104032758,19.4325172189278,20.8283013869541,20.9055598834404,20.651618990294,20.9186221337248,21.4486672476489,19.931788933535,20.6737364984897,17.3654169269457,19.7083784455174,20.7239749418171,20.4509927585868,20.86028678569,19.5633796657481,19.4923296212008,20.1492670658125,20.5459003670518,19.2046416403778,19.4707747297779,20.4553052592338,20.0174847918189,19.4321223567618,17.8526667526825,12.8096500236329,19.3736094677206,18.6301998566054,19.2285076224111,17.3380984240345,20.0540570448111,19.5003287829432,20.2371386632572,16.4747884662287,18.4235499274896,20.7396754662666,19.0811960950849,18.922119020106,20.3813361575682,19.9260577203276,20.2867613680305,16.0226150639026,18.4586606687106,18.5221898271589,17.4633206895363,15.504602613104,20.4094434646153,15.8663468486758,18.3476299160662,19.9941529841656,18.760949631689,20.1701065728105,19.6493809612381,18.6331584990407,16.638423600692,17.1006354130936,18.0051966102245,18.3729727287973,15.8942697809456,16.3083795307975,12.6074658628846,14.3810879498809,14.6063868083192,18.4334937868651,17.8687022363232,18.7379175031526,19.7638638784123,18.3584054517221,18.4285799218244,18.9556703304429,20.0935343761312,18.6375316886763,20.4385527324084,20.5384458885612,19.2724247241285,18.6626645986213,19.35652941725,12.9411577921343,19.6883003898376,17.0995427130304,14.2112562950739,13.7147117730017,14.2985296111076,16.3546968046982,14.6397874291905,16.9374412839321,14.2903764719112,15.0555301998266,12.0591139140094,14.1232202017202,15.0062167523837,16.531092470228,15.7663009878431,16.3091016724172,16.8949436788848,16.9597116440855,14.23482285087,11.269694466605,12.6050597671674,12.6928672510142,16.5620782083977,17.9590626806864,17.0302190368073,4.82403431429572,4.65586530211496,14.3676652967105,13.9757909395563,15.4407384916008,19.1222800396725,18.4452255052386,16.7879224844352,16.1384996751268,13.5281456730457,16.1439224041586,14.0421642457912,15.64986655433,16.5385316037107,17.8275160165459,14.1364312015736,13.2723139690504,15.007526454028,17.6676791817347,16.4126171050985,18.5283715319043,19.6926245745363,9.01752188241431,14.0912378455701,10.4043762090692,9.02743444073022,9.66746666695154,9.47940765549183,7.7352146150682,8.80569819220545,10.29101978018,8.84205488312718,8.23083269082757,9.98585827100201,9.34071240249963,9.39583682416184,9.0790492357154,5.35900529200868,7.30524437097342,9.74153771629445,11.4393350904018,7.62864779268746,14.2994037186969,15.2433555981421,10.1522952331219,11.3198512200573,11.381039083558,13.2332124528282,15.5512622634682,16.4783594244073,13.1398240049601,12.5468921469135,12.934376510254,15.0368579824066,6.21512020727023,8.70102129378496,7.77521520556692,8.67986997147225,12.1154257358766,9.79394393582607,9.60416436918684,11.555905055022,10.7422410272389,11.1145541574897,10.8098936828064,8.52044873694301,6.02221731999405,3.51168366497638,4.51519790005926,5.77793324296703,2.09993510961485,3.18932141471393,2.71127574132521,0.0,2.67996012346499,6.44801895286381,9.25365432926999,8.19145201531972,10.9794719728105,14.6365548729101,13.5064457536904,9.92568631414983,15.124335937983,8.09463393061209,9.86362176707707,10.2304521723468,16.5485731127552,16.9866881947534,14.5139669242175
215,19.6786723413577,22.2168251245347,20.6440640006771,19.6552276846353,18.5012436398642,17.2533693359996,19.1471857509714,16.4889374557534,18.7216836749557,19.9423178703084,14.3631608961736,12.7177364312435,13.9238543770433,14.7580504312525,16.5192662509019,16.7341293647188,17.0806180415586,17.5513923068896,17.2200014027033,15.7382675372099,14.2994114976349,14.1597191082252,13.4438534812706,16.0248724945388,19.2999077136544,18.4281498005567,15.7447382900515,16.3368682254793,19.2083691593494,18.9757175774581,22.2280053413658,22.1179584599327,22.6290079171614,22.3088892770243,21.2046104421107,20.4489482635889,18.7994154361302,20.5203178760104,20.015404903486,20.4113350749304,19.1598706609496,21.1783569341758,21.4600550364581,20.8345328842046,21.2437747137864,21.9096296530465,20.0760121926159,21.1931122419061,17.967073832198,18.6251837900074,20.5518377590374,20.73612495513,20.6279769449098,19.314840494615,19.6485269291342,20.1310999550712,20.6426132247622,19.402932943839,20.110310566722,20.8371976460186,20.6473276401448,19.9226249796014,18.3024046767115,14.0697920003375,19.0923006054973,18.925358904933,19.9045699580289,17.8315395241575,18.7378626562246,18.0030682645656,19.689817406307,17.2373220100401,19.1506209670573,19.5753480415977,17.8795331209424,17.3613669648327,19.7686978560059,19.1483427225158,19.3006076707797,14.3103997861903,18.5011356572308,19.1909084184638,18.3008343399994,16.5562133240719,21.0247166619565,14.7002034040013,18.2178536251772,19.6830313290938,18.5014048234248,20.4895355748672,19.741460487744,19.4748196116886,17.6685182630928,17.7536496605929,18.242169580473,18.1173964857954,16.5973807467202,16.3457522383328,12.7154306722121,14.9214327338427,14.6075158788023,18.8082526850673,18.8838417295533,19.0098793401431,19.1915675249455,16.5353272248655,16.7794415667985,17.9387366707689,18.5338110703818,17.9035809292229,19.6900496713248,19.8263563838567,17.4071356481458,16.9237909562509,18.0394887165051,12.0928493435515,20.5599851703519,17.9536706259867,14.9897338818634,14.5219716560039,15.1967062103353,17.3185990310406,15.6351283765013,17.9838516099712,11.692168296903,12.9769971972249,10.0577721256894,12.9227322618703,13.6105472283595,15.5839879449231,15.9872512179846,16.2758328303168,16.7286073549958,16.4101586198396,15.0434566836778,9.62983037601438,11.3927952712984,11.3558657948725,14.9931418215479,18.5717766332386,17.877013745814,7.18303041107652,6.99089940230403,13.6192507021359,13.0942123630561,16.0509959769454,19.6434656749556,19.0163785976431,17.5470269696756,16.9209199422448,14.3398754497669,15.3974875673463,13.8625116206329,15.3501317771181,16.4833073584548,17.4682335165308,14.3813449538723,13.7967304136432,15.0634544252942,17.93870059132,16.8458854797323,18.6273592945173,20.1979480072206,9.71358964558826,12.2851836231486,9.54704492731616,8.99121183127662,8.51732215386232,8.50271624505888,7.44657010880734,8.11126335435627,9.96894756252225,8.72817753066345,9.03230877518821,10.2179865316227,10.0463266980492,9.88405452817954,9.46973045340048,7.6373178032693,5.62895686806536,9.87045893633897,12.1899201791307,8.22775517487251,12.1156144743124,13.0831237793815,8.41350186877067,12.2055747764833,12.2256765360246,10.9580124795331,13.9006047132682,14.5458916830107,11.8559685082476,10.9576363735109,10.9693423216884,13.1442991373037,5.43391387727941,9.55635842320591,8.98824241768313,10.1865200556282,12.7470323518978,7.42054341818804,8.93365560096363,10.6570649430593,9.90569990406593,11.2740333169813,10.5651907574246,9.73647429643898,7.96522578635187,5.10007640375534,4.31097591702438,3.71310852914075,4.31319359807111,1.52659624102579,2.48864124865804,2.67996012346499,0.0,6.82079289751387,10.7076100766965,8.28507221292138,9.50908365268399,12.1165955098969,10.896699376959,7.26333426432088,12.7685389147822,5.5171189955061,7.57138586655534,8.12628880587584,14.2045095116745,14.9740102532753,12.5031619158254
216,20.1098241530356,18.7402435838646,17.8294384651255,18.0022703844446,16.7912742924066,14.9365412707682,16.2475634277518,13.8680599717464,15.4614766527411,23.6457452262607,17.1327853957507,15.9373660541807,14.3342008582852,15.3215125516273,15.6362370625952,14.3456652956984,14.7769728091313,15.2628619453264,15.4530583044692,13.3113679453658,16.0146719553649,14.8890921154618,14.5894214853462,16.6472778571713,16.02140185784,15.1511440783699,17.6421191188653,18.4163829553466,18.9405311350219,19.0004168217442,20.8424731027703,19.0956121990553,20.0370790884397,20.2736521389918,19.0320229187135,19.290890547274,17.8408889369155,19.9641352497773,18.8336330212097,18.6536966479097,17.024020678685,20.3439555393771,20.8180216142079,19.7127798210632,18.8191433602787,20.1280170721594,17.2161136955751,17.6947988646794,18.3847356488508,20.180928899651,22.1304353185806,22.224281715334,22.7479592554437,20.9982931589367,21.5486727934226,21.9988827217256,21.8349434936935,20.7045235695166,21.3011782100276,21.7932273665692,21.5641259468694,20.7797981737259,18.7849954156004,15.9106703185613,22.2443898773129,19.5108716373181,19.6037785618863,18.9090953905414,21.1127307668291,20.2581946571541,22.1531672098679,16.3877348062058,18.6357675453434,22.3307936777352,18.7823552126754,18.8357875506267,20.7444214225242,20.6817740015248,21.4554596933021,16.313451106231,21.0812640248479,19.9852270449809,19.1268845569688,16.679666213065,20.724240260848,18.338860895517,19.4652908376794,20.6666074151213,19.5125752442133,20.8821903417903,20.375970169027,20.2990031628841,19.2002949280257,20.5374412011039,21.2021186449509,22.2135109729073,19.7647496933042,20.3271588838815,16.4248055957614,18.4579544310163,18.5968490307821,20.7096280811615,19.2191683742167,20.3779661642177,21.0339474437619,21.6109295579939,21.3487118844256,22.4097017780332,21.3131444182322,22.0516647496256,23.1700252928189,22.8673252691531,20.337890124502,18.6702195849544,19.9614614477722,8.2919443793549,15.9253792218404,13.2176737386766,9.88643776612878,9.91266837401745,11.3728578141637,13.1436795236833,12.4211370350681,14.1956989806422,13.9963644967003,15.5357500933007,13.0200679717669,12.9574858879721,13.7690396897299,14.1596971377972,12.9016542891554,13.3697112722531,13.8157705521881,14.105348106209,12.0639713781659,10.4141044762627,11.2532576708094,11.8648909440844,15.1616496923174,14.7108302933931,14.1755561072022,6.19164510278228,5.65640377421072,10.1236706951575,9.89236394380306,10.1077944071084,14.8568337745676,13.8114850563577,11.8870832314101,11.518471387724,8.65603993341649,12.4721540046852,8.83681834749373,11.1159624505657,12.0280709865097,14.2607059607271,8.70470433725276,7.69345781125381,9.89895394963395,13.1960984287519,11.356547119563,14.7665822873608,15.967161940694,4.40676795616532,11.5219556338235,5.10315163586371,2.69785518726067,5.12555189128389,4.81773713591319,2.02123793921821,3.51735757215648,4.24812266659429,2.86115853370823,2.37989871827301,3.613787178989,3.2913302529173,3.33290182643283,4.04173387174795,7.51476719221133,5.51953305397268,4.338317940531,6.26521003540561,2.70097322236779,12.6478789227643,13.9859543181048,6.99022476506504,7.8526576519474,6.7105930993009,11.4774784880487,13.2527006550776,15.1544768666121,9.07206597081653,9.17673554631343,10.3104807584439,14.8633147131468,2.92339859694907,3.34897868603414,3.54437685704425,6.38758369060812,6.49539907075469,10.5060870701538,4.94408560271942,6.78029156625684,6.34772361657539,5.17642991767504,5.29301374709423,3.76100799445701,4.57003066644776,4.11396002160631,3.39722305514442,7.42885752889621,5.75064036410258,6.54322367892983,6.98750997063761,6.44801895286381,6.82079289751387,0.0,5.41892537087352,2.25245127516511,7.20912576604791,17.0358015589712,15.0920522200785,11.2891398364315,14.2712324237991,9.06655531834185,8.759794300437,8.18313530469126,16.4616620168058,16.1495861809873,12.7911341879901
217,19.2163036046619,14.861760257322,14.1758504470982,14.9188242454279,13.7345634118309,11.5962543112568,12.4717284626511,10.3145298537624,11.4485960040339,25.3333080882833,19.6529917220127,18.0776880647307,15.3535048290657,16.5799974495593,15.8798575125204,12.2499415969404,13.1077441502142,13.8105797192045,14.8290356660018,10.2181032301996,16.9420752851841,15.5424210680155,15.6916695880001,18.1837260994953,12.7382107055022,11.4973382217971,15.8439552773123,16.7067887298645,18.0950868283536,18.3166571949656,17.8781656961316,15.8821700968419,16.7872414612545,16.910666212572,15.6679724647766,16.2741818884146,17.1818699318766,18.2055635817823,17.2630625669001,16.6357099799096,15.7349525037891,17.9844683681093,18.187171591956,17.5781169574991,16.1455832750606,17.3067713272908,14.9180839940353,14.4886462983785,16.2842084273736,20.8895012809798,21.2830103916286,20.7240162129261,22.1512604150334,20.3631303973015,20.4248220880311,21.0578429862488,20.4848017810024,19.33070284952,19.299487599685,19.9710177732394,19.4312080786151,18.8392244818778,16.8782540021272,14.2015930490725,22.1526810195046,17.801301643577,17.0069564558484,17.197020992566,22.3597030327887,21.8490975194636,22.1534580240391,13.6837521459252,15.945442144746,23.359230568849,19.6800591542669,20.5134857129226,20.4704229834486,20.8330863133784,22.0715853735985,18.515097853858,20.4203473130278,17.8526012413905,16.8812692612164,14.0573794494969,18.142531458242,19.8227472035299,18.607026600036,19.9117248209415,18.7632093408739,18.9731911249597,18.9140077120999,17.9621084122957,17.1334676187175,19.3899928564514,20.4968030656877,22.5268711394452,18.8572402381283,20.3998158291777,16.6206197253291,18.0041566270961,18.8336326819179,19.3804082392006,16.5283135326483,18.9586952053227,20.9275354909373,24.4481130783674,23.7283883417477,23.7953689827027,23.0724216422106,22.9522726154036,23.7728713698641,23.2711785819799,22.7417317099273,20.7505844881196,21.1756715121701,10.0984781242013,11.9253293900115,9.34072693225761,6.40651348416616,6.41813106195399,7.72324521198486,9.11803301722154,8.70237406242966,10.0559148262148,18.7295325320763,18.5703836821785,16.0902072577385,14.3370576701573,15.4574317235054,14.7423638835888,10.7925280095633,11.8134813463422,12.5138607012005,13.7220002563793,8.84304666704998,13.1279518724714,12.9248295827286,13.7147622098549,17.0788875709302,11.4103838690835,10.4510651595493,5.66830343853763,5.54171989068506,11.0166860980951,11.1880918124118,7.27590627943484,11.6884924420213,10.6077584477816,8.37977465708368,7.91478844284857,5.25368999943234,12.824171985476,8.57527908259052,10.5682932689687,10.6420560978468,13.3600219439059,7.21332046994386,5.63174186450435,8.64117335582865,10.7869453358568,8.77703708587376,12.653109522666,12.7895265667578,3.19296715064481,14.666289293403,8.91214158307706,6.37094282447154,9.81974963873817,8.75315814366179,6.91092010199858,8.09802991426716,7.08276333163742,5.96369232084047,3.80805022839155,5.29390941478487,3.84000332622184,4.06521788948007,4.18127730343943,6.53447648525898,10.8730360302655,5.14361375787109,3.66479987285534,3.70754743261709,16.4355811188345,17.4523909517104,11.6617894237191,4.59926481110707,3.54471535114089,15.8139996849654,15.6568762630237,17.9296413290412,11.7616885157535,12.4959957059833,14.2088329436623,17.5314349890867,8.27380395903149,2.66087154481406,1.92277666649488,2.60188930730901,4.46539196449549,14.5300464124331,7.76585434864514,9.37932315011356,8.81830098539719,5.53699230725755,6.77551736599808,1.93742057027411,3.74815735760501,7.03238785228225,8.3121290098124,12.4393623707798,8.29601636810759,10.8735142220214,9.76074498785641,9.25365432926999,10.7076100766965,5.41892537087352,0.0,5.25850533569534,11.0390767300935,21.3237970780786,19.5067020042571,16.2516429968246,18.1850997261725,14.1117771651603,13.9554034474005,13.1941103602735,20.0847341546314,19.001409891579,16.089048656365
218,18.9345819921444,17.2135778389542,16.4425695160721,16.8123791700489,15.6278723644603,13.7489264139644,14.9474141483942,12.7196351895673,14.1745594882713,23.15518210415,16.446632310081,15.4596852078178,13.0749256655912,14.0438743314488,13.9977752440061,12.7394847834248,13.0693724984583,13.491651364233,13.6779733690805,12.0928707160804,15.126876522545,13.7518100925153,13.5533603268677,15.3257449115215,14.4172619035647,13.7193880508818,17.7904490013624,18.5554254469329,17.5457589958011,17.6703473347185,19.5982576280534,17.4451638351555,18.4999241597803,18.9609734393169,17.7116651483102,18.2232659398059,16.2254770435608,18.6582894927185,17.2994057428353,17.0504632885204,15.2030465013748,19.1093814283661,19.7462809625247,18.3206383181446,17.183745624796,18.7082723780987,15.4059863952262,15.9551495115889,17.7016252645053,19.1044256767428,21.3338208197658,21.6199543778332,22.0923144643454,20.2243464235388,21.0246302662629,21.3700788999392,21.0458264096003,20.0231263756123,20.8190422582224,21.07965615141,20.9853240467245,20.1151082524987,18.0239075638592,16.164835844852,21.9346886131687,18.6799623245516,18.7254452933718,18.3554494441423,20.2326628230509,19.3323782967865,21.4973454937642,15.4849641780479,17.7485483814883,21.5839237188705,17.5132902258604,17.6972610246968,19.6088950289847,19.6696824217068,20.5691320394972,15.4103669078422,20.740728987008,19.422059542236,18.6972693477647,16.2433091969901,19.787454049479,17.9989671086721,18.6353770219759,19.6487368473275,18.5495120491779,19.9776810867803,19.4376323286761,19.8469382840738,19.1177357023004,20.6108416266249,21.0911376200065,22.2686909902306,20.0209226846146,20.5110039431789,16.6387396567776,18.7799968863662,18.8044659131018,20.3176113786982,18.7564664226121,19.7630338641278,20.1836641023999,21.6589959481368,21.2016429193731,22.3278426546849,20.5287279306398,21.9400116038906,22.7817636101924,22.3394714017977,19.6141358051839,17.6153489877602,18.9604484896085,6.2395055932382,14.2730366977623,11.5848625812162,8.23150611979224,8.35418985597725,9.987294368271,11.688076919547,11.2098792919945,12.8499821234599,13.8285091030842,14.8688486426699,12.596403040651,11.627392465065,12.4224350193234,12.3977080937277,11.1573607575358,11.5258008883324,11.9015857462918,12.2019129655415,10.7730685255126,9.48462188260166,9.96749705838776,10.7326437763751,13.7651639288676,13.005221185421,12.6839640168895,7.55496374941833,7.18708204450822,8.01897076968713,7.85999820558565,8.28410645900777,12.9477763690113,11.9105253267783,10.1444324054845,9.80357832329862,7.04708524662955,10.4202297082572,6.59564195617257,8.92175950168064,9.87497443823448,12.2025695963285,6.6154029942654,5.85601908254236,7.72493164874309,11.1541723881986,9.37131472928542,12.756922104239,14.1101737928923,3.13086333339174,10.1821676058487,3.78303059608442,2.0750559466062,4.61461392629072,3.57017810813687,2.17706396674913,2.95654610488965,2.44754212380692,0.882338413745667,2.67446872788452,2.12766553522913,2.77723053027148,1.94377894567197,2.31144594965341,8.59628400667194,6.29443417674847,2.20139033378779,4.7251542971451,1.91500491977181,11.7188448196062,13.0040808435826,6.45880657702131,6.55329993438212,5.26677629777678,10.8134348425508,11.7524381976543,13.9398899159483,7.32583582059854,7.77114672703202,9.27531033031365,13.9452554955892,3.97687587330255,2.67919498842494,3.64141335445497,6.18484472730213,4.83948181421442,10.4311110594165,3.15048281465254,4.88509434540276,4.49417326536561,3.08736585174442,3.05343518338778,3.86560718959428,5.86831179489544,6.2661866222707,5.3312650764162,8.86362157455871,7.78428974746789,8.21652590776247,8.12209718594907,8.19145201531972,8.28507221292138,2.25245127516511,5.25850533569534,0.0,5.99585215151671,17.3421717263089,15.2479495383133,11.9206971049883,13.5437848401491,9.8366214188093,9.05181775579721,8.09964555073691,15.7768415981887,15.0585108099466,11.6695017776474
219,18.1465198250268,19.4561473437878,18.6144623354079,18.560470248058,17.5092012740573,16.1187839283542,17.4854163255764,15.4770348871544,17.0553258892339,20.2825987078252,12.6626988855304,12.7151023778709,10.6149222480773,11.0607392962936,11.7848269723617,13.5833237688193,13.2719836273889,13.2994254895985,12.4485469552701,14.4586057683755,13.134563376329,11.868368702601,11.3123629244696,11.7161349917193,16.261056370852,16.1794253546939,20.1320058615663,20.7340696886207,16.5260242631475,16.542872750643,20.9055980234428,18.8134203109904,19.8989757271249,20.666569508688,19.5182953776223,19.9177123736056,14.8444860960047,18.6725023189814,16.9535102420759,17.1590601302046,14.4846858213659,19.8259958146823,20.9090314429909,18.6690861521612,17.9807057143679,19.7349473782801,15.8529231904186,17.4302838691683,19.0511972409836,16.5958831783399,20.8808391245275,22.148231598233,21.5427390219503,19.6655311633484,21.3328017074147,21.2876211593851,21.1674403859769,20.4204752270672,22.1114257822021,21.8120295928194,22.2496867954959,21.1177315730497,19.0313905935429,18.7493400188263,21.4471984439524,19.317271136761,20.2000740016329,19.4483909051599,17.3361832866107,16.0037142689297,20.3364939737597,17.3606569368456,19.3927061589292,19.0900824098218,14.5921157476497,14.0002290216736,18.1144814927613,17.8789449244644,18.3795058301474,11.6999458864656,20.8928948565954,20.8286959464016,20.4777906107163,18.5987220851177,21.078582525382,16.0415878890517,18.3740707551566,18.880837034564,17.9655970210527,20.6002253193138,19.582657332967,21.5916314406347,21.2313693117537,21.9750879128207,21.6569642339488,21.9887387202093,21.5103613835077,20.8503470306736,17.2883555192172,20.0460461797237,19.1690366264858,21.1089686193862,20.9143517533061,20.3345865913644,18.9147633112369,18.6518512225628,18.3339806694759,20.629741228352,17.1761578131717,20.7428182427679,21.3398200199586,20.895478658445,15.6592600691964,13.5639635275191,15.9842334640505,4.04631307865156,17.0043237889791,14.5943302453084,11.6955824945249,11.7441734126663,13.1407051671549,14.8413417956927,14.3051964476961,15.9913931986215,8.7779124450759,10.5959443423363,9.15455521065203,8.82920659198286,8.97076518941829,9.85350996313489,12.2409276937994,11.8123147438312,11.7397111757686,10.8305710633555,13.4420407377988,6.05598621806585,7.26798410684846,7.86010570062806,9.67801021764864,15.0368290849776,15.3334165412779,12.3875652520061,12.1236977460277,6.12173008224794,5.42318757619517,11.5128797391294,14.8902557930368,14.2074796298919,13.3542071442875,13.0592654204455,11.0533603342064,8.40488508124529,7.36093569903343,8.68653295807706,10.3795677569612,11.3897277406346,9.03816263826957,9.5338602189647,9.1022870797779,12.56741822019,11.7167192971151,13.354797185869,15.7955432778789,8.15187897972812,4.72865156597936,3.17793655352221,6.23355704873046,3.40691417130729,2.49583409869891,5.60299866874313,4.31576126589015,4.92316203096372,5.38201687027767,8.54022144823807,6.93961505537944,8.49192148902346,7.52571902110498,7.04917802251473,13.0477290164735,5.61690173167417,6.23322955256047,9.38087889087302,7.44728417485302,6.04489289490953,7.57436204438415,2.28603709541695,10.5005895057949,9.83428195676289,5.16815746558531,7.0125593541148,8.94098005648144,2.87709366345732,2.21704002113141,3.36426278628412,9.72305341579934,5.78898369037524,8.56000256455031,9.48336651574043,11.2951928789107,9.24646501595157,6.97054004456909,3.385824816494,2.74418764127445,3.00240720817409,6.81306347476383,5.09228261581151,9.85101312944467,11.3700077086766,10.4526977330918,8.04038818320925,8.83207963589799,11.4769016958174,9.51893874200719,9.82661626088029,10.9794719728105,9.50908365268399,7.20912576604791,11.0390767300935,5.99585215151671,0.0,13.6016868276434,11.176870071411,8.97659653150466,8.056479178115,7.68018198749914,5.75096612302041,4.18812834305419,10.6210295554508,10.1091305179902,6.28254529450837
220,20.58268228298,28.5708781940959,26.8142368168914,25.0289054456927,24.1818877712395,23.8138564083401,25.886579930267,23.6364219645937,25.9709979706833,13.9766932350634,9.17764854429431,9.59303197541199,14.1457706675307,13.8641368387829,17.341137617721,21.6310773555627,21.2151402690291,21.1911625849278,19.557037354218,22.4597245649302,13.6993287350376,14.6959004708546,13.3852641756452,13.793751520229,25.3085844345741,25.1994570641689,21.6542766144532,21.8166996014265,20.3553511684153,19.8156956649686,26.6718403127989,27.2780375457626,27.6242578582793,27.5194989846206,26.6803328513139,25.512923287493,20.0639114176415,23.018325835276,22.4692625488386,23.6805745278699,21.8847377810872,24.6906733903535,25.4830519952795,24.0306073620466,25.5578039562591,26.1704049470767,24.310823332149,26.7200216722069,22.3061967103888,16.1587723128695,21.0705959460744,22.9108942830237,20.610653093391,19.7922416305205,21.4001396261063,21.1582193636713,22.3198637898278,21.6539452815734,23.7673442612745,23.5890572919202,24.295875633976,23.2725198008224,22.0512343671251,20.7351076289221,18.7354599992708,21.9753285397015,24.4236074724523,21.5490985410004,14.6350208176877,13.4240502050901,18.4853921975762,22.8243721661769,24.0769215559412,15.622563924884,15.6769173421288,13.4128646547985,19.1996648585263,17.7558496788014,16.6078852005169,10.6227156778493,19.7990468085751,23.3063881262045,23.1249191908075,22.6974915179564,25.1458808903057,11.9505646701162,19.6532292662986,20.2386832539121,19.5343809728583,23.3823308587128,21.8958891957052,24.0816404634035,22.9410662787376,21.3069080713851,20.1474787815677,17.719067828913,20.47343974146,17.6669322776112,15.7517346711163,18.6107516021031,16.3972161226519,21.5201240860154,24.3630469043832,21.5724955278521,18.3891204792206,8.48102998190701,10.0121318800151,14.1046720210359,13.0493425966524,15.5303691328761,17.0798219541251,17.580695081697,10.6452395292325,12.1217623134279,14.5120707233687,16.7412139704374,27.8448798232218,25.6096139748889,23.1502920523763,22.6007189493142,22.9894781235603,25.0674064571542,23.3027353543321,25.6519327233022,6.76441372785964,7.86423261345912,7.57322760537472,13.5900240829062,13.1530462855614,16.8457702788972,21.4752349100584,20.8963445926275,20.8604336684294,19.1649186069498,22.2502586801954,10.7956774967121,13.0905439936454,12.2379558765899,13.2093588718835,24.9963324727627,24.9766398105221,18.8505507450113,18.8318832924341,17.6199183073212,16.8055775070641,24.0952377375157,26.1788050971118,26.0383109540985,25.5530812319639,24.9245012138463,23.0000538982986,18.3528090540963,20.0312245812521,20.3208370537699,21.9050060419302,21.0461507535069,21.7385044975739,22.1430221322683,21.5277711925367,24.0674933186575,24.0425604415012,23.6220827207947,26.2687995907215,19.0506517236847,12.2541930821,16.0685953832314,17.9001841593446,14.904184001329,14.9781069723369,16.39107873025,15.8653268365279,17.6880869618852,17.2652324080509,19.3374694664469,19.1589556917152,19.962455213262,19.2761113713441,18.364405292413,18.7615996640035,12.6519806885611,18.1940077054222,21.2546487145736,17.9577510599005,9.86445176242045,9.64887344603329,12.6069127753959,20.8771880022912,21.2948621592338,9.70932171148994,13.1716020215058,11.2779139195514,15.0322305589679,13.2900631165325,11.5580450430284,9.69533910773981,14.5200670477169,19.5668933400158,19.5684951964498,20.4505808920769,21.616681443389,7.16488164691338,15.6720224330971,15.9893111834643,15.5562643858479,19.4771737601348,17.8583570039233,20.3709782073146,19.5848024432364,17.0165577240845,14.9979354201386,11.4835421133794,16.4219128641301,12.5702502765092,12.8556832627385,14.6365548729101,12.1165955098969,17.0358015589712,21.3237970780786,17.3421717263089,13.6016868276434,0.0,2.53897305244985,6.72983960025668,8.19624522978937,8.76350341305741,10.225266065906,11.1149221019658,7.44122161940851,10.5339720534457,10.6619998550326
221,19.8712014954665,26.9971182140829,25.3795130276412,23.853136263128,22.9628400779692,22.4335823462579,24.4235979210248,22.1898311139496,24.4353661543977,14.7172802599799,8.63598108006686,9.22259807307573,12.8150535245818,12.5753211093595,15.8403597746891,20.0721896697983,19.6252688018984,19.5811256396557,17.9598277263893,21.0017819376587,12.9525335426953,13.583075975182,12.291580034569,12.5341514563781,23.6916448006491,23.617071818011,21.3722581086142,21.6211730835969,19.3523887011574,18.8913312549982,25.6207635928288,25.753095151376,26.2354975479636,26.3069123992579,25.4074285074596,24.5012642278103,18.7714749472955,22.0714713109039,21.2685697950404,22.3603155373877,20.3217075679932,23.7335331504906,24.6264289149565,22.9422182411241,24.1302461208416,24.9700998772206,22.6938952784713,25.0541576719613,21.6500794467849,15.6774710854772,20.8559250674295,22.7067103196363,20.6116595952698,19.5471227811691,21.2873114533291,21.0470332647897,21.9893134780663,21.3144658618024,23.4559128014454,23.2094657103977,23.9152929035076,22.8308688378487,21.412070887909,20.3404469085808,19.0833772368063,21.3782760275792,23.6355574917144,21.0836901948165,14.5219370742878,13.1428921398456,18.5633297968974,21.7960831163726,23.2057847770732,15.7939895766939,14.8071739798875,12.6260897026704,18.6418730072216,17.3643900985218,16.4765594481706,9.69594713963833,19.8777825537779,22.8288004131886,22.632308795868,21.9438896697307,24.3886845706241,12.1677904508164,19.1953387897214,19.7330017958813,18.9849915204716,22.7909258033784,21.325434125739,23.6390981540281,22.6467884835951,21.4194142538126,20.357760359168,18.4143386472242,20.6467615451169,18.1580157660524,15.8128591815555,18.7989159096219,16.7496766329348,21.3760192480955,23.7622402450655,21.2437913119722,18.1649486129234,10.0775116403447,11.1351275154486,15.0885090799589,13.1090019848357,16.2927826769598,17.6324744052152,17.9278216242825,10.629630113641,11.3499278527428,14.1043044294488,14.4048187785709,25.9896731860089,23.7190422744107,21.1771360996119,20.7144249933995,21.2642222844523,23.3083271861285,21.721028434968,23.994909166229,4.41795332189488,6.74594369205894,6.26998916150275,11.9941723971235,11.5348490516205,15.0860938859055,19.7389095392256,19.129689842785,19.0588176292931,17.3667752959276,20.6658685438315,8.89537060084286,11.327467347692,10.5965512550083,11.5954347071937,23.2332814199005,23.2945531237694,17.5398808972501,17.4670816174218,15.3924721368406,14.5623159555842,21.9380280535405,24.1999261503497,23.9853697384337,23.4691808481451,22.8946232775889,20.9544049601283,16.2832274748649,17.7818125938154,18.161407149738,19.8001898933954,19.1207816853182,19.5335396825115,19.9743050952626,19.3325674279831,22.0189563171498,21.9027502233832,21.7177614859214,24.4122359998033,17.0970898584359,9.92759768582624,13.7086955857991,15.7250122304352,12.5711178726485,12.6695753552842,14.2720491423172,13.6244349924882,15.4043189051699,15.0966199855656,17.3494478964939,16.9761885725133,17.900138207966,17.1794319433543,16.332566053893,17.5930529243549,10.5951185929525,16.0684727015021,19.2000983610551,16.0125674242348,7.50530673033411,7.55474835315965,10.1929516182459,19.0463364701159,19.3077847454183,7.18307034065489,11.1139642114402,9.50060261601402,12.6319159146832,10.864951246069,9.06762897740395,8.3081165834956,12.5214404079914,17.5901935899042,17.7276977582166,18.8014363130242,19.4835473952144,5.15681834604464,13.4383885365698,13.6316483476527,13.2770462101053,17.266851222493,15.6131839733604,18.4752211111893,18.0090021067779,15.5223288177228,13.2673784393064,9.98479298465712,15.1689922767167,11.2622194239463,11.7172569542883,13.5064457536904,10.896699376959,15.0920522200785,19.5067020042571,15.2479495383133,11.176870071411,2.53897305244985,0.0,5.00772279655057,6.01686816086248,6.95974025605153,7.9751859700377,8.72864111535044,5.98944368851219,8.99912138853833,8.45900744528603
222,21.456253653968,26.2313748027492,24.7661568243019,23.6747642243195,22.6260051621615,21.6443229130267,23.5433890848279,21.1095764296682,23.2895759158933,18.5698306191873,12.051971050086,11.857887736415,14.1679409506406,14.3526709354316,16.9708736596583,19.7725159064347,19.5814768608977,19.7046740289407,18.5297435094182,20.0667855980483,14.8328498879318,14.9588562001678,13.8325151186333,14.7941352911676,22.9826959166399,22.6233697000317,20.970136816914,21.3937684965406,20.7427679165699,20.411021209808,25.8873402615636,25.4822314491347,26.1285107117197,26.2139364804893,25.1669020368927,24.5195017619645,19.9600765329209,23.0512765666926,22.1375489193284,22.8851646959445,20.8329713582908,24.3609787136327,25.1023432373915,23.6240967936444,24.2278943092185,25.2326629405268,22.653237678215,24.5152509933108,21.9718599331609,18.3939723321975,22.6650855523236,23.920821814863,22.6047702572088,21.3350619943104,22.6215941026833,22.6604150122396,23.3854039210784,22.4694271891418,24.0971292374429,24.214520812916,24.5754773602814,23.5888821612206,21.9662736974762,19.5922594552813,21.0846413140986,22.2116394691899,23.9119550447042,21.6478704565974,17.8105391379244,16.5365692996179,20.9354446260515,21.5455688650612,23.2934490388515,19.068472271189,17.3008747834261,15.6776008129328,20.7593068573272,19.7667228741601,19.3338464934842,12.5297795376194,21.3123067429663,23.2762668277818,22.7809996079702,21.517031561543,24.843408611234,14.7974511202701,20.6019081746606,21.480843999345,20.5287238644074,23.7195908911381,22.5065444246252,23.8996034464797,22.5731495924713,21.9336198245608,21.5145388939209,20.2474028058886,20.9522431431056,19.3299843826618,16.2918908746397,19.0957888162804,17.7043963164769,22.3281031398029,23.6620455006303,22.272905847785,20.3893520561509,14.0833271412285,14.9761388317276,18.0484211476208,16.826147124361,18.8252580164777,20.4063052200059,20.6270814089767,14.68901840159,14.6559280861535,17.1525385829905,12.7910379152065,24.5512942896826,22.03554789065,19.0811395142985,18.7722595844345,19.656924882468,21.7287708572169,20.3101654827975,22.56233028976,5.23253949979357,9.94490620612299,8.1866236660523,12.9611959068352,12.8875433261768,15.8089350175842,19.0426229233326,18.7251134930592,18.8018350641235,17.5776521389868,19.4263351363494,9.09393776899456,11.6978090132803,11.3477822922012,13.4240318427264,22.212074655228,22.0717795964258,14.1745675263009,13.9119176743208,14.4109288014462,13.6197893637788,19.5702156613346,22.891918438735,22.3542231414686,21.3186849857121,20.827392097699,18.4691213855353,16.0336849426748,15.9299847668088,17.0427965583674,18.6510918821373,18.9257336791877,17.3044848433039,17.3282506736196,17.5461394982352,20.731393148932,19.9863198878213,21.0751948849022,23.4535514680565,14.2387642705844,10.0254299809964,10.6040078084763,12.0198651104102,9.06034832757622,9.72807335213164,10.4941682632222,10.0287602994898,12.221111968395,11.8133293059255,13.6187922411662,13.5600542412137,14.2939429297032,13.8395074887547,13.4854595703557,14.647723543248,6.27284581992155,13.2749774646204,16.390278931956,12.8356549438545,8.28255493586373,9.32922944272513,7.23957764017129,16.8452800380949,16.652627476995,6.69248482485253,12.0449372127086,11.6286315764477,11.3361945859296,9.68427637648335,8.21094764361327,10.8096703773872,8.49141338479475,14.2494711228281,14.3579367631513,16.0114804233216,16.5946897434826,4.79057500857921,10.8962293453976,11.4917736909095,11.1983874652571,14.377221940541,13.0010588965505,14.9408157109724,14.3753148686254,11.406584785173,8.94402446502482,5.2509554052998,11.2156336846179,7.09647701763626,8.90099594204484,9.92568631414983,7.26333426432088,11.2891398364315,16.2516429968246,11.9206971049883,8.97659653150466,6.72983960025668,5.00772279655057,0.0,8.04971161082796,2.27890582839272,4.08434877189012,5.44948348612422,9.54999722281797,11.7326436847721,9.48303900477643
223,17.6531437322114,23.7820065103418,22.5374179423288,21.510752895805,20.6877133868882,20.0997109153837,21.7866620370498,19.9265653880362,21.8098461338718,15.172784880001,7.44265971927703,9.12716195862051,9.76039640003174,9.25589493807646,11.8745022137667,16.8930088308535,16.1357813894058,15.8648152675091,13.9910264346295,18.6613563991077,11.3326864299145,11.120751523506,10.0158352244449,8.77695380966863,20.4544695182348,20.7545361930859,22.0286870213603,22.3521070642104,16.4433743675672,16.1560953450991,23.1571671486677,22.2972031936084,23.034126225103,23.6355146231241,22.7297527283066,22.4457426567346,15.1559237756498,19.5031119050895,18.0570072902367,19.0105675195767,16.3275705759549,21.3429464669964,22.6238747676468,20.1452494137871,20.7274225957239,22.084940425848,18.8923284010681,21.4319429805961,20.5949147290023,13.5743713629908,19.8364256034441,22.1004643516048,20.067682410627,18.5761441670727,20.9450728963259,20.4837660012847,20.9105938049754,20.4780429954288,22.9892617025104,22.2451626629933,23.2025050883476,21.9304606561245,20.2207498397558,21.0559619798777,19.6276626075609,20.0657547777036,22.0810067832048,20.4217125148704,13.165501746733,11.4201691280972,18.0899470494704,20.117231811945,21.5986726525782,15.0875943675242,11.7886396481265,9.70394065598249,16.5180013591432,15.622650802275,15.1947425978929,7.3848439763955,20.1054632873744,22.0960847918479,22.1298743455557,21.2308221291361,22.7190305850032,12.8038019903105,17.9790977842935,18.0071451891634,17.389508074638,21.3008494468835,19.7833090467509,23.113094124326,22.8972995322246,22.389847877627,21.1390052056079,20.0711684301214,22.0143531082966,19.8665074551988,17.2521889788693,20.3764860805878,18.4335399781883,21.2708003880671,23.0816789508136,20.5557097387497,16.9987435074576,13.0713401625826,13.0912414478091,16.8694825585667,12.0962291590658,17.7494515918674,18.1959927840237,17.9747310767831,9.6425610717958,8.50906127781599,12.1528260932105,10.3970361266991,22.549290638397,20.5002789870233,18.2227924836746,17.9328754719952,18.6577550342178,20.4355126344354,19.3617833597134,21.2719004230519,4.17207979305149,4.94564803698105,5.80284573654962,8.54926418038981,7.65628643587983,10.6892250719832,16.3727324500448,15.432196085278,15.102834620268,13.107335520861,18.2243111833712,6.20584874769751,8.07536265901463,7.63649761239793,7.11528725550087,19.8417579311854,20.3432774833304,17.9992305993311,17.9226784904275,11.0051038906637,10.1781516777606,18.5969772261032,20.3298464287643,20.18845269829,20.0778433230243,19.6282325702015,18.1358850519489,11.6167707943167,13.9463633961787,13.8860025110246,15.6182897468215,14.6686042389369,16.0648494939503,16.9768330329129,15.4926532722702,18.0175321541944,18.200999013936,17.598189629283,20.5999410838252,15.2300561032545,4.85708200414382,11.1721889835001,14.0368817930501,10.68359973603,10.3238661384415,12.997358794297,11.9122768119838,12.9495795838226,13.1357525468111,16.0906283893675,14.8787978895866,16.2570298883264,15.2645974061324,14.286811255027,18.1341399874676,10.5798531444818,13.6990945052365,16.7730820463137,14.5639147854317,2.20729521311375,1.93003676102872,8.1131305895242,16.8105771865805,16.9501071788673,3.59165687076763,5.87921467128875,4.40836517962186,8.33059839444314,6.72747570234549,4.89117816837276,5.21685020030577,12.0842626298356,16.0129695313013,16.5841737017455,17.666772406737,16.8555742016939,5.57815860574685,10.8483174073308,10.1922384699417,10.117589457764,14.5807486004446,12.735719585302,17.2328911093076,17.8555313733889,16.2299353446297,13.7265014320969,11.9311602203126,16.4852351325003,13.1413694667266,13.1242081443414,15.124335937983,12.7685389147822,14.2712324237991,18.1850997261725,13.5437848401491,8.056479178115,8.19624522978937,6.01686816086248,8.04971161082796,0.0,8.89286491474125,7.97761817288393,7.56286722091214,2.91720958913339,4.47306538447916,3.13720658887286
224,21.102476690261,24.8070408841667,23.4145330163146,22.5203928035507,21.4217642740297,20.2690561829417,22.1043796628581,19.6295028324351,21.7532379638042,19.5162012294837,12.8411264871875,12.3388031987593,13.8964137561237,14.2750817681505,16.5224749964294,18.6152647259279,18.5391697938074,18.7365788121363,17.7894144828096,18.6549095577369,14.7909010527027,14.6638313797452,13.6594946438166,14.9450963729841,21.6149868613542,21.1493941821771,20.0302910281681,20.5310997163517,20.2985904584367,20.0339013964732,24.8888898743019,24.2586505623053,24.9611147728526,25.0579023408132,23.9614747786313,23.4488316233693,19.4465404225324,22.3906819803854,21.4344925077149,22.0216753231593,20.0171039459494,23.5350786101353,24.2200935851185,22.8203022430773,23.1668841473385,24.2290414511723,21.5680459747895,23.2029240224926,21.1232293465088,18.6350192602451,22.461988500353,23.4737793167597,22.5254413450442,21.143679472075,22.2675162780868,22.407770022722,22.9835089579486,21.9920285973672,23.415379072797,23.6407941038494,23.8725204652438,22.9206306128528,21.2059724071953,18.5378036595409,21.1431482219194,21.5596911898387,22.9845180936407,20.9410501693052,18.3668616137441,17.1645150350165,21.056673208746,20.4185643923261,22.2902930814527,19.6280900103819,17.4575845759728,16.1619365051258,20.667064714322,19.84028247641,19.6534045696732,13.020211627276,21.0803117345991,22.4943441949927,21.9018299833441,20.3932269411783,23.973958991381,15.2437879568761,20.2325230379586,21.2217200439632,20.1989027836096,23.0781493740695,21.9879293711169,23.0533947269383,21.693290325127,21.4050027351101,21.2323465796195,20.4029362226372,20.4127658097945,19.2253425556834,15.9013630770107,18.6111973677806,17.5275929075799,21.8368894566329,22.6531885966626,21.7561735749799,20.3985439458362,15.4750661081467,16.1178188000516,18.7394769813284,17.6321850168874,19.2690246471366,20.8243216762003,20.9521615509079,15.7243131123906,15.3069195645195,17.5879029841377,11.4638390794898,22.9103756779185,20.3313841518867,17.2722852238163,17.0092734575083,17.9941313764642,20.0529835051336,18.7124306778462,20.9282368614901,6.63309812636699,10.764687435161,8.60913247100882,12.5840201710322,12.7099691946733,15.2481608152046,17.7451746434838,17.5626187345766,17.7106651181682,16.7298262139791,17.9037328625124,8.65131957677871,11.1229829111486,10.9589909013581,13.4800548398431,20.7412080768786,20.5197587970161,12.1624044505155,11.8431433604698,13.2478788550104,12.5094666939476,17.7143692708531,21.3400162567336,20.7026213631757,19.4966222409069,19.0235394809271,16.5498294333903,15.0988322532326,14.3579950556751,15.7165508220275,17.2586797114164,17.8970807622086,15.5418077820989,15.4075382462714,15.9443325471481,19.2311298257512,18.2797027676444,19.8020431822335,22.0086614857029,12.233214155408,9.71912787874051,8.81819805340466,9.89528731022261,7.22830841231596,7.95558557266398,8.33968677354305,8.01068124326952,10.2834548346618,9.77515569532114,11.4022191147194,11.4753407621509,12.1138714171388,11.7309824920121,11.5062904186607,12.7839484345562,4.11895949914157,11.3428272003618,14.3915797057946,10.751626143003,8.56400707726151,9.82678347449505,5.82863297528663,15.0133647198177,14.6860413177776,6.82487474901303,11.8741623674955,12.0072567030928,10.2890970832341,8.82032921337153,7.77750619889716,11.2722713164767,6.26514373610719,12.1096551802387,12.2039057565104,14.015549406535,14.5937712715949,4.90823452953272,9.16483325751413,10.0007367902801,9.67563387705454,12.4352598526566,11.1939927082782,12.7454599063943,12.2087304656179,9.23088436405656,6.6795206628383,3.25820507533092,9.20035658566355,5.17170694014469,7.32681740851368,8.09463393061209,5.5171189955061,9.06655531834185,14.1117771651603,9.8366214188093,7.68018198749914,8.76350341305741,6.95974025605153,2.27890582839272,8.89286491474125,0.0,2.98324612453717,4.29291084007149,10.7262950902021,12.3506806040906,9.61357185694379
225,21.5218081618689,24.4349033308175,23.2932625117212,22.7526910322733,21.6598625736637,20.3840960242675,22.0371489403035,19.7167222256069,21.6259687610057,20.6819824272768,13.3596910454015,13.3564038280735,13.8560870080903,14.1437477445305,16.0249049883619,18.3235053299731,18.1173713071051,18.2167451076097,17.2038761563518,18.7198136603062,15.3961803768545,14.9062775666409,13.9711162851913,14.6363307604579,21.220051499069,20.9101850459505,21.6870530638424,22.228780144971,20.3774006605907,20.201176729059,25.1255724406872,23.8473834088019,24.7358134635123,25.1355961383034,24.0072304797451,23.8640908265906,19.1472187500437,22.626051187911,21.3244138412124,21.7981469129344,19.4147116334347,23.8395441289165,24.7113517146558,22.9164012636018,22.852152726282,24.2359703203495,20.9796356405645,22.6206326108478,22.0469003292669,19.0387795234321,23.4199519825338,24.6329979119421,23.6710516912716,22.1117743193241,23.5269131705716,23.565838421564,23.9316823571173,23.0415590144319,24.6331647739623,24.6443984451932,24.9837261552131,23.9443509231147,22.0779880157992,20.1963918561067,22.6961545854509,22.3882389630557,23.6758627908989,22.0543121552558,18.9901708170831,17.6094907454723,22.1826714434556,20.9791296841116,22.9354905493912,20.5198214236739,17.4754666133789,16.1690946050224,21.1177334163608,20.4338085027747,20.3878223085839,13.2466607413189,22.5560490343826,23.5818689519424,23.0777946580149,21.4195839949456,24.6272483457222,16.6279680539869,21.0984561673539,21.8646736146515,20.8951491114274,23.8366872312401,22.7213617528739,24.2301341510021,23.1949748343464,23.2109942787389,22.9406777805296,22.3585466674852,22.3708312338925,21.2521643869412,17.8396370625207,20.6372137017792,19.543117261515,23.2007262677589,23.7345853102066,22.869248082899,21.2513897364863,17.1717804117493,17.6453036993239,20.5204270591236,18.2828042286113,21.0399875367537,22.2799258455495,22.2348950085373,16.2418243845998,15.3043957003951,18.004350824934,9.78245337166273,22.1760804170431,19.6273082580519,16.5249326273299,16.4517082357281,17.7004700033937,19.6214306817756,18.6474052656086,20.6523772416404,5.82644222458222,11.0172339460394,9.32779929601634,12.3001303452476,12.2756164759249,14.4369614830654,17.2306807146064,16.9156591267282,16.9409360611665,15.8845348724507,17.824042846236,8.46037125990467,10.8004709396328,10.8406363348134,12.8263215794408,20.1526514816885,20.1551715540846,13.2035079744579,12.8055361625975,11.7672225543646,11.0166557715691,16.5185817174543,20.3257470191557,19.5966048444371,18.433932197114,18.0915472131912,15.6903641424631,13.8110889813715,12.8936093905472,14.3512231064307,15.9968169905928,16.8174838197693,14.2312627727291,14.2462392852078,14.5923404982318,18.0909864810398,17.052675099783,18.8285933733302,21.1695698524045,11.7844204323492,8.14347561874673,6.98184230955865,8.74272044699668,5.32195396045502,6.4272160758002,7.42978925849784,6.61396968982579,8.7893065195726,8.73050359376838,10.8615860362844,10.326186640773,11.3356084978176,10.8755414549548,10.8672023336634,14.012887951802,3.4470228493017,10.4229642357899,13.5891326633668,10.4014150442006,7.17187423844269,8.81811982508962,3.61483750795685,14.6945653623187,14.0454572206136,4.99913910223853,10.6508326239258,11.1552695517718,8.40910512003554,6.96767315536793,5.80472321200508,11.2002687312531,5.89535464490478,11.6060316322376,12.0668661054776,14.2199771240935,13.566104525854,5.68104287921315,7.96910867673508,8.30317623985855,8.30420724742821,11.207528568973,9.87779595654671,12.4373294755992,12.7058679013167,10.0939504878102,7.14611411689861,5.040210049443,10.5903881260568,7.06802306613506,9.16462570873344,9.86362176707707,7.57138586655534,8.759794300437,13.9554034474005,9.05181775579721,5.75096612302041,10.225266065906,7.9751859700377,4.08434877189012,7.97761817288393,2.98324612453717,0.0,1.63833786140091,10.4122534012838,11.7475514917743,8.42153779164599
226,20.7458542842263,23.2279357566265,22.1870257884105,21.7982033145264,20.715123651139,19.3993451940853,20.9674439325199,18.7345260271916,20.5448551394974,20.652724429205,13.1112824476569,13.2035542882834,13.0018803666923,13.30236814648,14.9127350394749,17.1722363354174,16.9210404120482,16.9879692947429,15.9881981966953,17.7271685136286,14.8520815077219,14.1462407894924,13.2901203686577,13.7949703665423,20.0133787186176,19.7771998153482,21.509746631683,22.0716117809082,19.44748381833,19.3233603994835,24.1638363149084,22.6181088422411,23.5756439849099,24.1002670127783,22.9635308449198,22.9887375943886,18.0634502564889,21.7091273069368,20.2654892797802,20.6707514471748,18.1647745780302,22.9265871036918,23.874715636007,21.9201077850238,21.6679450861839,23.1785984262748,19.7003283285709,21.3344065215129,21.4434402761785,18.436976073067,22.9093620796579,24.1739064914737,23.277784749208,21.6189801801423,23.1420410051246,23.1448378943024,23.3762993124037,22.5323771548886,24.1801216277905,24.0882995688534,24.4692521803912,23.3931678786268,21.4537395623225,20.0391857321448,22.5556428391737,21.7502953509063,22.9394116762762,21.5605155212269,18.58923995117,17.1819679012276,21.8398772881796,20.1922488502712,22.1782186567721,20.2183548270487,16.7122147309998,15.5410570949316,20.4183054064219,19.8473028728299,19.9372045817875,12.7651953037747,22.3160388934428,23.058097124366,22.6016286054158,20.8737848839227,23.8694616099712,16.5732053766575,20.5304930524871,21.2058438007141,20.2552790669724,23.1553026373664,22.0517847981927,23.7479644567522,22.908020755564,23.1250806194024,22.8233444439664,22.4765588218382,22.389565726647,21.3728078145432,17.8982137752685,20.7181754577988,19.6606060359798,22.8562791185924,23.2008225021449,22.3890221936614,20.757324287345,17.6491152142767,17.9092877244234,20.7067878686887,18.0005847264359,21.1362693095536,22.1864371145804,22.0258565233767,16.0413629915265,14.7580853199305,17.4871732475079,8.23274881947331,20.8760150406216,18.3628175818173,15.2952452208511,15.2765273939434,16.5959350380513,18.4516127676703,17.6219709598815,19.5309230116651,6.18950019888221,10.7579220951422,9.17423844035402,11.3523735907921,11.3271739256383,13.2055733920419,15.9985896391961,15.6363768307155,15.6202337859915,14.5711939804666,16.7860086608545,7.67551695293742,9.82762910544007,10.0001310342969,11.8673153491172,18.88596812012,18.985420876707,13.0667199935194,12.6844257805046,10.2547626160146,9.51081026272722,15.1772546787282,18.9257716994054,18.1925993144003,17.1012224143775,16.7907561380806,14.4787510954546,12.3601451591033,11.4093862235172,12.8532145537225,14.5231926424497,15.3987256168053,12.8345957273068,12.9649978377957,13.132798948107,16.6544566383056,15.6414416394258,17.4237529847034,19.8082307044347,10.8183996230921,6.89091246012176,5.62795805130433,7.81533220891848,4.14695892877308,5.11238903019281,6.64396638375964,5.59570237505912,7.55141782059291,7.67066645386181,10.1259743360108,9.26471748225617,10.4595494796516,9.88297428559627,9.82752866368431,13.8749472748939,3.50577562288919,9.26494088529435,12.4643563657635,9.56619188557052,6.3488088442874,8.10596094019427,2.0719707873171,13.6555021021418,12.9493674263154,4.23668521090086,9.47658176758642,10.3193778110447,6.83466718735562,5.4622698493878,4.50062892770512,10.6584468297537,5.52170236116985,10.7415015891879,11.360221895447,13.5141669516505,12.3803010864676,5.78606121247996,6.6777454518413,6.7855371870858,6.88675669142518,9.9612043106126,8.54489681879061,11.7061391624059,12.3699698838158,10.1645988785611,7.22106747856796,6.06060622856019,10.869443089548,7.7405671054389,9.40272450426185,10.2304521723468,8.12628880587584,8.18313530469126,13.1941103602735,8.09964555073691,4.18812834305419,11.1149221019658,8.72864111535044,5.44948348612422,7.56286722091214,4.29291084007149,1.63833786140091,0.0,10.1935921492821,11.0828382180736,7.48003515692586
227,16.7680945860834,24.4958826163081,23.0850517201716,21.6929084612379,20.973154860441,20.6958745144808,22.4703990638659,20.6930158122365,22.6582238409401,12.6944965520731,5.42474005451898,7.71277986891812,9.48569510314644,8.71365387460921,11.8421024876834,17.4703090799053,16.6462753370317,16.3293696873746,14.2806551589628,19.3904787598881,10.3697266313467,10.6448882166731,9.45917736831295,7.92068119298606,21.2104323231484,21.590567252149,21.8359062356842,22.0470435859831,15.8363719822312,15.4355348777998,23.0547884293628,22.7820891251921,23.3349169619903,23.7943494521817,22.9992915203974,22.4289443147348,14.8720860961206,19.0359961300502,17.8258084008132,19.0179467268059,16.5800362974908,21.0313508569161,22.3111397070764,19.9031897067219,20.9908460149547,22.0934412467485,19.3964941958028,22.1561832442974,20.2555557736172,11.9821344952518,18.6024613081158,21.1360796161608,18.6661003356158,17.3730064298116,19.8994276512348,19.304954824628,19.9178014395162,19.6078211142443,22.3287297983208,21.4498987372961,22.5608408660664,21.2795538033173,19.7700627426828,21.0669202864327,18.1407779750151,19.4662064928989,21.8206417319645,19.883691749125,11.1118707365086,9.328948720098,16.4871120632513,20.243478435895,21.4720054505724,12.9842535247453,10.5168267057549,8.00266595865229,15.2887628100306,14.1698127814995,13.4000935791091,5.8994046940663,18.9612234879961,21.6026869629949,21.7781933674501,21.2669152836788,22.3583581660681,11.159811966782,17.056932563336,16.9357466428509,16.4443373049658,20.6458141762613,19.0088242499159,22.6809671803515,22.5552523025307,21.6487496159346,20.08324999162,18.612720188223,21.3588755320581,18.7712881989973,16.6339069129958,19.7475160213514,17.5008062805294,20.4165637818811,22.8839906122171,19.7406217351908,15.5731813354112,10.8123523392024,10.7733293123897,14.8822524229128,9.74157224378178,15.9721451186985,16.2898339586353,16.1403932764164,7.04922246919319,6.57987976071915,10.3265602428509,12.5678701241649,23.7908748565596,21.8898363828378,19.8748954233626,19.441807342299,19.8784841150981,21.659381641458,20.3735755934046,22.3398347325354,5.98345269183431,3.32153428382189,5.48766793042438,8.76512641425494,7.72665412694075,11.1614411302244,17.2841870179616,16.2755088147901,15.9320531927208,13.7852878436793,19.1831533323214,7.25174048081494,8.78435001498518,8.04441223525946,6.93507787621228,20.8616258452486,21.3604595560009,19.5143338548959,19.5399672981238,12.7773436377605,11.9989073743272,20.5512634612254,21.6744669970573,21.7359846081448,21.8499422103393,21.3151646892642,20.0063120999093,12.8743606889805,15.9357038903922,15.5060002610213,17.1331112949736,15.6291108468302,18.0710870957859,19.0624881451298,17.3487092079258,19.4669810577104,19.9814246052649,18.6501871260945,21.6807621388056,17.1484098722543,6.99116729706212,13.7604156469938,16.491418734991,13.3295205047592,12.7839418994194,15.3875912089776,14.4250888026483,15.4131143918977,15.4565428724096,18.3235718222997,17.2533869654216,18.5366487892121,17.5021770758154,16.2973998138305,19.4098575729566,12.9386126772871,15.8152815351854,18.7785960152218,16.573494971709,4.85874555409013,3.4700964401077,10.7817528884731,18.367664244157,18.8259195885497,6.46236189020777,6.99270158082446,4.4252787818057,10.6472026422316,9.1714568479755,7.61260461610725,4.32185227030313,14.359001281554,18.1082909585304,18.5450557916316,19.2537764514009,18.9802449392069,6.79126210052956,13.0810587596847,12.5477267813603,12.3194699894234,16.8306012841301,14.9772891057188,19.3048064211552,19.6647400462003,18.1050994231217,15.8157758184325,13.7943612574727,18.1310441936985,14.7851878290837,14.3044738956984,16.5485731127552,14.2045095116745,16.4616620168058,20.0847341546314,15.7768415981887,10.6210295554508,7.44122161940851,5.98944368851219,9.54999722281797,2.91720958913339,10.7262950902021,10.4122534012838,10.1935921492821,0.0,3.52837410301496,4.9608877140102
228,14.0831922189933,21.5920785470329,20.2893397176981,19.0202073233913,18.3831659867151,18.2086908463183,19.8378823697091,18.321702207019,20.1065973857568,12.3039477640632,4.85552534603819,7.20282583799717,6.78151263463894,5.80738465433276,8.58710230219021,14.6549659132812,13.6818910257235,13.2549996068475,11.0786636382351,16.9995488144601,8.36232176239178,8.15396875034655,7.18848508435059,4.72635111325576,18.3685592886585,18.9459776552929,20.6840540253636,20.9075346635986,12.8495205058769,12.5322839632292,20.2258982784037,19.7105795839457,20.2929929468319,20.9280607222688,20.1758820765093,19.8239282939123,11.6347939765345,16.1603587065083,14.7190310085685,15.8878926486429,13.3099925138652,18.2268874486841,19.6701490344661,16.9429106964023,17.8855788194899,19.1163731980585,16.2475834770704,19.1293333620139,18.1468492272596,9.62212680379215,16.511807237833,19.1875682791978,16.8568897632405,15.3441818694489,18.1329190665947,17.4388224225044,17.7449133342602,17.575565838552,20.4416671406804,19.3038461521028,20.5355950520916,19.182174651271,17.5809515266786,20.0297182996964,16.9953771761901,17.1992451258204,19.4234406883353,17.9699080586913,9.43251880904135,7.60914255712946,14.8379565769892,17.9216502750473,19.0850766486821,11.5826879839782,7.65210480282097,5.47362224269117,12.714768210011,11.8730289487559,11.495335508287,4.0982951794635,17.5578630377043,19.60764540963,19.9295929026582,19.4106094922554,19.8732568948771,10.5954094345934,14.8944040124451,14.5037839939477,14.0938382124368,18.2506263585393,16.6172005440564,20.7820479390546,21.1134904115426,20.6005986053356,18.9642014515871,18.1248018929795,20.5669612626913,18.2711013173185,16.0964337404288,19.1453138043955,17.0441414381968,18.7713244291245,20.940914930293,17.7890178334852,13.5311963328782,12.2665979437085,11.4831224018097,14.8473465916449,8.61282810814429,15.5720620385036,15.359958578169,14.8803012561764,6.60744024216484,4.38681915667542,8.23812843451155,10.8999679882807,21.0888880710353,19.4124783814807,17.7656395716706,17.3158888024827,17.6212095289611,19.2297177516238,18.0951675025868,19.8686891763804,8.56408029347185,3.50450618438767,5.77164890770096,6.13424232216704,4.84304774476422,7.97406288319586,14.5636342045747,13.4014945956135,12.9534884927235,10.6689127010984,16.8706787778254,6.12372438856033,6.62511155742598,6.00611718144545,3.59098265446798,18.1008813730126,18.7782582223073,19.1580944562033,19.2611448317743,10.5087424180046,9.83762069048786,18.5197522678558,18.9168446955192,19.1503196135762,19.597610858045,19.0558608803849,18.1412393038296,10.0419850411585,13.9174220810765,12.9909222240044,14.5030339621698,12.5593998736923,16.123435142803,17.3590778610168,15.1350796069225,16.7846335341141,17.6648148679546,15.6763702671783,18.7764562787473,15.9311487441534,5.70099943557691,13.2291649882719,16.0105971324263,13.2958166941874,12.2600120859856,15.1342344523819,14.1708812554986,14.6091495116496,14.7245871520727,17.6967412670169,16.4001354002559,17.7407689995285,16.5669893764511,15.1241013095886,18.9351282169111,13.6720819550538,14.6113238663205,17.2749412562163,15.7058768049011,5.03653015409354,3.1583505262339,11.0055124046297,16.590064596606,17.2328750298515,7.34710795720523,4.41315370211585,1.47018620231674,9.24546073186729,8.22278143407687,7.42646636029049,2.61301172435641,14.5465431413961,17.1678983662205,17.6878993737097,18.047426912688,17.4911211985045,7.89792297738604,12.1098298401709,11.3573518538807,11.0962511186272,15.5550047848398,13.7140379093885,18.4648948293795,19.1815160300749,18.2847899757863,16.2172012765135,15.0900600597789,18.4763914568435,15.7001617635939,14.5980571474808,16.9866881947534,14.9740102532753,16.1495861809873,19.001409891579,15.0585108099466,10.1091305179902,10.5339720534457,8.99912138853833,11.7326436847721,4.47306538447916,12.3506806040906,11.7475514917743,11.0828382180736,3.52837410301496,0.0,3.94210700482218
229,15.6558711407729,20.8158400557839,19.6906711361168,18.8947380085952,18.0740237301614,17.4112209931471,18.9762013027774,17.2400763165247,18.9839478222747,15.4627856121744,7.57024008192572,8.88775701752622,7.57948330611585,7.23226561675483,9.2296905645529,14.028356319567,13.2317733119539,12.9376835646686,11.1245346842775,15.976068581406,9.90118250865193,9.12499378886834,8.23672238501099,6.99917786841914,17.5014635813088,17.8774027147307,20.5926453211748,20.9715741982791,14.1586924928993,13.9856380976549,20.5863237079842,19.3437377178239,20.1696510089899,20.9182415444459,19.9872604220208,19.9589954171534,12.6006479955648,17.134317660729,15.4681762714217,16.2709282993913,13.4385929295013,18.9045208305559,20.2635050308565,17.6034566763913,17.8606059445668,19.3910817462939,15.9093130997481,18.4066201130845,18.5781287268963,12.3271846558813,18.3248869850288,20.4937682084514,18.811241375122,17.0988964905347,19.5046293984587,19.0609558465135,19.1991542145143,18.7856816559251,21.2567334533586,20.4274837740567,21.3715528563495,20.0689051075899,18.2134691373195,19.6242230975572,18.8281077704734,18.0916602329116,19.8376943646273,18.629678026429,12.5621677895045,10.907676276775,17.0735652806227,17.7426677644927,19.298291154313,14.5889768768735,10.2070214316047,8.74568065585369,14.824114989522,14.2304010715048,14.2349720178157,6.69416278067251,18.9549557199474,20.2175283635178,20.277551209536,19.198660810722,20.470678323701,12.5493356940837,16.2711610031545,16.2442235045351,15.601597979355,19.2707370475099,17.8379345528612,21.2604864980621,21.3143642094828,21.2673898039656,20.1234890799571,19.6928873084197,21.040690996219,19.312196281356,16.4804561581427,19.5403892171172,17.8484749014246,19.8044354036201,21.0898770128821,18.8819676956044,15.6793280724019,14.4640668197954,13.9815108003421,17.083306040536,11.9963490611594,17.6059998512987,17.7794650177759,17.3224400146268,10.0980365907278,7.96057273723743,11.2545746690697,7.67539017183254,19.51930299953,17.5432497210602,15.4107884121339,15.1419688646033,15.8728935779044,17.5512967507637,16.6395414524592,18.4157729340032,6.67149174386144,5.40853961686137,5.78468654154605,6.0903927318019,5.25547316150158,7.77847121976604,13.4140269765108,12.4229896257559,12.0556776622866,10.0827468642126,15.495707021293,4.27631964861771,5.54169777649576,5.41118117308416,4.90927020395201,16.8353128672597,17.435714574549,16.6230651933592,16.5911300048757,7.97429112265165,7.17021956743486,15.795441955611,17.2448040907497,17.1462984821404,17.1764966904355,16.7300784127501,15.4447319949508,8.48001110596187,11.0923449165644,10.8139755000484,12.5299534464278,11.5555034150788,13.2823767646535,14.3598694924242,12.5603833439142,14.9342230960589,15.2497723308394,14.4870207590991,17.5133947177371,12.9917683630646,2.04590058275635,9.44205384999461,12.3757665183835,9.46371763161845,8.57693082275246,11.550182041976,10.4564535695123,10.9799016603959,11.2356538025791,14.3227682536803,12.8887354256076,14.3354860963641,13.2156098437951,12.0547342267179,16.7183300696767,10.1998139266106,11.4144289487928,14.3075800856992,12.6009201137904,1.74449019921098,1.55655241713785,7.1899916384997,14.2402649791318,14.4413262886116,3.95727590276184,2.89186042995512,2.89741207803539,5.73881253358661,4.44026886032029,3.50152749823194,4.47165632866176,11.0943580069455,13.9851552496504,14.6570433786897,15.5412096442408,14.3879156885183,5.94554063689656,8.69590686576081,7.82500657202537,7.72205025401909,12.2386428009115,10.3714861302759,15.3057589536413,16.2967331722206,15.2757779703679,12.9713967852254,12.1793215880125,15.7326997137625,12.9846201436006,12.4476551223826,14.5139669242175,12.5031619158254,12.7911341879901,16.089048656365,11.6695017776474,6.28254529450837,10.6619998550326,8.45900744528603,9.48303900477643,3.13720658887286,9.61357185694379,8.42153779164599,7.48003515692586,4.9608877140102,3.94210700482218,0.0
